id,title,authors,first_published,latest_edition,category,site_domain,brief_shelf,group,tier,known_for,for_whom,why_recommended,aged,aged_note,recommended_by,recommended_by_urls
1,Just Enough Research,Erika Hall,2013,2nd ed. 2019,UX research,Design,UX and design,Research methods,A,"A short, opinionated case for doing the right amount of research, and how to start","Designers, PMs and founders without a research team","On the reading lists of Mind the Product, UX Mastery and the Interaction Design Foundation; the usual first research book",Still current,Current (2nd edition),"Mind the Product, The best product management books you should read in 2023; UX Mastery, UX books; Interaction Design Foundation, UX design books guide",https://www.mindtheproduct.com/the-best-product-management-books-you-should-read-in-2023 https://uxmastery.com/resources/books/ https://ixdf.org/literature/article/ux-design-books-guide
2,Interviewing Users,Steve Portigal,2013,2nd ed. 2023,UX research,Design,UX and design,Interviews and focus groups,A,"The standard guide to planning, running and making sense of user interviews","Anyone who talks to users, from new researchers to PMs","Listed by UX Mastery and Productboard; the second edition added analysis, research impact and remote work",Still current,Current (2nd edition),"UX Mastery, UX books; Productboard, 15 best books for product managers; Growth Method, Growth marketing books",https://uxmastery.com/resources/books/ https://www.productboard.com/blog/15-best-books-for-product-managers/ https://www.growthmethod.com/growth-marketing-books/
3,Rocket Surgery Made Easy,Steve Krug,2009,,UX research,Design,UX and design,Usability testing,B,Do-it-yourself usability testing in a morning a month,Small teams who have never run a test,"Krug's follow-up to Don't Make Me Think; on UX Mastery, IxDF and Giff Constable's lists",Dated in parts,Tools dated in parts; method still sound,,
4,Observing the User Experience,"Elizabeth Goodman, Mike Kuniavsky, Andrea Moed",2003,2nd ed. 2012,UX research,Design,UX and design,Research methods,B,"A broad handbook of research methods, from field visits to diary studies",Researchers who want a reference shelf book,Long-standing course text for user research methods,Dated in parts,Dated in parts (pre-remote tools),,
5,Handbook of Usability Testing,"Jeffrey Rubin, Dana Chisnell",1994,2nd ed. 2008,UX research,Design,UX and design,Usability testing,C,"The thorough, formal guide to planning and moderating usability tests",Researchers who need rigor and test plans,Classic reference; on UX Mastery's list,Dated in parts,Dated in parts; principles hold,,
6,Surveys That Work,Caroline Jarrett,2021,,UX research,Design,UX and design,Surveys and questionnaires,B,"How to design surveys that give answers you can trust, step by step","Anyone who writes questionnaires, including PMs and marketers",Rosenfeld Media; by a long-time survey methodologist; the modern go-to on survey design,Still current,Current,,
7,Practical Empathy,Indi Young,2015,,UX research,Design,UX and design,Interviews and focus groups,C,Listening sessions and cognitive empathy as a working method,Researchers and leaders who want deeper understanding of people,On Productboard's list; Young's earlier Mental Models (2008) is also well known,Still current,Current,,
8,Measuring the User Experience,"Bill Albert, Tom Tullis",2008,3rd ed. 2022,UX research,Design,UX and design,Research methods,B,"Collecting, analyzing and presenting usability metrics","Researchers and PMs who need numbers, not only stories",Standard metrics text in UX courses; on UX Mastery's list,Still current,Current (3rd edition),,
9,Think Like a UX Researcher,"David Travis, Philip Hodgson",2019,2nd ed. 2023 (cataloged 2024),UX research,Design,UX and design,Research methods,B,"Short essays on planning research, persuading teams and building a research career",Working researchers and the people who hire them,On the Interaction Design Foundation's list,Still current,Current (2nd edition),,
10,The User Experience Team of One,Leah Buley; 2nd ed. with Joe Natoli,2013,2nd ed. 2024,UX research,Design,UX and design,Research methods,B,A survival guide of methods for the lone designer or researcher,Solo designers in small companies,On UX Mastery and IxDF lists; often called a UX starter book,Still current,Current (2nd edition),,
11,Mapping Experiences,Jim Kalbach,2016,2nd ed. 2020,UX research,Design,UX and design,Journey maps,B,"Journey maps, service blueprints and other alignment diagrams, explained and compared",Designers and PMs who make maps for teams,The standard book on journey and experience mapping,Still current,Current (2nd edition),,
12,The Design of Everyday Things,Don Norman,1988,Revised and expanded 2013,UX design,Design,UX and design,UX process and the discipline,A,"Affordances, signifiers, feedback and why bad design is not the user's fault",Everyone who designs anything,"The founding text of the field; on UX Mastery, IxDF, Maze and Giff Constable's lists",Still current,Current in revised edition; first edition titled The Psychology of Everyday Things,"UX Mastery, UX books; Interaction Design Foundation, UX design books guide; Giff Constable, 21 books every product manager should know (2019)",https://uxmastery.com/resources/books/ https://ixdf.org/literature/article/ux-design-books-guide https://giffconstable.com/2019/08/21-books-every-product-manager-should-know/
13,Don't Make Me Think,Steve Krug,2000,3rd ed. (Revisited) 2014,UX design,Design,UX and design,UX process and the discipline,A,Plain-spoken web usability: make pages obvious and easy to scan,"Beginners, developers, PMs, anyone who ships screens","On UX Mastery, IxDF and Maze lists; the most common first UX book",Dated in parts,Examples dated; ideas current (read Revisited),"UX Mastery, UX books; Interaction Design Foundation, UX design books guide; Maze, UX design books",https://uxmastery.com/resources/books/ https://ixdf.org/literature/article/ux-design-books-guide https://maze.co/collections/ux-ui-design/ux-design-books/
14,The Elements of User Experience,Jesse James Garrett,2002,2nd ed. 2010,UX design,Design,UX and design,UX process and the discipline,A,"The five planes model, from strategy to surface",Newcomers who want the shape of the field,On UX Mastery and Maze lists; its diagram is still taught everywhere,Dated in parts,Dated in parts (web-only examples); model still used,"UX Mastery, UX books; Maze, UX design books",https://uxmastery.com/resources/books/ https://maze.co/collections/ux-ui-design/ux-design-books/
15,About Face,"Alan Cooper, Robert Reimann, David Cronin, Christopher Noessel",1995,4th ed. 2014,UX design,Design,UX and design,UX process and the discipline,B,The big reference on goal-directed interaction design,Interaction designers who want depth,"On UX Mastery, IxDF and Maze lists; Cooper popularized personas",Dated in parts,Dated in parts; still a reference,,
16,Lean UX,"Jeff Gothelf, Josh Seiden",2013,3rd ed. 2021,UX design,Design,UX and design,UX process and the discipline,A,Design as hypotheses and fast experiments inside agile teams,Designers and PMs in agile product teams,"On UX Mastery, IxDF and Giff Constable's lists; widely adopted vocabulary",Still current,Current (3rd edition),"UX Mastery, UX books; Interaction Design Foundation, UX design books guide; Giff Constable, 21 books every product manager should know (2019)",https://uxmastery.com/resources/books/ https://ixdf.org/literature/article/ux-design-books-guide https://giffconstable.com/2019/08/21-books-every-product-manager-should-know/
17,100 Things Every Designer Needs to Know About People,Susan Weinschenk,2011,2nd ed. 2020,UX design,Design,UX and design,UX process and the discipline,B,"Short, research-backed notes on perception, memory and motivation",Designers who want psychology in small doses,"On UX Mastery, IxDF and Maze lists",Still current,Current (2nd edition); some studies since questioned,,
18,Laws of UX,Jon Yablonski,2020,2nd ed. 2024,UX design,Design,UX and design,UX process and the discipline,B,"Named psychology principles (Fitts, Hick, Jakob) applied to interfaces",Designers who want a compact principles book,Grew from the popular lawsofux.com site; O'Reilly,Still current,Current (2nd edition),,
19,Change by Design,Tim Brown,2009,Revised 2019,UX design,Design,UX and design,Design thinking,B,IDEO's case for design thinking in organizations,Leaders and teams adopting design thinking,The best-known design thinking book; on Product-Led Alliance's discovery list,Dated in parts,Dated in parts; read the revised edition,,
20,Designing with the Mind in Mind,Jeff Johnson,2010,3rd ed. 2020,UX design,Design,UX and design,UX process and the discipline,B,The cognitive science behind interface guidelines,Designers who want to know why guidelines work,On the Interaction Design Foundation's list,Still current,Current (3rd edition),,
21,Articulating Design Decisions,Tom Greever,2015,2nd ed. 2020,UX design,Design,UX and design,UX process and the discipline,B,How designers explain and defend their work to stakeholders,Designers who present to executives and clients,O'Reilly; frequent pick for design communication,Still current,Current (2nd edition),,
22,This Is Service Design Doing,"Marc Stickdorn, Markus Edgar Hormess, Adam Lawrence, Jakob Schneider",2018,,UX design,Design,UX and design,Customer experience,C,A large practical handbook of service design methods,Service and CX designers,The standard service design reference,Still current,Current,,
23,Information Architecture: For the Web and Beyond,"Louis Rosenfeld, Peter Morville, Jorge Arango",1998,4th ed. 2015,UX design,Design,UX and design,Information architecture,A,"The 'polar bear book': organization, labelling, navigation and search","Anyone structuring a site, app or content set",On UX Mastery's list; reviewed by UXmatters as still relevant; the field's defining text,Still current,Current (4th edition); first edition titled for the World Wide Web,"UX Mastery, UX books; UXmatters, Information architecture in review, part 2 (2016)",https://uxmastery.com/resources/books/ https://www.uxmatters.com/mt/archives/2016/05/information-architecture-in-review-part-2.php
24,How to Make Sense of Any Mess,Abby Covert,2014,,UX design,Design,UX and design,Information architecture,B,"Information architecture for everybody, in short lessons",Beginners and non-designers,Widely recommended entry point to IA,Still current,Current,,
25,Card Sorting,Donna Spencer,2009,,UX design,Design,UX and design,Information architecture,C,"One method, card sorting, done properly",Designers organizing navigation,On UX Mastery's list; Rosenfeld Media,Still current,Current for the method; tool mentions dated,,
26,Everyday Information Architecture,Lisa Maria Marquis,2019,,UX design,Design,UX and design,Information architecture,C,"A short, modern IA primer for web teams",Web designers and content people,A Book Apart,Still current,Current,,
27,Strategic Writing for UX,Torrey Podmajersky,2019,2nd ed. 2025,UX design,Design,UX and design,UX writing,B,"Voice charts, UI text patterns and measuring the effect of words","UX writers, designers and PMs who write UI text",O'Reilly; a core UX writing text; the 2025 edition adds AI-generated content,Still current,Current (2nd edition),,
28,Microcopy: The Complete Guide,Kinneret Yifrah,2017,2nd ed. 2019,UX design,Design,UX and design,UX writing,B,"Buttons, errors, empty states and forms, with many examples",Anyone writing interface text,Frequently named on UX writing lists (for example UX Planet),Still current,Current,,
29,Content Design,Sarah Winters; 2nd ed. with Rachel Edwards,2017,2nd ed. 2022,UX design,Design,UX and design,UX writing,B,"Writing from user needs, from the person who defined the term at GOV.UK",Content designers and teams in government or large orgs,The founding text of content design,Still current,Current (2nd edition),,
30,Writing Is Designing,"Michael J. Metts, Andy Welfle",2020,,UX design,Design,UX and design,UX writing,B,"Words as part of the design process, not decoration",Designers and writers on product teams,Rosenfeld Media; common UX writing pick,Still current,Current,,
31,Content Strategy for the Web,"Kristina Halvorson, Melissa Rach",2009,2nd ed. 2012,UX design,Design,UX and design,UX writing,B,The book that made content strategy a discipline,Content and web teams,Long the default content strategy book,Dated in parts,Dated in parts; core ideas hold,,
32,Nicely Said,"Nicole Fenton, Kate Kiefer Lee",2014,,UX design,Design,UX and design,UX writing,C,Writing for the web with warmth and clarity,Writers and small teams,Popular style guide for web writing,Still current,Current,,
33,Refactoring UI,"Adam Wathan, Steve Schoger",2018,,UI design,Design,UX and design,Visual design principles,A,Practical visual design tactics for developers and designers,Developers and PMs who design screens; junior designers,Called the most recommended UI book on Untitled UI and uxfol.io lists; self-published,Still current,Current,"Untitled UI, UI design books; uxfol.io, The best UX/UI design books",https://www.untitledui.com/blog/ui-design-books https://blog.uxfol.io/ux-design-books/
34,The Non-Designer's Design Book,Robin Williams,1994,4th ed. 2014,UI design,Design,UX and design,Visual design principles,B,"Contrast, repetition, alignment and proximity, taught simply",Non-designers who need to make things look right,On UX Mastery's list; decades in print,Dated in parts,Examples dated; principles current,,
35,Thinking with Type,Ellen Lupton,2004,3rd ed. 2024,UI design,Design,UX and design,Visual design principles,B,The standard modern introduction to typography,Designers and anyone who sets type,A design-school staple; Princeton Architectural Press,Still current,Current (3rd edition),,
36,Interaction of Color,Josef Albers,1963,50th anniversary ed. 2013,UI design,Design,UX and design,Visual design principles,C,"How colors change each other, learned through exercises",Visual designers who want to see color,A Bauhaus-era classic; on Maze's list,Still current,Timeless; not about screens,,
37,Designing Interfaces,"Jenifer Tidwell, Charles Brewer, Aynne Valencia",2005,3rd ed. 2020,UI design,Design,UX and design,UI components and patterns,B,A catalogue of interface patterns and when to use them,Interaction and UI designers,On IxDF's list; O'Reilly,Still current,Current (3rd edition),,
38,Universal Principles of Design,"William Lidwell, Kritina Holden, Jill Butler",2003,3rd ed. 2023,UI design,Design,UX and design,Visual design principles,B,"An illustrated encyclopedia of design principles, two pages each",Designers who like a reference to dip into,On Maze's list; the 2023 edition grew to 200 entries,Still current,Current (3rd edition),,
39,Form Design Patterns,Adam Silver,2018,,UI design,Design,UX and design,UI components and patterns,C,"Accessible, robust form patterns for the web",Designers and front-end developers,Smashing Magazine,Still current,Current,,
40,Information Dashboard Design,Stephen Few,2006,2nd ed. 2013,UI design,Design,UX and design,Dashboard design,C,Dashboards that are read at a glance,Anyone building dashboards,The standard dashboard design book,Still current,Current; screenshots dated,,
41,Practical UI,Adham Dannaway,2022,2nd ed. 2024,UI design,Design,UX and design,Visual design principles,C,"Quick, rule-based UI guidelines with a Figma kit",Developers and designers who want rules of thumb,Self-published; popular on design social media,Still current,Current,,
42,The Visual Display of Quantitative Information,Edward Tufte,1983,2nd ed. 2001,UI design,Design,UX and design,Dashboard design,B,"Data-ink, chartjunk and the principles of graphical excellence",Anyone who shows data,On UX Mastery's list; the classic of data graphics,Still current,Timeless; print-era examples,,
43,Atomic Design,Brad Frost,2016,,Design systems,Design,UX and design,Building a design system,A,"Atoms, molecules, organisms: a way to build interfaces as systems",Designers and developers starting a design system,Named by zeroheight and UXPin as a core design system book; free to read online,Still current,Current; tooling examples dated,"zeroheight, Our favorite design systems books (July 2023); UXPin, If you're creating a design system, read these 6 books",https://zeroheight.com/?p=40897 https://uxpin.com/studio/blog/youre-creating-design-system-read-6-books
44,Design Systems,Alla Kholmatova,2017,,Design systems,Design,UX and design,Building a design system,B,"Functional and perceptual patterns, and how teams keep a system alive",Teams building or growing a system,Smashing Magazine; on design system reading lists,Still current,Current,,
45,Building Design Systems,"Sarrah Vesselov, Taurie Davis",2019,,Design systems,Design,UX and design,Building a design system,C,"Setting up, scaling and measuring a design system, from the GitLab team",Teams new to design systems,On zeroheight's list as a starting point,Still current,Current,,
46,Expressive Design Systems,Yesenia Perez-Cruz,2019,,Design systems,Design,UX and design,Building a design system,C,Keeping brand expression inside a system,Designers worried a system will feel bland,A Book Apart; on zeroheight's list,Still current,Current,,
47,Laying the Foundations,Andrew Couldwell,2019,,Design systems,Design,UX and design,Building a design system,C,Creating and documenting a system with brand at the center,Designers in small teams,Self-published; on zeroheight's list,Still current,Current,,
48,Design That Scales,Dan Mall,2023,,Design systems,Design,UX and design,Building a design system,C,Running a design system as a sustainable practice,Design system leads and managers,Rosenfeld Media; by a well-known design system consultant,Still current,Current,,
49,A Web for Everyone,"Sarah Horton, Whitney Quesenbery",2014,,Accessibility,Design,UX and design,Accessible design in practice,B,"Accessibility through personas and design principles, not checklists",Designers and PMs new to accessibility,Rosenfeld Media; long the standard design-side accessibility book,Dated in parts,Dated in parts (WCAG 2.0 era); principles hold,,
50,Accessibility for Everyone,Laura Kalbag,2017,,Accessibility,Design,UX and design,Guidelines and compliance,B,"A short, friendly introduction to accessible web work",Web designers and developers,A Book Apart,Dated in parts,Dated in parts (pre WCAG 2.2),,
51,Inclusive Design Patterns,Heydon Pickering,2016,,Accessibility,Design,UX and design,Accessible design in practice,B,Accessible patterns for common interface components,Front-end developers and UI designers,Smashing Magazine; by a leading accessibility practitioner,Still current,Current; code dated in places,,
52,Inclusive Components,Heydon Pickering,2019,,Accessibility,Design,UX and design,Accessible design in practice,C,Deep dives on building accessible components one by one,Front-end developers,Grew from the author's widely cited blog,Still current,Current,,
53,Mismatch,Kat Holmes,2018,,Accessibility,Design,UX and design,Accessible design in practice,B,"Inclusion as a design driver: design for one, extend to many","Designers, PMs and leaders",MIT Press; influential on inclusive design programs,Still current,Current,,
54,Practical Web Inclusion and Accessibility,Ashley Firth,2019,,Accessibility,Design,UX and design,Testing and tools,C,A practitioner's guide covering many disability types and tests,Developers and testers,Apress; by an accessibility lead at a large UK company,Dated in parts,Dated in parts,,
55,Inspired,Marty Cagan,2008,2nd ed. 2017,Product management,Product,Product management,The discipline,A,How strong product teams discover and deliver products customers love,"Every product manager, new or senior","Recommended by Mind the Product, Lenny's Newsletter, Productboard and The Product Compass; often called the PM's first book",Still current,Current (2nd edition),"Mind the Product, The best product management books you should read in 2023; Lenny's Newsletter, Essential books for product builders, part 1 (May 2026); Productboard, 15 best books for product managers",https://www.mindtheproduct.com/the-best-product-management-books-you-should-read-in-2023 https://www.lennysnewsletter.com/p/essential-books-for-product-builderspart https://www.productboard.com/blog/15-best-books-for-product-managers/
56,Empowered,"Marty Cagan, Chris Jones",2020,,Product management,Product,Product management,The discipline,A,Empowered teams and the leaders who coach them,Product leaders and managers of PMs,"Recommended by Mind the Product, Lenny's Newsletter and Productboard",Still current,Current,"Lenny's Newsletter, Essential books for product builders, part 1 (May 2026); Mind the Product, The best product management books you should read in 2023; Productboard, 15 best books for product managers",https://www.lennysnewsletter.com/p/essential-books-for-product-builderspart https://www.mindtheproduct.com/the-best-product-management-books-you-should-read-in-2023 https://www.productboard.com/blog/15-best-books-for-product-managers/
57,Transformed,"Marty Cagan, with Lea Hickman, Christian Idiodi, Chris Jones, Jon Moore",2024,,Product management,Product,Product management,The discipline,B,Moving a company to the product operating model,Leaders running a product transformation,SVPG series; the newest of the Cagan books,Still current,Current,,
58,Escaping the Build Trap,Melissa Perri,2018,,Product management,Product,Product management,The discipline,A,Why output-focused companies fail and how to manage for outcomes,PMs and leaders in feature-factory companies,"Recommended by Lenny's Newsletter, Mind the Product, Giff Constable and The Product Compass",Still current,Current,"Lenny's Newsletter, Essential books for product builders, part 1 (May 2026); Mind the Product, The best product management books you should read in 2023; Giff Constable, 21 books every product manager should know (2019)",https://www.lennysnewsletter.com/p/essential-books-for-product-builderspart https://www.mindtheproduct.com/the-best-product-management-books-you-should-read-in-2023 https://giffconstable.com/2019/08/21-books-every-product-manager-should-know/
59,Working Backwards,"Colin Bryar, Bill Carr",2021,,Product management,Product,Product management,The discipline,A,"Amazon's mechanisms: the press release first, six-pagers, single-threaded leaders",PMs and leaders who want proven operating habits,In SVPG's top ten and Lenny's essential list,Still current,Current,"SVPG, recommended reading (top ten product books); Lenny's Newsletter, Essential books for product builders, part 1 (May 2026)",https://www.svpg.com/recommended-reading/ https://www.lennysnewsletter.com/p/essential-books-for-product-builderspart
60,Build,Tony Fadell,2022,,Product management,Product,Product management,The discipline,B,Lessons on building products and careers from the iPod and Nest,"Builders, PMs and first-time leaders",In SVPG's top ten and Lenny's essential list,Still current,Current,,
61,Creative Selection,Ken Kocienda,2018,,Product management,Product,Product management,The discipline,B,How Apple's demo culture shaped the first iPhone software,Designers and PMs curious about craft culture,In SVPG's top ten,Still current,Current (a memoir),,
62,Product Management in Practice,Matt LeMay,2017,2nd ed. 2022,Product management,Product,Product management,"Roles (PM, PO, APM, TPM)",B,"The day-to-day reality of the PM job, communication first",New and aspiring PMs,Recommended by Mind the Product and Productboard,Still current,Current (2nd edition),,
63,Cracking the PM Interview,"Gayle Laakmann McDowell, Jackie Bavaro",2013,,Product management,Product,Product management,"Roles (PM, PO, APM, TPM)",B,Preparing for PM interviews at tech companies,Candidates for PM roles,The best-known PM interview book,Dated in parts,Dated in parts; interview formats have moved on,,
64,Cracking the PM Career,"Jackie Bavaro, Gayle Laakmann McDowell",2021,,Product management,Product,Product management,"Roles (PM, PO, APM, TPM)",B,The skills and career ladder of product management,PMs planning their next level,Companion to Cracking the PM Interview,Still current,Current,,
65,Product Leadership,"Richard Banfield, Martin Eriksson, Nate Walkingshaw",2017,,Product management,Product,Product management,"Roles (PM, PO, APM, TPM)",B,Interviews with product leaders on what the head-of-product job involves,New heads of product,Co-written by the co-founder of Mind the Product; O'Reilly,Still current,Current,,
66,Strong Product People,Petra Wille,2020,,Product management,Product,Product management,"Roles (PM, PO, APM, TPM)",C,Coaching and developing product managers,Managers of PMs,On Mind the Product's list for leaders,Still current,Current,,
67,Product Operations,"Melissa Perri, Denise Tilles",2023,,Product management,Product,Product management,Product operations and process improvement,C,What product ops is and how to set it up,Product leaders scaling a product org,The first well-known book on product operations,Still current,Current,,
68,Good Strategy Bad Strategy,Richard Rumelt,2011,,Product strategy,Product,Product management,Strategy,A,"The kernel of strategy: diagnosis, guiding policy, coherent action",Anyone who writes or judges a strategy,"On Lenny's essential list, Giff Constable's PM list and Hyper Island's strategy list",Still current,Current,"Lenny's Newsletter, Essential books for product builders, part 1 (May 2026); Giff Constable, 21 books every product manager should know (2019); Hyper Island, Top 7 strategy books that actually deliver value",https://www.lennysnewsletter.com/p/essential-books-for-product-builderspart https://giffconstable.com/2019/08/21-books-every-product-manager-should-know/ https://hyperisland.com/en/blog/hyper-insights/top-7-strategy-books-that-actually-deliver-value
69,Playing to Win,"A.G. Lafley, Roger L. Martin",2013,,Product strategy,Product,Product management,Strategy,A,"Strategy as a cascade of choices, from where to play to how to win",PMs and leaders setting direction,On Lenny's essential list and Hyper Island's strategy list,Still current,Current,"Lenny's Newsletter, Essential books for product builders, part 1 (May 2026); Hyper Island, Top 7 strategy books that actually deliver value",https://www.lennysnewsletter.com/p/essential-books-for-product-builderspart https://hyperisland.com/en/blog/hyper-insights/top-7-strategy-books-that-actually-deliver-value
70,7 Powers,Hamilton Helmer,2016,,Product strategy,Product,Product management,Strategy,B,Seven lasting sources of competitive advantage,Founders and senior PMs,On Giff Constable's list; popular with investors,Still current,Current,,
71,Blue Ocean Strategy,"W. Chan Kim, Renée Mauborgne",2005,Expanded ed. 2015,Product strategy,Product,Product management,Strategy,B,Creating uncontested market space instead of fighting rivals,Strategists and founders,Global bestseller; on Hyper Island's strategy list,Still current,Current in expanded edition,,
72,Product Roadmaps Relaunched,"C. Todd Lombardo, Bruce McCarthy, Evan Ryan, Michael Connors",2017,,Product strategy,Product,Product management,Roadmaps,B,"Theme-based, outcome-led roadmaps",PMs who own a roadmap,On Productboard's list; O'Reilly,Still current,Current,,
73,Outcomes Over Output,Josh Seiden,2019,,Product strategy,Product,Product management,Strategy,B,Defining success as changes in customer behavior,PMs and leaders setting goals,"On Mind the Product's list; a short, much-quoted book",Still current,Current,,
74,The Lean Product Playbook,Dan Olsen,2015,,Product strategy,Product,Product management,Product-market fit,B,A step-by-step route to product-market fit,PMs and founders before fit,On The Product Compass and Product-Led Alliance discovery lists,Still current,Current,,
75,Continuous Discovery Habits,Teresa Torres,2021,,Product discovery,Product,Product management,Discovery and value proposition,A,Weekly customer touchpoints and the opportunity solution tree,"Product trios: PM, designer, engineer","In SVPG's top ten; on Lenny's, Mind the Product's and The Product Compass's lists",Still current,Current,"SVPG, recommended reading (top ten product books); Lenny's Newsletter, Essential books for product builders, part 1 (May 2026); Mind the Product, The best product management books you should read in 2023",https://www.svpg.com/recommended-reading/ https://www.lennysnewsletter.com/p/essential-books-for-product-builderspart https://www.mindtheproduct.com/the-best-product-management-books-you-should-read-in-2023
76,The Mom Test,Rob Fitzpatrick,2013,,Product discovery,Product,Product management,Discovery and value proposition,A,How to ask customers questions they cannot lie to you about,Founders and PMs doing customer interviews,"On Lenny's essential list, UX Mastery and The Product Compass",Still current,Current,"Lenny's Newsletter, Essential books for product builders, part 1 (May 2026); UX Mastery, UX books; The Product Compass, Top 9 product discovery books",https://www.lennysnewsletter.com/p/essential-books-for-product-builderspart https://uxmastery.com/resources/books/ https://www.productcompass.pm/p/at-least-half-of-your-ideas-will
77,Sprint,"Jake Knapp, John Zeratsky, Braden Kowitz",2016,,Product discovery,Product,Product management,Discovery and value proposition,A,The five-day design sprint from Google Ventures,Teams that need a fast answer to a big question,On The Product Compass and Product-Led Alliance discovery lists; made the design sprint a common practice,Still current,Current,"The Product Compass, Top 9 product discovery books; Product-Led Alliance, Top 11 books for product discovery",https://www.productcompass.pm/p/at-least-half-of-your-ideas-will https://www.productledalliance.com/top-11-books-for-product-discovery/
78,User Story Mapping,Jeff Patton,2014,,Product discovery,Product,Product management,User stories,A,Story maps for shared understanding and release slicing,"PMs, POs and designers in agile teams",On UX Mastery's and Giff Constable's lists; the standard story mapping book,Still current,Current,"UX Mastery, UX books; Giff Constable, 21 books every product manager should know (2019)",https://uxmastery.com/resources/books/ https://giffconstable.com/2019/08/21-books-every-product-manager-should-know/
79,Running Lean,Ash Maurya,2010,3rd ed. 2022,Product discovery,Product,Product management,Discovery and value proposition,B,The Lean Canvas and a systematic way to test a business,Founders and new-product PMs,"Self-published 2010, O'Reilly 2012; the Lean Canvas is widely used",Still current,Current (3rd edition),,
80,Competing Against Luck,"Clayton M. Christensen, Taddy Hall, Karen Dillon, David S. Duncan",2016,,Product discovery,Product,Product management,Jobs to be done,B,"Jobs to be done, explained by the theory's best-known advocate","PMs, marketers and strategists",The most widely read jobs-to-be-done book,Still current,Current,,
81,The Jobs To Be Done Playbook,Jim Kalbach,2020,,Product discovery,Product,Product management,Jobs to be done,B,Practical JTBD techniques across the product lifecycle,"Practitioners who want methods, not theory",On Productboard's list; Rosenfeld Media,Still current,Current,,
82,Jobs to Be Done: Theory to Practice,Anthony W. Ulwick,2016,,Product discovery,Product,Product management,Jobs to be done,C,"Outcome-driven innovation, the quantitative JTBD school",Strategists and researchers,On The Product Compass discovery list,Still current,Current,,
83,When Coffee and Kale Compete,Alan Klement,2016,2nd ed. 2018,Product discovery,Product,Product management,Jobs to be done,C,The progress-making school of JTBD,PMs and designers exploring JTBD,Free online; widely shared in JTBD circles,Still current,Current,,
84,Value Proposition Design,"Alexander Osterwalder, Yves Pigneur, Gregory Bernarda, Alan Smith",2014,,Product discovery,Product,Product management,Discovery and value proposition,B,The value proposition canvas and how to test fit,"Founders, PMs and innovation teams",Strategyzer series; companion to Business Model Generation,Still current,Current,,
85,Testing Business Ideas,"David J. Bland, Alexander Osterwalder",2019,,Product discovery,Product,Product management,Discovery and value proposition,B,A library of 44 experiments for testing ideas,Teams running discovery experiments,On The Product Compass discovery list,Still current,Current,,
86,User Stories Applied,Mike Cohn,2004,,Product discovery,Product,Product management,User stories,B,Writing good user stories and acceptance criteria,"POs, PMs and developers",The classic user story text,Dated in parts,Dated in parts; still the reference,,
87,Evidence-Guided,Itamar Gilad,2023,,Product discovery,Product,Product management,Discovery and value proposition,C,The GIST model and the confidence meter for evidence-based decisions,PMs and product leaders,Popular among product coaches; by a former Google PM,Still current,Current,,
88,The Goal,"Eliyahu M. Goldratt, Jeff Cox",1984,30th anniversary ed. 2014,Project management,Product,Product management,Methods and phases,A,The theory of constraints told as a factory novel,Anyone managing flow of work,On TIME's 25 most influential business management books and Lenny's essential list,Still current,Timeless; factory setting,"TIME, The 25 most influential business management books (2011); Lenny's Newsletter, Essential books for product builders, part 1 (May 2026)","https://content.time.com/time/specials/packages/completelist/0,29569,2086680,00.html https://www.lennysnewsletter.com/p/essential-books-for-product-builderspart"
89,The Mythical Man-Month,Frederick P. Brooks Jr.,1975,Anniversary ed. 1995,Project management,Product,Product management,Methods and phases,B,Brooks's law and why adding people to a late project makes it later,PMs and engineering leaders,Described by its publisher as a fixture of every software engineer's shelf; the 1995 edition adds No Silver Bullet,Dated in parts,Dated in parts; core lessons timeless,,
90,Scrum: The Art of Doing Twice the Work in Half the Time,"Jeff Sutherland, J.J. Sutherland",2014,,Project management,Product,Product management,Scrum and sprints,B,The co-creator's story of Scrum and why it works,Teams and managers adopting Scrum,Bestseller by a co-author of the Scrum Guide,Still current,Current; read with the Scrum Guide,,
91,Shape Up,Ryan Singer,2019,,Project management,Product,Product management,Methods and phases,B,"Basecamp's six-week cycles, appetites and shaping",Teams tired of backlog-driven sprints,Free online from Basecamp; widely discussed alternative to Scrum,Still current,Current,,
92,The Phoenix Project,"Gene Kim, Kevin Behr, George Spafford",2013,5th anniversary ed. 2018,Project management,Product,Product management,Methods and phases,B,DevOps and flow taught as a novel about a failing IT project,PMs and leaders working with engineering,Long-running bestseller in tech,Still current,Current,,
93,Accelerate,"Nicole Forsgren, Jez Humble, Gene Kim",2018,,Project management,Product,Product management,Methods and phases,B,The research behind the four key delivery metrics,Engineering and product leaders,In SVPG's top ten; the basis of the DORA metrics,Still current,Current,,
94,The Principles of Product Development Flow,Donald G. Reinertsen,2009,,Project management,Product,Product management,Methods and phases,B,"Queues, batch size and cost of delay in product work",Senior PMs and delivery leads who like rigor,Highly regarded in lean and agile circles,Still current,Current; dense,,
95,Kanban,David J. Anderson,2010,,Project management,Product,Product management,Kanban,C,The Kanban method for knowledge work,Teams and managers adopting Kanban,The founding book of the Kanban method,Still current,Current,,
96,A Guide to the Project Management Body of Knowledge (PMBOK Guide),Project Management Institute,1996,8th ed. 2025,Project management,Product,Product management,Methods and phases,C,The PMI standard behind the PMP exam,Project managers seeking certification,The most widely used project management standard,Still current,Current only in the 8th edition (Nov 2025),,
97,Lean Analytics,"Alistair Croll, Benjamin Yoskovitz",2013,,Product metrics,Business,Product management,OKRs and KPIs,A,The one metric that matters and metrics by business model and stage,Founders and PMs choosing what to measure,On growth reading lists from Marketful and Grow with Ward; O'Reilly Lean series,Dated in parts,Dated in parts (benchmarks); framework current,"Marketful, Best growth marketing books; Grow with Ward, Growth hacking books",https://marketful.com/growth-marketing-books https://www.growwithward.com/growth-hacking-books
98,Measure What Matters,John Doerr,2018,,Product metrics,Business,Product management,OKRs and KPIs,A,"OKRs from Intel to Google, with case stories",Leaders and teams adopting OKRs,"Endorsed by Bill Gates as a manager's book (Fortune, 2018); listed by The CTO Club",Still current,Current,"Fortune, Bill Gates says every manager should read this book (2018); The CTO Club, Best tech leadership books",https://fortune.com/2018/05/18/bill-gates-says-every-manager-should-read-this-book https://thectoclub.com/news/tech-leadership-books
99,Radical Focus,Christina Wodtke,2015,2nd ed. 2021,Product metrics,Business,Product management,OKRs and KPIs,B,OKRs taught through a short startup fable,Small teams starting with OKRs,"On Productboard's, Giff Constable's and The Product Compass's lists",Still current,Current (2nd edition),,
100,Trustworthy Online Controlled Experiments,"Ron Kohavi, Diane Tang, Ya Xu",2020,,Product metrics,Business,Product management,Experimentation and A/B testing,B,How to run A/B tests that give trustworthy answers,"Analysts, PMs and growth teams","By experimentation leads from Microsoft, Google and LinkedIn; the A/B testing reference",Still current,Current,,
101,Experimentation Works,Stefan H. Thomke,2020,,Product metrics,Business,Product management,Experimentation and A/B testing,C,Building a culture of business experiments,Leaders funding experimentation,Harvard Business Review Press; on Growth Method's list,Still current,Current,,
102,How to Measure Anything,Douglas W. Hubbard,2007,3rd ed. 2014,Product metrics,Business,Product management,OKRs and KPIs,B,Measuring 'intangibles' to reduce uncertainty in decisions,PMs and analysts facing fuzzy goals,Well-regarded decision-analysis classic,Still current,Current,,
103,Storytelling with Data,Cole Nussbaumer Knaflic,2015,,Product metrics,Business,Product management,OKRs and KPIs,B,Choosing charts and telling a clear story with data,Anyone presenting numbers,Bestselling data presentation book,Still current,Current,,
104,The Ultimate Question 2.0,"Fred Reichheld, Rob Markey",2011,,Product metrics,Business,Product management,"Satisfaction metrics (NPS, CSAT)",C,Net Promoter Score and the system around it,CX and product leaders using NPS,By NPS's creator; the first edition (2006) introduced the score in book form,Dated in parts,Dated in parts; NPS criticism worth reading alongside,,
105,Hacking Growth,"Sean Ellis, Morgan Brown",2017,,Growth and pricing,Business,Marketing and growth,Growth and funnels,A,The growth team process of fast experiments across the funnel,"Growth PMs, marketers and founders",On growth reading lists from Marketful and Grow with Ward; Ellis coined 'growth hacking',Still current,Current; some tactics dated,"Marketful, Best growth marketing books; Grow with Ward, Growth hacking books",https://marketful.com/growth-marketing-books https://www.growwithward.com/growth-hacking-books
106,Traction,"Gabriel Weinberg, Justin Mares",2014,Portfolio ed. 2015,Growth and pricing,Business,Marketing and growth,Growth and funnels,A,The Bullseye framework across nineteen acquisition channels,Founders looking for their first channel,Top pick on Growth Method's list; also on Marketful and Grow with Ward,Dated in parts,Channel details dated in parts,"Growth Method, Growth marketing books; Marketful, Best growth marketing books; Grow with Ward, Growth hacking books",https://www.growthmethod.com/growth-marketing-books/ https://marketful.com/growth-marketing-books https://www.growwithward.com/growth-hacking-books
107,Monetizing Innovation,"Madhavan Ramanujam, Georg Tacke",2016,,Growth and pricing,Business,Marketing and growth,Pricing strategy,A,"Design the product around the price, not the other way round",PMs and founders before launch,On Giff Constable's PM list; Lenny's Newsletter calls Ramanujam the author of the definitive pricing book,Still current,Current,"Giff Constable, 21 books every product manager should know (2019); Lenny's Newsletter, Pricing and scaling your AI product, with Madhavan Ramanujam",https://giffconstable.com/2019/08/21-books-every-product-manager-should-know/ https://www.lennysnewsletter.com/p/pricing-and-scaling-your-ai-product-madhavan-ramanujam
108,Confessions of the Pricing Man,Hermann Simon,2015,,Growth and pricing,Business,Marketing and growth,Pricing strategy,B,A readable tour of pricing psychology and practice,PMs and leaders new to pricing,By the founder of Simon-Kucher,Still current,Current,,
109,The Strategy and Tactics of Pricing,"Thomas T. Nagle, Georg Müller, Evert Gruyaert (earlier eds. with Reed K. Holden)",1987,7th ed. 2023,Growth and pricing,Business,Marketing and growth,Pricing strategy,C,The value-based pricing textbook,Pricing specialists and MBA students,The standard pricing textbook,Still current,Current (7th edition),,
110,The Cold Start Problem,Andrew Chen,2021,,Growth and pricing,Business,Marketing and growth,Growth and funnels,B,How network effects start and scale,PMs of marketplaces and social products,By an a16z partner and former Uber growth lead,Still current,Current,,
111,Product-Led Growth,Wes Bush,2019,,Growth and pricing,Business,Marketing and growth,Growth and funnels,B,Using the product itself to acquire and convert users,SaaS PMs and founders,The book that popularized the term for SaaS,Still current,Current,,
112,Business Model Generation,"Alexander Osterwalder, Yves Pigneur",2010,,Growth and pricing,Business,Marketing and growth,Business models and unit economics,A,The Business Model Canvas,"Founders, PMs and strategy teams","Self-published 2009, Wiley 2010; over a million copies by 2014 per the publisher; named by USA Today among the best business books (per its distributor)",Still current,Current,"Press release on one million copies sold (2014); Business Models Inc, books page (USA Today best business books mention, via search listing)",https://kyodonewsprwire.jp/release/201411195685 https://www.businessmodelsinc.com/en/inspiration/books/Business-Model-Generation
113,Platform Revolution,"Geoffrey G. Parker, Marshall W. Van Alstyne, Sangeet Paul Choudary",2016,,Growth and pricing,Business,Marketing and growth,Business models and unit economics,C,How platform businesses work and win,Strategists and marketplace PMs,Widely cited on platform strategy,Still current,Current,,
114,Obviously Awesome,April Dunford,2019,,Product marketing,Business,Marketing and growth,Positioning and messaging,A,A step-by-step positioning method for products,"PMs, product marketers and founders","On Lenny's essential list, Mind the Product's list and Giff Constable's list",Still current,Current,"Lenny's Newsletter, Essential books for product builders, part 1 (May 2026); Mind the Product, The best product management books you should read in 2023; Giff Constable, 21 books every product manager should know (2019)",https://www.lennysnewsletter.com/p/essential-books-for-product-builderspart https://www.mindtheproduct.com/the-best-product-management-books-you-should-read-in-2023 https://giffconstable.com/2019/08/21-books-every-product-manager-should-know/
115,Sales Pitch,April Dunford,2023,,Product marketing,Business,Marketing and growth,Positioning and messaging,B,Turning positioning into a sales story,Product marketers and founders who sell,Follow-up to Obviously Awesome,Still current,Current,,
116,Positioning: The Battle for Your Mind,"Al Ries, Jack Trout",1981,20th anniversary ed. 2001,Product marketing,Business,Marketing and growth,Positioning and messaging,A,The idea that positioning happens in the buyer's mind,"Marketers, founders, PMs","Voted best marketing book by Advertising Age readers (2009, per the author's site); on LaunchNotes' product marketing list",Dated in parts,Examples dated; idea timeless,"Ries & Ries, About (timeline noting the 2009 Advertising Age reader vote; author's own site); LaunchNotes, Top 10 best product marketing books",https://www.ries.com/about/ https://www.launchnotes.com/blog/top-10-best-product-marketing-books-to-read
117,Crossing the Chasm,Geoffrey A. Moore,1991,3rd ed. 2014,Product marketing,Business,Marketing and growth,Go-to-market,A,The gap between early adopters and the mainstream in tech markets,"B2B founders, PMs and marketers",On LaunchNotes' and Growth Method's lists; standard reading for tech go-to-market,Still current,Current in 3rd edition,"LaunchNotes, Top 10 best product marketing books; Growth Method, Growth marketing books",https://www.launchnotes.com/blog/top-10-best-product-marketing-books-to-read https://www.growthmethod.com/growth-marketing-books/
118,Loved,Martina Lauchengco,2022,,Product marketing,Business,Marketing and growth,Go-to-market,B,Rethinking product marketing for tech products,Product marketers and PMs,Part of the SVPG series,Still current,Current,,
119,Made to Stick,"Chip Heath, Dan Heath",2007,,Product marketing,Business,Marketing and growth,Positioning and messaging,B,Why some ideas are remembered: the SUCCESs traits,Anyone who has to communicate an idea,Long-running bestseller; on Marketful's list and many messaging lists,Still current,Current,,
120,Building a StoryBrand,Donald Miller,2017,2.0 ed. 2025,Product marketing,Business,Marketing and growth,Positioning and messaging,B,A story framework for clear brand messaging,Small business owners and marketers,Over a million copies of the first edition per the publisher,Still current,Current in 2.0 edition,,
121,This Is Marketing,Seth Godin,2018,,Product marketing,Business,Marketing and growth,Go-to-market,B,Marketing as serving a smallest viable audience,Founders and makers who dislike hype,On Marketful's list; Godin's most complete book on marketing,Still current,Current,,
122,Purple Cow,Seth Godin,2003,,Product marketing,Business,Marketing and growth,Go-to-market,B,Be remarkable or be invisible,Founders and marketers,On Lenny's essential list,Dated in parts,Examples dated; idea current,,
123,Contagious,Jonah Berger,2013,,Product marketing,Business,Marketing and growth,Growth and funnels,B,Why things catch on: six research-based drivers of sharing,Marketers and growth PMs,On Marketful's and Grow with Ward's lists,Still current,Current,,
124,Badass: Making Users Awesome,Kathy Sierra,2015,,Product marketing,Business,Marketing and growth,Product-led growth,B,"Make users better at what they want to do, not just like the product","PMs, designers and marketers",A cult favorite among product people,Still current,Current,,
125,How Brands Grow,Byron Sharp,2010,,Product marketing,Business,Marketing and growth,Go-to-market,B,Evidence on mental and physical availability over loyalty,Marketers and brand-minded PMs,Influential evidence-based marketing book from the Ehrenberg-Bass Institute,Still current,Current,,
126,Demand-Side Sales 101,"Bob Moesta, Greg Engle",2020,,Product marketing,Business,Marketing and growth,Go-to-market,C,Selling by understanding the customer's struggle (JTBD for sales),Founders and sales-minded PMs,On Growth Method's list; by a JTBD pioneer,Still current,Current,,
127,High Output Management,Andrew S. Grove,1983,2nd ed. 1995,Leadership and teams,Business,Leadership and management,Team structure and org design,A,"Management as output, leverage, one-on-ones and meetings",New and experienced managers,On Lenny's essential list and Giff Constable's list; Ben Horowitz wrote the foreword to later printings,Still current,Timeless; Intel-era examples,"Lenny's Newsletter, Essential books for product builders, part 1 (May 2026); Giff Constable, 21 books every product manager should know (2019); The CTO Club, Best tech leadership books",https://www.lennysnewsletter.com/p/essential-books-for-product-builderspart https://giffconstable.com/2019/08/21-books-every-product-manager-should-know/ https://thectoclub.com/news/tech-leadership-books
128,The Making of a Manager,Julie Zhuo,2019,,Leadership and teams,Business,Leadership and management,Career ladders,A,"The first years of managing, from a former Facebook design VP","New managers, especially designers and PMs",In SVPG's top ten; on Lenny's and Mind the Product's lists,Still current,Current,"SVPG, recommended reading (top ten product books); Lenny's Newsletter, Essential books for product builders, part 1 (May 2026); Mind the Product, The best product management books you should read in 2023",https://www.svpg.com/recommended-reading/ https://www.lennysnewsletter.com/p/essential-books-for-product-builderspart https://www.mindtheproduct.com/the-best-product-management-books-you-should-read-in-2023
129,Radical Candor,Kim Scott,2017,Revised ed. 2019,Leadership and teams,Business,Leadership and management,Team structure and org design,A,"Care personally, challenge directly: a framework for feedback",Managers and team leads,On Lenny's essential list and The CTO Club's leadership list,Still current,Current,"Lenny's Newsletter, Essential books for product builders, part 1 (May 2026); The CTO Club, Best tech leadership books",https://www.lennysnewsletter.com/p/essential-books-for-product-builderspart https://thectoclub.com/news/tech-leadership-books
130,The Five Dysfunctions of a Team,Patrick Lencioni,2002,,Leadership and teams,Business,Leadership and management,Team structure and org design,A,"Trust, conflict, commitment, accountability and results, told as a fable",Team leads and managers,Multi-million seller per publisher figures; on The CTO Club's and Techstars' leadership lists,Still current,Timeless,"The CTO Club, Best tech leadership books",https://thectoclub.com/news/tech-leadership-books
131,Turn the Ship Around!,L. David Marquet,2012,,Leadership and teams,Business,Leadership and management,Team structure and org design,B,Leader-leader: pushing authority to the people with information,Leaders who want empowered teams,Popular in agile and product circles,Still current,Current,,
132,Multipliers,Liz Wiseman,2010,Revised ed. 2017,Leadership and teams,Business,Leadership and management,Team structure and org design,B,Leaders who amplify or diminish the intelligence around them,Managers and senior ICs,On Giff Constable's list,Still current,Current,,
133,The Manager's Path,Camille Fournier,2017,,Leadership and teams,Business,Leadership and management,Career ladders,B,Each stage of an engineering management career,Engineering managers and those who work with them,O'Reilly; standard engineering management book,Still current,Current,,
134,Crucial Conversations,"Joseph Grenny, Kerry Patterson, Ron McMillan, Al Switzler, Emily Gregory",2002,3rd ed. 2021,Leadership and teams,Business,Leadership and management,Stakeholders and change management,B,Talking when stakes are high and opinions differ,Everyone at work,Long-running bestseller; widely used in corporate training,Still current,Current (3rd edition),,
135,Difficult Conversations,"Douglas Stone, Bruce Patton, Sheila Heen",1999,10th anniversary ed. 2010,Leadership and teams,Business,Leadership and management,Stakeholders and change management,B,The three conversations inside every hard talk,Managers and anyone handling conflict,From the Harvard Negotiation Project,Still current,Current,,
136,Start with Why,Simon Sinek,2009,,Leadership and teams,Business,Leadership and management,Vision and mission statements,B,"The golden circle: why, how, what",Leaders writing vision and mission,Behind one of the most-watched TED talks; million-copy bestseller,Still current,Current; evidence thin in parts,,
137,Team Topologies,"Matthew Skelton, Manuel Pais",2019,2nd ed. 2025,Leadership and teams,Business,Leadership and management,Team structure and org design,B,Four team types and three interaction modes for software orgs,Product and engineering leaders designing teams,IT Revolution; widely adopted vocabulary,Still current,Current (2nd edition),,
138,Org Design for Design Orgs,"Peter Merholz, Kristin Skinner",2016,,Leadership and teams,Business,Leadership and management,Team structure and org design,B,Structuring and growing in-house design teams,Design leaders,O'Reilly; the standard book on design org design,Still current,Current,,
139,Influence Without Authority,"Allan R. Cohen, David L. Bradford",1990,3rd ed. 2017,Leadership and teams,Business,Leadership and management,Stakeholders and change management,B,Getting things done through exchange and reciprocity,PMs and designers who lead without power,A management classic; core to the PM's stakeholder role,Still current,Current,,
140,Leading Change,John P. Kotter,1996,New preface 2012,Leadership and teams,Business,Leadership and management,Stakeholders and change management,B,The eight-stage process for organizational change,Leaders running a change,On TIME's 25 most influential business management books,Still current,Current,,
141,Switch,"Chip Heath, Dan Heath",2010,,Leadership and teams,Business,Leadership and management,Stakeholders and change management,B,"Change through the rider, the elephant and the path",Anyone trying to change behavior,Bestseller; draws on behavioral research,Still current,Current,,
142,The Coaching Habit,Michael Bungay Stanier,2016,,Leadership and teams,Business,Leadership and management,Career ladders,B,Seven questions to coach in ten minutes,Managers who give too much advice,Bestselling short coaching book,Still current,Current,,
143,"Creativity, Inc.","Ed Catmull, Amy Wallace",2014,Expanded ed. 2023,Leadership and teams,Business,Leadership and management,Team structure and org design,B,Pixar's culture of candor and creative teams,Leaders of creative teams,On Giff Constable's list,Still current,Current,,
144,Dare to Lead,Brené Brown,2018,,Leadership and teams,Business,Leadership and management,Team structure and org design,B,"Courage, vulnerability and trust as leadership skills",Managers and leaders,On Productboard's list,Still current,Current,,
145,"Thinking, Fast and Slow",Daniel Kahneman,2011,,Psychology and behavioral science,(brief shelf),Psychology and behavioral science,,A,"System 1 and System 2, heuristics and biases",Everyone who designs for or decides about people,New York Times Book Review ten best of 2011 and Economist books of the year (per publisher); on Giff Constable's list,Dated in parts,Mostly current; some priming studies did not replicate,"Publisher description carrying the 2011 honors (Powell's listing); Giff Constable, 21 books every product manager should know (2019)",https://www2.powells.com/book/-9780374533557 https://giffconstable.com/2019/08/21-books-every-product-manager-should-know/
146,Influence,Robert B. Cialdini,1984,New and expanded ed. 2021,Psychology and behavioral science,(brief shelf),Psychology and behavioral science,,A,"The principles of persuasion: reciprocity, commitment, social proof and more","Designers, marketers and PMs",Picked by Dan Ariely on Five Books; on UX Mastery and Marketful lists,Still current,Current in 2021 edition,"Five Books, Dan Ariely on behavioral economics; UX Mastery, UX books; Marketful, Best growth marketing books",https://fivebooks.com/best-books/behavioural-economics-dan-ariely/ https://uxmastery.com/resources/books/ https://marketful.com/growth-marketing-books
147,Nudge,"Richard H. Thaler, Cass R. Sunstein",2008,The Final Edition 2021,Psychology and behavioral science,(brief shelf),Psychology and behavioral science,,A,Choice architecture and defaults,"Designers of choices, forms and policies",Picked by Dan Ariely on Five Books; Thaler later won the economics Nobel,Still current,Current in Final Edition,"Five Books, Dan Ariely on behavioral economics",https://fivebooks.com/best-books/behavioural-economics-dan-ariely/
148,Hooked,Nir Eyal,2014,Revised ed. 2019,Psychology and behavioral science,(brief shelf),Psychology and behavioral science,,A,"The hook model: trigger, action, variable reward, investment",PMs and designers of consumer apps,"On Mind the Product, Productboard, Maze and Giff Constable lists",Still current,Current; read alongside ethics critiques,"Mind the Product, The best product management books you should read in 2023; Productboard, 15 best books for product managers; Maze, UX design books",https://www.mindtheproduct.com/the-best-product-management-books-you-should-read-in-2023 https://www.productboard.com/blog/15-best-books-for-product-managers/ https://maze.co/collections/ux-ui-design/ux-design-books/
149,Predictably Irrational,Dan Ariely,2008,Revised and expanded 2009,Psychology and behavioral science,(brief shelf),Psychology and behavioral science,,B,Everyday irrationality shown through experiments,General readers new to behavioral economics,International bestseller,Dated in parts,Dated in parts; some studies retracted or questioned,,
150,Thinking in Bets,Annie Duke,2018,,Psychology and behavioral science,(brief shelf),Psychology and behavioral science,,B,Separating decision quality from outcome luck,PMs and leaders making calls under uncertainty,On Lenny's essential list and Productboard's list,Still current,Current,,
151,Designing for Behavior Change,Stephen Wendel,2013,2nd ed. 2020,Psychology and behavioral science,(brief shelf),Psychology and behavioral science,,B,"Applying behavioral science to product design, step by step","PMs, designers and researchers",O'Reilly; the standard applied behavior design book,Still current,Current (2nd edition),,
152,Alchemy,Rory Sutherland,2019,,Psychology and behavioral science,(brief shelf),Psychology and behavioral science,,B,Why illogical ideas often work in marketing and design,Marketers and designers,On Growth Method's list; Ogilvy vice chairman,Still current,Current,,
153,The Power of Habit,Charles Duhigg,2012,,Psychology and behavioral science,(brief shelf),Psychology and behavioral science,,B,"The cue, routine, reward loop in people and companies",General readers and PMs,Long-running bestseller,Still current,Current,,
154,Drive,Daniel H. Pink,2009,,Psychology and behavioral science,(brief shelf),Psychology and behavioral science,,B,"Autonomy, mastery and purpose as motivators",Managers and team leads,Bestseller; widely cited in management,Still current,Current; research simplified,,
155,Deceptive Patterns,Harry Brignull,2023,,Psychology and behavioral science,(brief shelf),Psychology and behavioral science,,B,Manipulative interface tricks and the law against them,"Designers, PMs and compliance teams",By the person who coined the term 'dark patterns',Still current,Current,,
156,The Paradox of Choice,Barry Schwartz,2004,,Psychology and behavioral science,(brief shelf),Psychology and behavioral science,,C,Why more options can make people less satisfied,Designers and marketers setting option counts,On the Interaction Design Foundation's list,Dated in parts,Dated in parts; choice-overload findings are mixed,,
157,The Lean Startup,Eric Ries,2011,,Business and entrepreneurship,(brief shelf),Business and entrepreneurship,,A,"Build-measure-learn, MVPs and validated learning",Founders and new-product teams,"On Mind the Product's, UX Mastery's and Giff Constable's lists; shaped a decade of startup practice",Still current,Current ideas; some terms overused,"Mind the Product, The best product management books you should read in 2023; UX Mastery, UX books; Giff Constable, 21 books every product manager should know (2019)",https://www.mindtheproduct.com/the-best-product-management-books-you-should-read-in-2023 https://uxmastery.com/resources/books/ https://giffconstable.com/2019/08/21-books-every-product-manager-should-know/
158,The Innovator's Dilemma,Clayton M. Christensen,1997,,Business and entrepreneurship,(brief shelf),Business and entrepreneurship,,A,Disruptive innovation and why good companies fail,"Strategists, founders, product leaders",On TIME's 25 most influential business management books; named by The Economist among the six most important business books,Still current,Current; theory debated,"TIME, The 25 most influential business management books (2011); The Economist's six most important business books, as listed by Business of Software (2011); Product-Led Alliance, Top 11 books for product discovery","https://content.time.com/time/specials/packages/completelist/0,29569,2086680,00.html https://businessofsoftware.org/2011/07/the-six-greatest-business-books-of-all-time-according-to-the-economist-what-is-yours/ https://www.productledalliance.com/top-11-books-for-product-discovery/"
159,Zero to One,"Peter Thiel, Blake Masters",2014,,Business and entrepreneurship,(brief shelf),Business and entrepreneurship,,A,"Monopoly, secrets and building something new",Founders and ambitious PMs,First Round Review notes it as a common founder favorite; on Startup Savant's list,Still current,Current; opinionated,"First Round Review, Summer book recommendations from the smartest people we know; Startup Savant, Best startup books recommended by successful entrepreneurs; Marketful, Best growth marketing books",https://review.firstround.com/summer-book-recommendations-from-the-smartest-people-we-know/ https://startupsavant.com/best-startup-books/recommended-by-successful-entrepreneurs https://marketful.com/growth-marketing-books
160,The Hard Thing About Hard Things,Ben Horowitz,2014,,Business and entrepreneurship,(brief shelf),Business and entrepreneurship,,A,The unglamorous decisions of running a startup,Founders and executives,On Startup Savant's founder-recommended list; widely named by founders,Still current,Current,"Startup Savant, Best startup books recommended by successful entrepreneurs",https://startupsavant.com/best-startup-books/recommended-by-successful-entrepreneurs
161,Good to Great,Jim Collins,2001,,Business and entrepreneurship,(brief shelf),Business and entrepreneurship,,B,What companies that made the leap had in common,Executives and strategists,On TIME's 25 most influential business management books,Dated in parts,Dated: several featured companies later struggled,,
162,Rework,"Jason Fried, David Heinemeier Hansson",2010,,Business and entrepreneurship,(brief shelf),Business and entrepreneurship,,B,"Calm, small and profitable as a way to run a company",Founders of small companies,Bestseller from the Basecamp founders,Still current,Current,,
163,The E-Myth Revisited,Michael E. Gerber,1995,,Business and entrepreneurship,(brief shelf),Business and entrepreneurship,,B,"Working on the business, not in it",Small business owners,On TIME's 25 most influential business management books,Still current,Current,,
164,Shoe Dog,Phil Knight,2016,,Business and entrepreneurship,(brief shelf),Business and entrepreneurship,,B,"The Nike founding story, candid about chaos",Anyone who wants a founder memoir,On Lenny's essential list,Still current,Current (a memoir),,
165,The Four Steps to the Epiphany,Steve Blank,2005,,Business and entrepreneurship,(brief shelf),Business and entrepreneurship,,B,"Customer development, the root of lean startup",Founders and new-product teams,The source text for customer development,Dated in parts,Dated in parts; see The Startup Owner's Manual (2012),,
166,Venture Deals,"Brad Feld, Jason Mendelson",2011,4th ed. 2019,Business and entrepreneurship,(brief shelf),Business and entrepreneurship,,C,Term sheets and venture financing explained,Founders raising money,The standard founder's guide to VC terms,Still current,Current (4th edition),,
167,The Personal MBA,Josh Kaufman,2010,10th anniversary ed. 2020,Business and entrepreneurship,(brief shelf),Business and entrepreneurship,,B,Business fundamentals in one self-taught volume,Designers and PMs without business training,Popular self-education book,Still current,Current,,
168,Deep Work,Cal Newport,2016,,Personal and professional development,(brief shelf),Personal and professional development,,A,Protecting long stretches of focus in a distracted workplace,Knowledge workers,Wall Street Journal bestseller; praised by The Economist (per the author's media kit),Still current,Current,"Cal Newport, media kit (bestseller and press notes)",https://www.calnewport.com/about/media-kit/
169,Atomic Habits,James Clear,2018,,Personal and professional development,(brief shelf),Personal and professional development,,A,"Small habits, systems over goals",Everyone,"Over 30 million copies and 350+ weeks on the New York Times list (per the author's agency, 2026)",Still current,Current,"BigSpeak, Atomic Habits at 30 million copies (June 2026)",https://www.bigspeak.com/30-million-copies-later-atomic-habits-has-become-a-blueprint-for-building-better-habits-and-achieving-goals/
170,Getting Things Done,David Allen,2001,Revised ed. 2015,Personal and professional development,(brief shelf),Personal and professional development,,A,"Capture everything, decide next actions, review weekly",Knowledge workers drowning in tasks,The productivity system most other methods respond to; on Daniel Pink's 13 books to read before 30 (per the publisher listing),Still current,Current in revised edition,"Porchlight Books listing of the 2015 revised edition (Penguin; cites Lifehack, Fast Company and Daniel Pink's 13 books to read before 30)",https://www.porchlightbooks.com/products/getting-things-done-david-allen-9780143126560
171,The 7 Habits of Highly Effective People,Stephen R. Covey,1989,30th anniversary ed. 2020,Personal and professional development,(brief shelf),Personal and professional development,,A,Seven principles of personal and interpersonal effectiveness,Everyone,On TIME's 25 most influential business management books,Still current,Timeless; tone dated,"TIME, The 25 most influential business management books (2011)","https://content.time.com/time/specials/packages/completelist/0,29569,2086680,00.html"
172,Essentialism,Greg McKeown,2014,10th anniversary ed. 2024,Personal and professional development,(brief shelf),Personal and professional development,,B,"Doing less, better",Overcommitted professionals,Over two million copies per the author,Still current,Current,,
173,So Good They Can't Ignore You,Cal Newport,2012,,Personal and professional development,(brief shelf),Personal and professional development,,B,Career capital beats following your passion,People planning careers,Widely recommended career book,Still current,Current,,
174,Building a Second Brain,Tiago Forte,2022,,Personal and professional development,(brief shelf),Personal and professional development,,B,A note-taking system for knowledge work,Knowledge workers and writers,Bestseller; popular in personal knowledge management,Still current,Current,,
175,Four Thousand Weeks,Oliver Burkeman,2021,,Personal and professional development,(brief shelf),Personal and professional development,,B,Time management that accepts limits,Anyone tired of productivity tricks,Bestseller; a counterweight to productivity books,Still current,Current,,
176,On Writing Well,William Zinsser,1976,30th anniversary ed. 2006,Personal and professional development,(brief shelf),Personal and professional development,,B,"Clear, simple nonfiction writing",Everyone who writes at work,On Lenny's essential list,Still current,Timeless,,
177,The Pyramid Principle,Barbara Minto,1987,Later eds. as The Minto Pyramid Principle,Personal and professional development,(brief shelf),Personal and professional development,,B,"Answer first, then group supporting points","Anyone writing memos, decks or PRDs",Developed by McKinsey's first woman consultant; a consulting standard for decades,Still current,Timeless; dense,,
178,The Effective Executive,Peter F. Drucker,1967,,Personal and professional development,(brief shelf),Personal and professional development,,B,"Managing your time, contribution and decisions",Managers and senior ICs,A management classic; Drucker's collected work (The Essential Drucker) is on TIME's 25 list,Still current,Timeless; examples dated,,
179,Mindset,Carol S. Dweck,2006,Updated ed. 2016,Personal and professional development,(brief shelf),Personal and professional development,,B,Fixed versus growth mindset,Everyone; managers and parents,International bestseller,Dated in parts,Dated in parts; effect sizes smaller than claimed,,
180,How to Win Friends and Influence People,Dale Carnegie,1936,,Personal and professional development,(brief shelf),Personal and professional development,,B,Timeless rules for getting on with people,Everyone,On TIME's 25 most influential business management books,Still current,Timeless; tone dated,,
181,Resonate,Nancy Duarte,2010,,Personal and professional development,(brief shelf),Personal and professional development,,C,Presentations structured as stories,Anyone who presents,On UX Mastery's list,Still current,Current,,
