id,title,authors,slug,ol_work,isbn,cover_id,file,w,h,status,fetched,source_m,source_l
1,Just Enough Research,Erika Hall,just-enough-research,/works/OL17308038W,9781937557102,7387007,just-enough-research-cover.jpg,180,278,ok,2026-10-10,https://covers.openlibrary.org/b/id/7387007-M.jpg,https://covers.openlibrary.org/b/id/7387007-L.jpg
2,Interviewing Users,Steve Portigal,interviewing-users,/works/OL20125485W,9781959029823,8778372,interviewing-users-cover.jpg,180,270,ok,2026-10-10,https://covers.openlibrary.org/b/id/8778372-M.jpg,https://covers.openlibrary.org/b/id/8778372-L.jpg
3,Rocket Surgery Made Easy,Steve Krug,rocket-surgery-made-easy,/works/OL17363110W,9780321702845,7440858,rocket-surgery-made-easy-cover.jpg,180,230,ok,2026-10-10,https://covers.openlibrary.org/b/id/7440858-M.jpg,https://covers.openlibrary.org/b/id/7440858-L.jpg
4,Observing the User Experience,"Elizabeth Goodman, Mike Kuniavsky, Andrea Moed",observing-the-user-experience,/works/OL5967500W,9781558609235,7273974,observing-the-user-experience-cover.jpg,180,222,ok,2026-10-10,https://covers.openlibrary.org/b/id/7273974-M.jpg,https://covers.openlibrary.org/b/id/7273974-L.jpg
5,Handbook of Usability Testing,"Jeffrey Rubin, Dana Chisnell",handbook-of-usability-testing,/works/OL3954618W,9781281374547,305857,handbook-of-usability-testing-cover.jpg,180,222,ok,2026-10-10,https://covers.openlibrary.org/b/id/305857-M.jpg,https://covers.openlibrary.org/b/id/305857-L.jpg
6,Surveys That Work,Caroline Jarrett,surveys-that-work,/works/OL25458977W,9781933820835,13985758,surveys-that-work-cover.jpg,180,270,ok,2026-10-10,https://covers.openlibrary.org/b/id/13985758-M.jpg,https://covers.openlibrary.org/b/id/13985758-L.jpg
7,Practical Empathy,Indi Young,practical-empathy,/works/OL22089310W,9781933820644,10439633,practical-empathy-cover.jpg,180,269,ok,2026-10-10,https://covers.openlibrary.org/b/id/10439633-M.jpg,https://covers.openlibrary.org/b/id/10439633-L.jpg
8,Measuring the User Experience,"Bill Albert, Tom Tullis",measuring-the-user-experience,/works/OL11899222W,9780123735584,10262965,measuring-the-user-experience-cover.jpg,180,222,ok,2026-10-10,https://covers.openlibrary.org/b/id/10262965-M.jpg,https://covers.openlibrary.org/b/id/10262965-L.jpg
9,Think Like a UX Researcher,"David Travis, Philip Hodgson",think-like-a-ux-researcher,/works/OL23686363W,9781138365353,10522091,think-like-a-ux-researcher-cover.jpg,180,270,ok,2026-10-10,https://covers.openlibrary.org/b/id/10522091-M.jpg,https://covers.openlibrary.org/b/id/10522091-L.jpg
10,The User Experience Team of One,Leah Buley; 2nd ed. with Joe Natoli,the-user-experience-team-of-one,/works/OL23175750W,9781959029953,13221920,the-user-experience-team-of-one-cover.jpg,180,269,ok,2026-10-10,https://covers.openlibrary.org/b/id/13221920-M.jpg,https://covers.openlibrary.org/b/id/13221920-L.jpg
11,Mapping Experiences,Jim Kalbach,mapping-experiences,/works/OL17628217W,9781492076636,7904375,mapping-experiences-cover.jpg,180,145,ok,2026-10-10,https://covers.openlibrary.org/b/id/7904375-M.jpg,https://covers.openlibrary.org/b/id/7904375-L.jpg
12,The Design of Everyday Things,Don Norman,the-design-of-everyday-things,/works/OL17570127W,,7841556,the-design-of-everyday-things-cover.jpg,180,180,ok,2026-10-10,https://covers.openlibrary.org/b/id/7841556-M.jpg,https://covers.openlibrary.org/b/id/7841556-L.jpg
13,Don't Make Me Think,Steve Krug,dont-make-me-think,/works/OL8578577W,9780789723109,554640,dont-make-me-think-cover.jpg,180,241,ok,2026-10-10,https://covers.openlibrary.org/b/id/554640-M.jpg,https://covers.openlibrary.org/b/id/554640-L.jpg
14,The Elements of User Experience,Jesse James Garrett,the-elements-of-user-experience,/works/OL8408282W,9780735712027,461828,the-elements-of-user-experience-cover.jpg,180,231,ok,2026-10-10,https://covers.openlibrary.org/b/id/461828-M.jpg,https://covers.openlibrary.org/b/id/461828-L.jpg
15,About Face,"Alan Cooper, Robert Reimann, David Cronin, Christopher Noessel",about-face,/works/OL3921086W,9781568843223,812295,about-face-cover.jpg,180,226,ok,2026-10-10,https://covers.openlibrary.org/b/id/812295-M.jpg,https://covers.openlibrary.org/b/id/812295-L.jpg
16,Lean UX,"Jeff Gothelf, Josh Seiden",lean-ux,/works/OL17416079W,9781491953600,7534763,lean-ux-cover.jpg,180,270,ok,2026-10-10,https://covers.openlibrary.org/b/id/7534763-M.jpg,https://covers.openlibrary.org/b/id/7534763-L.jpg
17,100 Things Every Designer Needs to Know About People,Susan Weinschenk,100-things-every-designer-needs-to-know-about-people,/works/OL19906923W,9780321767530,8727716,100-things-every-designer-needs-to-know-about-people-cover.jpg,180,231,ok,2026-10-10,https://covers.openlibrary.org/b/id/8727716-M.jpg,https://covers.openlibrary.org/b/id/8727716-L.jpg
18,Laws of UX,Jon Yablonski,laws-of-ux,/works/OL21665266W,9781492055310,13131682,laws-of-ux-cover.jpg,180,269,ok,2026-10-10,https://covers.openlibrary.org/b/id/13131682-M.jpg,https://covers.openlibrary.org/b/id/13131682-L.jpg
19,Change by Design,Tim Brown,change-by-design,/works/OL2329685W,9780061937743,6305705,change-by-design-cover.jpg,180,270,ok,2026-10-10,https://covers.openlibrary.org/b/id/6305705-M.jpg,https://covers.openlibrary.org/b/id/6305705-L.jpg
20,Designing with the Mind in Mind,Jeff Johnson,designing-with-the-mind-in-mind,/works/OL15570641W,9780123750303,6969728,designing-with-the-mind-in-mind-cover.jpg,180,180,ok,2026-10-10,https://covers.openlibrary.org/b/id/6969728-M.jpg,https://covers.openlibrary.org/b/id/6969728-L.jpg
21,Articulating Design Decisions,Tom Greever,articulating-design-decisions,/works/OL17926245W,9781492079224,8253809,articulating-design-decisions-cover.jpg,180,269,ok,2026-10-10,https://covers.openlibrary.org/b/id/8253809-M.jpg,https://covers.openlibrary.org/b/id/8253809-L.jpg
22,This Is Service Design Doing,"Marc Stickdorn, Markus Edgar Hormess, Adam Lawrence, Jakob Schneider",this-is-service-design-doing,/works/OL20047508W,9781491927182,12860075,this-is-service-design-doing-cover.jpg,180,143,ok,2026-10-10,https://covers.openlibrary.org/b/id/12860075-M.jpg,https://covers.openlibrary.org/b/id/12860075-L.jpg
23,Information Architecture: For the Web and Beyond,"Louis Rosenfeld, Peter Morville, Jorge Arango",information-architecture-for-the-web-and-beyond,/works/OL17316790W,9781491913550,8954696,information-architecture-for-the-web-and-beyond-cover.jpg,180,270,ok,2026-10-10,https://covers.openlibrary.org/b/id/8954696-M.jpg,https://covers.openlibrary.org/b/id/8954696-L.jpg
24,How to Make Sense of Any Mess,Abby Covert,how-to-make-sense-of-any-mess,/works/OL17116915W,9781500615994,7352417,how-to-make-sense-of-any-mess-cover.jpg,180,240,ok,2026-10-10,https://covers.openlibrary.org/b/id/7352417-M.jpg,https://covers.openlibrary.org/b/id/7352417-L.jpg
25,Card Sorting,Donna Spencer,card-sorting,/works/OL19833289W,9781933820026,8626635,card-sorting-cover.jpg,180,269,ok,2026-10-10,https://covers.openlibrary.org/b/id/8626635-M.jpg,https://covers.openlibrary.org/b/id/8626635-L.jpg
26,Everyday Information Architecture,Lisa Maria Marquis,everyday-information-architecture,/works/OL33319221W,9781952616655,13124023,everyday-information-architecture-cover.jpg,180,255,ok,2026-10-10,https://covers.openlibrary.org/b/id/13124023-M.jpg,https://covers.openlibrary.org/b/id/13124023-L.jpg
27,Strategic Writing for UX,Torrey Podmajersky,strategic-writing-for-ux,/works/OL21343012W,9781492049395,14860599,strategic-writing-for-ux-cover.jpg,180,270,ok,2026-10-10,https://covers.openlibrary.org/b/id/14860599-M.jpg,https://covers.openlibrary.org/b/id/14860599-L.jpg
28,Microcopy: The Complete Guide,Kinneret Yifrah,microcopy-the-complete-guide,,,,,,,none,2026-10-10,,
29,Content Design,Sarah Winters; 2nd ed. with Rachel Edwards,content-design,/works/OL24777293W,9781527209183,11532650,content-design-cover.jpg,180,306,ok,2026-10-10,https://covers.openlibrary.org/b/id/11532650-M.jpg,https://covers.openlibrary.org/b/id/11532650-L.jpg
30,Writing Is Designing,"Michael J. Metts, Andy Welfle",writing-is-designing,/works/OL24868651W,9781933820668,11757386,writing-is-designing-cover.jpg,180,270,ok,2026-10-10,https://covers.openlibrary.org/b/id/11757386-M.jpg,https://covers.openlibrary.org/b/id/11757386-L.jpg
31,Content Strategy for the Web,"Kristina Halvorson, Melissa Rach",content-strategy-for-the-web,/works/OL18618506W,9780321648747,6645380,content-strategy-for-the-web-cover.jpg,62,80,ok,2026-10-10,https://covers.openlibrary.org/b/id/6645380-M.jpg,https://covers.openlibrary.org/b/id/6645380-L.jpg
32,Nicely Said,"Nicole Fenton, Kate Kiefer Lee",nicely-said,/works/OL16821767W,9780321988195,7284349,nicely-said-cover.jpg,180,231,ok,2026-10-10,https://covers.openlibrary.org/b/id/7284349-M.jpg,https://covers.openlibrary.org/b/id/7284349-L.jpg
33,Refactoring UI,"Adam Wathan, Steve Schoger",refactoring-ui,/works/OL23977983W,,10527062,refactoring-ui-cover.jpg,180,254,ok,2026-10-10,https://covers.openlibrary.org/b/id/10527062-M.jpg,https://covers.openlibrary.org/b/id/10527062-L.jpg
34,The Non-Designer's Design Book,Robin Williams,the-non-designers-design-book,/works/OL3502196W,9781566091596,806074,the-non-designers-design-book-cover.jpg,180,283,ok,2026-10-10,https://covers.openlibrary.org/b/id/806074-M.jpg,https://covers.openlibrary.org/b/id/806074-L.jpg
35,Thinking with Type,Ellen Lupton,thinking-with-type,/works/OL2969855W,9781856694247,812786,thinking-with-type-cover.jpg,180,218,ok,2026-10-10,https://covers.openlibrary.org/b/id/812786-M.jpg,https://covers.openlibrary.org/b/id/812786-L.jpg
36,Interaction of Color,Josef Albers,interaction-of-color,,,,,,,none,2026-10-10,,
37,Designing Interfaces,"Jenifer Tidwell, Charles Brewer, Aynne Valencia",designing-interfaces,/works/OL8167456W,9781600330148,389022,designing-interfaces-cover.jpg,180,219,ok,2026-10-10,https://covers.openlibrary.org/b/id/389022-M.jpg,https://covers.openlibrary.org/b/id/389022-L.jpg
38,Universal Principles of Design,"William Lidwell, Kritina Holden, Jill Butler",universal-principles-of-design,/works/OL16977441W,9781592530076,868272,universal-principles-of-design-cover.jpg,180,211,ok,2026-10-10,https://covers.openlibrary.org/b/id/868272-M.jpg,https://covers.openlibrary.org/b/id/868272-L.jpg
39,Form Design Patterns,Adam Silver,form-design-patterns,/works/OL38056354W,,14625733,form-design-patterns-cover.jpg,180,275,ok,2026-10-10,https://covers.openlibrary.org/b/id/14625733-M.jpg,https://covers.openlibrary.org/b/id/14625733-L.jpg
40,Information Dashboard Design,Stephen Few,information-dashboard-design,/works/OL8167542W,9781938377006,389150,information-dashboard-design-cover.jpg,180,211,ok,2026-10-10,https://covers.openlibrary.org/b/id/389150-M.jpg,https://covers.openlibrary.org/b/id/389150-L.jpg
41,Practical UI,Adham Dannaway,practical-ui,/works/OL38058238W,,14625724,practical-ui-cover.jpg,180,247,ok,2026-10-10,https://covers.openlibrary.org/b/id/14625724-M.jpg,https://covers.openlibrary.org/b/id/14625724-L.jpg
42,The Visual Display of Quantitative Information,Edward Tufte,the-visual-display-of-quantitative-information,/works/OL2824012W,9781930824133,725045,the-visual-display-of-quantitative-information-cover.jpg,180,220,ok,2026-10-10,https://covers.openlibrary.org/b/id/725045-M.jpg,https://covers.openlibrary.org/b/id/725045-L.jpg
43,Atomic Design,Brad Frost,atomic-design,/works/OL22297494W,9780998296609,12750057,atomic-design-cover.jpg,180,278,ok,2026-10-10,https://covers.openlibrary.org/b/id/12750057-M.jpg,https://covers.openlibrary.org/b/id/12750057-L.jpg
44,Design Systems,Alla Kholmatova,design-systems,/works/OL38056351W,,14619754,design-systems-cover.jpg,180,244,ok,2026-10-10,https://covers.openlibrary.org/b/id/14619754-M.jpg,https://covers.openlibrary.org/b/id/14619754-L.jpg
45,Building Design Systems,"Sarrah Vesselov, Taurie Davis",building-design-systems,/works/OL20843331W,9781484245132,10152408,building-design-systems-cover.jpg,180,272,ok,2026-10-10,https://covers.openlibrary.org/b/id/10152408-M.jpg,https://covers.openlibrary.org/b/id/10152408-L.jpg
46,Expressive Design Systems,Yesenia Perez-Cruz,expressive-design-systems,,,,,,,none,2026-10-10,,
47,Laying the Foundations,Andrew Couldwell,laying-the-foundations,,,,,,,none,2026-10-10,,
48,Design That Scales,Dan Mall,design-that-scales,/works/OL36733929W,9781959029212,14625676,design-that-scales-cover.jpg,180,270,ok,2026-10-10,https://covers.openlibrary.org/b/id/14625676-M.jpg,https://covers.openlibrary.org/b/id/14625676-L.jpg
49,A Web for Everyone,"Sarah Horton, Whitney Quesenbery",a-web-for-everyone,/works/OL16857506W,9781933820972,7284646,a-web-for-everyone-cover.jpg,180,269,ok,2026-10-10,https://covers.openlibrary.org/b/id/7284646-M.jpg,https://covers.openlibrary.org/b/id/7284646-L.jpg
50,Accessibility for Everyone,Laura Kalbag,accessibility-for-everyone,/works/OL24006057W,9781952616716,10527251,accessibility-for-everyone-cover.jpg,180,278,ok,2026-10-10,https://covers.openlibrary.org/b/id/10527251-M.jpg,https://covers.openlibrary.org/b/id/10527251-L.jpg
51,Inclusive Design Patterns,Heydon Pickering,inclusive-design-patterns,/works/OL38056349W,,14619750,inclusive-design-patterns-cover.jpg,180,192,ok,2026-10-10,https://covers.openlibrary.org/b/id/14619750-M.jpg,https://covers.openlibrary.org/b/id/14619750-L.jpg
52,Inclusive Components,Heydon Pickering,inclusive-components,/works/OL36868226W,,14442662,inclusive-components-cover.jpg,180,261,ok,2026-10-10,https://covers.openlibrary.org/b/id/14442662-M.jpg,https://covers.openlibrary.org/b/id/14442662-L.jpg
53,Mismatch,Kat Holmes,mismatch,/works/OL20186749W,9780262539487,8835420,mismatch-cover.jpg,180,263,ok,2026-10-10,https://covers.openlibrary.org/b/id/8835420-M.jpg,https://covers.openlibrary.org/b/id/8835420-L.jpg
54,Practical Web Inclusion and Accessibility,Ashley Firth,practical-web-inclusion-and-accessibility,/works/OL20862633W,9781484254516,10178803,practical-web-inclusion-and-accessibility-cover.jpg,180,273,ok,2026-10-10,https://covers.openlibrary.org/b/id/10178803-M.jpg,https://covers.openlibrary.org/b/id/10178803-L.jpg
55,Inspired,Marty Cagan,inspired,/works/OL16803591W,9781119387503,13348591,inspired-cover.jpg,180,267,ok,2026-10-10,https://covers.openlibrary.org/b/id/13348591-M.jpg,https://covers.openlibrary.org/b/id/13348591-L.jpg
56,Empowered,"Marty Cagan, Chris Jones",empowered,/works/OL21688399W,9781119691297,10847862,empowered-cover.jpg,180,266,ok,2026-10-10,https://covers.openlibrary.org/b/id/10847862-M.jpg,https://covers.openlibrary.org/b/id/10847862-L.jpg
57,Transformed,"Marty Cagan, with Lea Hickman, Christian Idiodi, Chris Jones, Jon Moore",transformed,/works/OL43677015W,9781119697336,15102388,transformed-cover.jpg,180,265,ok,2026-10-10,https://covers.openlibrary.org/b/id/15102388-M.jpg,https://covers.openlibrary.org/b/id/15102388-L.jpg
58,Escaping the Build Trap,Melissa Perri,escaping-the-build-trap,/works/OL20983859W,9781491973790,10320665,escaping-the-build-trap-cover.jpg,180,270,ok,2026-10-10,https://covers.openlibrary.org/b/id/10320665-M.jpg,https://covers.openlibrary.org/b/id/10320665-L.jpg
59,Working Backwards,"Colin Bryar, Bill Carr",working-backwards,/works/OL20924654W,9781250267597,10297403,working-backwards-cover.jpg,180,273,ok,2026-10-10,https://covers.openlibrary.org/b/id/10297403-M.jpg,https://covers.openlibrary.org/b/id/10297403-L.jpg
60,Build,Tony Fadell,build,/works/OL27739453W,9781787634114,12742378,build-cover.jpg,180,275,ok,2026-10-10,https://covers.openlibrary.org/b/id/12742378-M.jpg,https://covers.openlibrary.org/b/id/12742378-L.jpg
61,Creative Selection,Ken Kocienda,creative-selection,/works/OL19754856W,9781529011845,10128109,creative-selection-cover.jpg,180,288,ok,2026-10-10,https://covers.openlibrary.org/b/id/10128109-M.jpg,https://covers.openlibrary.org/b/id/10128109-L.jpg
62,Product Management in Practice,Matt LeMay,product-management-in-practice,/works/OL27092786W,9781098119737,13161220,product-management-in-practice-cover.jpg,180,270,ok,2026-10-10,https://covers.openlibrary.org/b/id/13161220-M.jpg,https://covers.openlibrary.org/b/id/13161220-L.jpg
63,Cracking the PM Interview,"Gayle Laakmann McDowell, Jackie Bavaro",cracking-the-pm-interview,/works/OL17546046W,9780984782819,7793723,cracking-the-pm-interview-cover.jpg,180,272,ok,2026-10-10,https://covers.openlibrary.org/b/id/7793723-M.jpg,https://covers.openlibrary.org/b/id/7793723-L.jpg
64,Cracking the PM Career,"Jackie Bavaro, Gayle Laakmann McDowell",cracking-the-pm-career,/works/OL24214385W,9781955706988,10669886,cracking-the-pm-career-cover.jpg,180,257,ok,2026-10-10,https://covers.openlibrary.org/b/id/10669886-M.jpg,https://covers.openlibrary.org/b/id/10669886-L.jpg
65,Product Leadership,"Richard Banfield, Martin Eriksson, Nate Walkingshaw",product-leadership,/works/OL19711093W,9781491960608,13161226,product-leadership-cover.jpg,180,270,ok,2026-10-10,https://covers.openlibrary.org/b/id/13161226-M.jpg,https://covers.openlibrary.org/b/id/13161226-L.jpg
66,Strong Product People,Petra Wille,strong-product-people,,,,,,,none,2026-10-10,,
67,Product Operations,"Melissa Perri, Denise Tilles",product-operations,,,,,,,none,2026-10-10,,
68,Good Strategy Bad Strategy,Richard Rumelt,good-strategy-bad-strategy,/works/OL16149072W,9781846684814,6954850,good-strategy-bad-strategy-cover.jpg,180,273,ok,2026-10-10,https://covers.openlibrary.org/b/id/6954850-M.jpg,https://covers.openlibrary.org/b/id/6954850-L.jpg
69,Playing to Win,"A.G. Lafley, Roger L. Martin",playing-to-win,/works/OL19963678W,9781491528792,14507238,playing-to-win-cover.jpg,180,285,ok,2026-10-10,https://covers.openlibrary.org/b/id/14507238-M.jpg,https://covers.openlibrary.org/b/id/14507238-L.jpg
70,7 Powers,Hamilton Helmer,7-powers,/works/OL20883142W,9780998116310,10208801,7-powers-cover.jpg,180,270,ok,2026-10-10,https://covers.openlibrary.org/b/id/10208801-M.jpg,https://covers.openlibrary.org/b/id/10208801-L.jpg
71,Blue Ocean Strategy,"W. Chan Kim, Renée Mauborgne",blue-ocean-strategy,/works/OL8980380W,9781591396192,8219313,blue-ocean-strategy-cover.jpg,180,291,ok,2026-10-10,https://covers.openlibrary.org/b/id/8219313-M.jpg,https://covers.openlibrary.org/b/id/8219313-L.jpg
72,Product Roadmaps Relaunched,"C. Todd Lombardo, Bruce McCarthy, Evan Ryan, Michael Connors",product-roadmaps-relaunched,/works/OL20223721W,9781491971727,8876578,product-roadmaps-relaunched-cover.jpg,180,145,ok,2026-10-10,https://covers.openlibrary.org/b/id/8876578-M.jpg,https://covers.openlibrary.org/b/id/8876578-L.jpg
73,Outcomes Over Output,Josh Seiden,outcomes-over-output,,,,,,,none,2026-10-10,,
74,The Lean Product Playbook,Dan Olsen,the-lean-product-playbook,/works/OL20013140W,9781118960875,14816612,the-lean-product-playbook-cover.jpg,180,268,ok,2026-10-10,https://covers.openlibrary.org/b/id/14816612-M.jpg,https://covers.openlibrary.org/b/id/14816612-L.jpg
75,Continuous Discovery Habits,Teresa Torres,continuous-discovery-habits,/works/OL24510436W,9781736633304,11136152,continuous-discovery-habits-cover.jpg,180,270,ok,2026-10-10,https://covers.openlibrary.org/b/id/11136152-M.jpg,https://covers.openlibrary.org/b/id/11136152-L.jpg
76,The Mom Test,Rob Fitzpatrick,the-mom-test,/works/OL23982116W,9781492180746,10660557,the-mom-test-cover.jpg,180,277,ok,2026-10-10,https://covers.openlibrary.org/b/id/10660557-M.jpg,https://covers.openlibrary.org/b/id/10660557-L.jpg
77,Sprint,"Jake Knapp, John Zeratsky, Braden Kowitz",sprint,/works/OL17353358W,9781501140808,7431269,sprint-cover.jpg,180,271,ok,2026-10-10,https://covers.openlibrary.org/b/id/7431269-M.jpg,https://covers.openlibrary.org/b/id/7431269-L.jpg
78,User Story Mapping,Jeff Patton,user-story-mapping,/works/OL17893428W,9781491904909,8206841,user-story-mapping-cover.jpg,180,269,ok,2026-10-10,https://covers.openlibrary.org/b/id/8206841-M.jpg,https://covers.openlibrary.org/b/id/8206841-L.jpg
79,Running Lean,Ash Maurya,running-lean,/works/OL16605567W,9781449331917,8122897,running-lean-cover.jpg,180,270,ok,2026-10-10,https://covers.openlibrary.org/b/id/8122897-M.jpg,https://covers.openlibrary.org/b/id/8122897-L.jpg
80,Competing Against Luck,"Clayton M. Christensen, Taddy Hall, Karen Dillon, David S. Duncan",competing-against-luck,/works/OL17842331W,9780062435613,8138391,competing-against-luck-cover.jpg,180,272,ok,2026-10-10,https://covers.openlibrary.org/b/id/8138391-M.jpg,https://covers.openlibrary.org/b/id/8138391-L.jpg
81,The Jobs To Be Done Playbook,Jim Kalbach,the-jobs-to-be-done-playbook,/works/OL20792027W,9781933820682,10085437,the-jobs-to-be-done-playbook-cover.jpg,180,271,ok,2026-10-10,https://covers.openlibrary.org/b/id/10085437-M.jpg,https://covers.openlibrary.org/b/id/10085437-L.jpg
82,Jobs to Be Done: Theory to Practice,Anthony W. Ulwick,jobs-to-be-done-theory-to-practice,/works/OL22360515W,9780990576747,10454444,jobs-to-be-done-theory-to-practice-cover.jpg,180,284,ok,2026-10-10,https://covers.openlibrary.org/b/id/10454444-M.jpg,https://covers.openlibrary.org/b/id/10454444-L.jpg
83,When Coffee and Kale Compete,Alan Klement,when-coffee-and-kale-compete,,,,,,,none,2026-10-10,,
84,Value Proposition Design,"Alexander Osterwalder, Yves Pigneur, Gregory Bernarda, Alan Smith",value-proposition-design,/works/OL19990609W,9781322877136,10196709,value-proposition-design-cover.jpg,180,142,ok,2026-10-10,https://covers.openlibrary.org/b/id/10196709-M.jpg,https://covers.openlibrary.org/b/id/10196709-L.jpg
85,Testing Business Ideas,"David J. Bland, Alexander Osterwalder",testing-business-ideas,/works/OL20709771W,9781119722380,9388387,testing-business-ideas-cover.jpg,180,141,ok,2026-10-10,https://covers.openlibrary.org/b/id/9388387-M.jpg,https://covers.openlibrary.org/b/id/9388387-L.jpg
86,User Stories Applied,Mike Cohn,user-stories-applied,/works/OL2760489W,9780321205681,193014,user-stories-applied-cover.jpg,180,238,ok,2026-10-10,https://covers.openlibrary.org/b/id/193014-M.jpg,https://covers.openlibrary.org/b/id/193014-L.jpg
87,Evidence-Guided,Itamar Gilad,evidence-guided,/works/OL707080W,9781601560995,1875713,evidence-guided-cover.jpg,180,264,ok,2026-10-10,https://covers.openlibrary.org/b/id/1875713-M.jpg,https://covers.openlibrary.org/b/id/1875713-L.jpg
88,The Goal,"Eliyahu M. Goldratt, Jeff Cox",the-goal,/works/OL2463051W,9781622313945,7262320,the-goal-cover.jpg,180,263,ok,2026-10-10,https://covers.openlibrary.org/b/id/7262320-M.jpg,https://covers.openlibrary.org/b/id/7262320-L.jpg
89,The Mythical Man-Month,Frederick P. Brooks Jr.,the-mythical-man-month,/works/OL3510570W,9780201835953,6915361,the-mythical-man-month-cover.jpg,180,264,ok,2026-10-10,https://covers.openlibrary.org/b/id/6915361-M.jpg,https://covers.openlibrary.org/b/id/6915361-L.jpg
90,Scrum: The Art of Doing Twice the Work in Half the Time,"Jeff Sutherland, J.J. Sutherland",scrum-the-art-of-doing-twice-the-work-in-half-the-time,/works/OL17817696W,9781847941107,8107216,scrum-the-art-of-doing-twice-the-work-in-half-the-time-cover.jpg,180,273,ok,2026-10-10,https://covers.openlibrary.org/b/id/8107216-M.jpg,https://covers.openlibrary.org/b/id/8107216-L.jpg
91,Shape Up,Ryan Singer,shape-up,/works/OL27277363W,,12600273,shape-up-cover.jpg,180,276,ok,2026-10-10,https://covers.openlibrary.org/b/id/12600273-M.jpg,https://covers.openlibrary.org/b/id/12600273-L.jpg
92,The Phoenix Project,"Gene Kim, Kevin Behr, George Spafford",the-phoenix-project,/works/OL16806686W,9781950508969,9151976,the-phoenix-project-cover.jpg,180,240,ok,2026-10-10,https://covers.openlibrary.org/b/id/9151976-M.jpg,https://covers.openlibrary.org/b/id/9151976-L.jpg
93,Accelerate,"Nicole Forsgren, Jez Humble, Gene Kim",accelerate,/works/OL19542983W,9781942788621,8509069,accelerate-cover.jpg,180,271,ok,2026-10-10,https://covers.openlibrary.org/b/id/8509069-M.jpg,https://covers.openlibrary.org/b/id/8509069-L.jpg
94,The Principles of Product Development Flow,Donald G. Reinertsen,the-principles-of-product-development-flow,/works/OL17530761W,9781935401001,7763174,the-principles-of-product-development-flow-cover.jpg,180,275,ok,2026-10-10,https://covers.openlibrary.org/b/id/7763174-M.jpg,https://covers.openlibrary.org/b/id/7763174-L.jpg
95,Kanban,David J. Anderson,kanban,/works/OL16813548W,9780984521401,7273224,kanban-cover.jpg,180,224,ok,2026-10-10,https://covers.openlibrary.org/b/id/7273224-M.jpg,https://covers.openlibrary.org/b/id/7273224-L.jpg
96,A Guide to the Project Management Body of Knowledge (PMBOK Guide),Project Management Institute,a-guide-to-the-project-management-body-of-knowledge-pmbok-guide,/works/OL102817W,9781935589679,926642,a-guide-to-the-project-management-body-of-knowledge-pmbok-guide-cover.jpg,180,232,ok,2026-10-10,https://covers.openlibrary.org/b/id/926642-M.jpg,https://covers.openlibrary.org/b/id/926642-L.jpg
97,Lean Analytics,"Alistair Croll, Benjamin Yoskovitz",lean-analytics,/works/OL17581285W,9781449335724,7863278,lean-analytics-cover.jpg,180,270,ok,2026-10-10,https://covers.openlibrary.org/b/id/7863278-M.jpg,https://covers.openlibrary.org/b/id/7863278-L.jpg
98,Measure What Matters,John Doerr,measure-what-matters,/works/OL19746884W,9780525536222,9254540,measure-what-matters-cover.jpg,180,271,ok,2026-10-10,https://covers.openlibrary.org/b/id/9254540-M.jpg,https://covers.openlibrary.org/b/id/9254540-L.jpg
99,Radical Focus,Christina Wodtke,radical-focus,/works/OL24341387W,9780996006088,10864735,radical-focus-cover.jpg,180,287,ok,2026-10-10,https://covers.openlibrary.org/b/id/10864735-M.jpg,https://covers.openlibrary.org/b/id/10864735-L.jpg
100,Trustworthy Online Controlled Experiments,"Ron Kohavi, Diane Tang, Ya Xu",trustworthy-online-controlled-experiments,/works/OL20746121W,9781108724265,14628218,,,,none,2026-10-10,https://covers.openlibrary.org/b/id/14628218-M.jpg,
101,Experimentation Works,Stefan H. Thomke,experimentation-works,/works/OL21645951W,9781633697102,13837260,experimentation-works-cover.jpg,180,270,ok,2026-10-10,https://covers.openlibrary.org/b/id/13837260-M.jpg,https://covers.openlibrary.org/b/id/13837260-L.jpg
102,How to Measure Anything,Douglas W. Hubbard,how-to-measure-anything,/works/OL8206219W,9781306473477,1239590,how-to-measure-anything-cover.jpg,180,273,ok,2026-10-10,https://covers.openlibrary.org/b/id/1239590-M.jpg,https://covers.openlibrary.org/b/id/1239590-L.jpg
103,Storytelling with Data,Cole Nussbaumer Knaflic,storytelling-with-data,/works/OL17659741W,9781978614277,7932707,storytelling-with-data-cover.jpg,180,225,ok,2026-10-10,https://covers.openlibrary.org/b/id/7932707-M.jpg,https://covers.openlibrary.org/b/id/7932707-L.jpg
104,The Ultimate Question 2.0,"Fred Reichheld, Rob Markey",the-ultimate-question-2-0,/works/OL16461483W,9781422173350,7973519,the-ultimate-question-2-0-cover.jpg,180,293,ok,2026-10-10,https://covers.openlibrary.org/b/id/7973519-M.jpg,https://covers.openlibrary.org/b/id/7973519-L.jpg
105,Hacking Growth,"Sean Ellis, Morgan Brown",hacking-growth,/works/OL20054781W,9781524760007,14377164,hacking-growth-cover.jpg,180,296,ok,2026-10-10,https://covers.openlibrary.org/b/id/14377164-M.jpg,https://covers.openlibrary.org/b/id/14377164-L.jpg
106,Traction,"Gabriel Weinberg, Justin Mares",traction,/works/OL20015670W,9781591848363,9364675,traction-cover.jpg,180,271,ok,2026-10-10,https://covers.openlibrary.org/b/id/9364675-M.jpg,https://covers.openlibrary.org/b/id/9364675-L.jpg
107,Monetizing Innovation,"Madhavan Ramanujam, Georg Tacke",monetizing-innovation,/works/OL20032971W,9781119240884,13744862,monetizing-innovation-cover.jpg,180,271,ok,2026-10-10,https://covers.openlibrary.org/b/id/13744862-M.jpg,https://covers.openlibrary.org/b/id/13744862-L.jpg
108,Confessions of the Pricing Man,Hermann Simon,confessions-of-the-pricing-man,/works/OL20785469W,,10073295,confessions-of-the-pricing-man-cover.jpg,180,272,ok,2026-10-10,https://covers.openlibrary.org/b/id/10073295-M.jpg,https://covers.openlibrary.org/b/id/10073295-L.jpg
109,The Strategy and Tactics of Pricing,"Thomas T. Nagle, Georg Müller, Evert Gruyaert (earlier eds. with Reed K. Holden)",the-strategy-and-tactics-of-pricing,/works/OL3478605W,9781315266220,91486,the-strategy-and-tactics-of-pricing-cover.jpg,180,274,ok,2026-10-10,https://covers.openlibrary.org/b/id/91486-M.jpg,https://covers.openlibrary.org/b/id/91486-L.jpg
110,The Cold Start Problem,Andrew Chen,the-cold-start-problem,/works/OL24182444W,9781847942791,10607120,the-cold-start-problem-cover.jpg,180,257,ok,2026-10-10,https://covers.openlibrary.org/b/id/10607120-M.jpg,https://covers.openlibrary.org/b/id/10607120-L.jpg
111,Product-Led Growth,Wes Bush,product-led-growth,/works/OL26431509W,9781798434529,12445239,product-led-growth-cover.jpg,180,284,ok,2026-10-10,https://covers.openlibrary.org/b/id/12445239-M.jpg,https://covers.openlibrary.org/b/id/12445239-L.jpg
112,Business Model Generation,"Alexander Osterwalder, Yves Pigneur",business-model-generation,/works/OL15576733W,9780470876411,6675500,business-model-generation-cover.jpg,180,142,ok,2026-10-10,https://covers.openlibrary.org/b/id/6675500-M.jpg,https://covers.openlibrary.org/b/id/6675500-L.jpg
113,Platform Revolution,"Geoffrey G. Parker, Marshall W. Van Alstyne, Sangeet Paul Choudary",platform-revolution,/works/OL21144253W,9781511366601,11390852,platform-revolution-cover.jpg,180,288,ok,2026-10-10,https://covers.openlibrary.org/b/id/11390852-M.jpg,https://covers.openlibrary.org/b/id/11390852-L.jpg
114,Obviously Awesome,April Dunford,obviously-awesome,/works/OL20873429W,9781999023003,10194369,obviously-awesome-cover.jpg,180,277,ok,2026-10-10,https://covers.openlibrary.org/b/id/10194369-M.jpg,https://covers.openlibrary.org/b/id/10194369-L.jpg
115,Sales Pitch,April Dunford,sales-pitch,/works/OL31161240W,9781685834890,14784817,sales-pitch-cover.jpg,180,269,ok,2026-10-10,https://covers.openlibrary.org/b/id/14784817-M.jpg,https://covers.openlibrary.org/b/id/14784817-L.jpg
116,Positioning: The Battle for Your Mind,"Al Ries, Jack Trout",positioning-the-battle-for-your-mind,/works/OL1892673W,9781932378252,55745,positioning-the-battle-for-your-mind-cover.jpg,180,272,ok,2026-10-10,https://covers.openlibrary.org/b/id/55745-M.jpg,https://covers.openlibrary.org/b/id/55745-L.jpg
117,Crossing the Chasm,Geoffrey A. Moore,crossing-the-chasm,/works/OL30695W,9781841120638,684159,crossing-the-chasm-cover.jpg,180,273,ok,2026-10-10,https://covers.openlibrary.org/b/id/684159-M.jpg,https://covers.openlibrary.org/b/id/684159-L.jpg
118,Loved,Martina Lauchengco,loved,/works/OL25316995W,9781119704393,13688700,loved-cover.jpg,180,266,ok,2026-10-10,https://covers.openlibrary.org/b/id/13688700-M.jpg,https://covers.openlibrary.org/b/id/13688700-L.jpg
119,Made to Stick,"Chip Heath, Dan Heath",made-to-stick,/works/OL8423528W,9781905211579,7004880,made-to-stick-cover.jpg,180,274,ok,2026-10-10,https://covers.openlibrary.org/b/id/7004880-M.jpg,https://covers.openlibrary.org/b/id/7004880-L.jpg
120,Building a StoryBrand,Donald Miller,building-a-storybrand,/works/OL19347277W,9781536693171,8458703,building-a-storybrand-cover.jpg,180,268,ok,2026-10-10,https://covers.openlibrary.org/b/id/8458703-M.jpg,https://covers.openlibrary.org/b/id/8458703-L.jpg
121,This Is Marketing,Seth Godin,this-is-marketing,/works/OL19764632W,9780525540830,14624926,this-is-marketing-cover.jpg,180,254,ok,2026-10-10,https://covers.openlibrary.org/b/id/14624926-M.jpg,https://covers.openlibrary.org/b/id/14624926-L.jpg
122,Purple Cow,Seth Godin,purple-cow,/works/OL2329258W,9781591845584,866008,purple-cow-cover.jpg,180,254,ok,2026-10-10,https://covers.openlibrary.org/b/id/866008-M.jpg,https://covers.openlibrary.org/b/id/866008-L.jpg
123,Contagious,Jonah Berger,contagious,/works/OL19711031W,9781476776682,9039370,contagious-cover.jpg,180,276,ok,2026-10-10,https://covers.openlibrary.org/b/id/9039370-M.jpg,https://covers.openlibrary.org/b/id/9039370-L.jpg
124,Badass: Making Users Awesome,Kathy Sierra,badass-making-users-awesome,/works/OL17998106W,9781491919019,8276337,badass-making-users-awesome-cover.jpg,180,270,ok,2026-10-10,https://covers.openlibrary.org/b/id/8276337-M.jpg,https://covers.openlibrary.org/b/id/8276337-L.jpg
125,How Brands Grow,Byron Sharp,how-brands-grow,/works/OL20288790W,9780195596267,8947122,how-brands-grow-cover.jpg,180,272,ok,2026-10-10,https://covers.openlibrary.org/b/id/8947122-M.jpg,https://covers.openlibrary.org/b/id/8947122-L.jpg
126,Demand-Side Sales 101,"Bob Moesta, Greg Engle",demand-side-sales-101,/works/OL22373615W,9781544509983,10455373,demand-side-sales-101-cover.jpg,180,264,ok,2026-10-10,https://covers.openlibrary.org/b/id/10455373-M.jpg,https://covers.openlibrary.org/b/id/10455373-L.jpg
127,High Output Management,Andrew S. Grove,high-output-management,/works/OL2355834W,9780679772040,421244,high-output-management-cover.jpg,180,284,ok,2026-10-10,https://covers.openlibrary.org/b/id/421244-M.jpg,https://covers.openlibrary.org/b/id/421244-L.jpg
128,The Making of a Manager,Julie Zhuo,the-making-of-a-manager,/works/OL20159758W,9780753562451,8805106,the-making-of-a-manager-cover.jpg,180,271,ok,2026-10-10,https://covers.openlibrary.org/b/id/8805106-M.jpg,https://covers.openlibrary.org/b/id/8805106-L.jpg
129,Radical Candor,Kim Scott,radical-candor,/works/OL17803541W,9781529038347,8088432,radical-candor-cover.jpg,180,273,ok,2026-10-10,https://covers.openlibrary.org/b/id/8088432-M.jpg,https://covers.openlibrary.org/b/id/8088432-L.jpg
130,The Five Dysfunctions of a Team,Patrick Lencioni,the-five-dysfunctions-of-a-team,/works/OL31272706W,9780787960759,14620714,the-five-dysfunctions-of-a-team-cover.jpg,180,225,ok,2026-10-10,https://covers.openlibrary.org/b/id/14620714-M.jpg,https://covers.openlibrary.org/b/id/14620714-L.jpg
131,Turn the Ship Around!,L. David Marquet,turn-the-ship-around,/works/OL17845539W,9781608323746,8142531,turn-the-ship-around-cover.jpg,180,271,ok,2026-10-10,https://covers.openlibrary.org/b/id/8142531-M.jpg,https://covers.openlibrary.org/b/id/8142531-L.jpg
132,Multipliers,Liz Wiseman,multipliers,/works/OL18569599W,9780062663078,9265081,multipliers-cover.jpg,180,272,ok,2026-10-10,https://covers.openlibrary.org/b/id/9265081-M.jpg,https://covers.openlibrary.org/b/id/9265081-L.jpg
133,The Manager's Path,Camille Fournier,the-managers-path,/works/OL19860807W,9781491973899,8667291,the-managers-path-cover.jpg,180,269,ok,2026-10-10,https://covers.openlibrary.org/b/id/8667291-M.jpg,https://covers.openlibrary.org/b/id/8667291-L.jpg
134,Crucial Conversations,"Joseph Grenny, Kerry Patterson, Ron McMillan, Al Switzler, Emily Gregory",crucial-conversations,/works/OL282391W,9781491515624,1711809,crucial-conversations-cover.jpg,180,232,ok,2026-10-10,https://covers.openlibrary.org/b/id/1711809-M.jpg,https://covers.openlibrary.org/b/id/1711809-L.jpg
135,Difficult Conversations,"Douglas Stone, Bruce Patton, Sheila Heen",difficult-conversations,/works/OL13513526W,9780786511037,2555094,difficult-conversations-cover.jpg,180,273,ok,2026-10-10,https://covers.openlibrary.org/b/id/2555094-M.jpg,https://covers.openlibrary.org/b/id/2555094-L.jpg
136,Start with Why,Simon Sinek,start-with-why,/works/OL13806374W,9781984842305,6395237,start-with-why-cover.jpg,180,240,ok,2026-10-10,https://covers.openlibrary.org/b/id/6395237-M.jpg,https://covers.openlibrary.org/b/id/6395237-L.jpg
137,Team Topologies,"Matthew Skelton, Manuel Pais",team-topologies,/works/OL21232655W,9781950508211,10354937,team-topologies-cover.jpg,180,269,ok,2026-10-10,https://covers.openlibrary.org/b/id/10354937-M.jpg,https://covers.openlibrary.org/b/id/10354937-L.jpg
138,Org Design for Design Orgs,"Peter Merholz, Kristin Skinner",org-design-for-design-orgs,,,,,,,none,2026-10-10,,
139,Influence Without Authority,"Allan R. Cohen, David L. Bradford",influence-without-authority,/works/OL19981439W,9781282370838,305013,influence-without-authority-cover.jpg,180,271,ok,2026-10-10,https://covers.openlibrary.org/b/id/305013-M.jpg,https://covers.openlibrary.org/b/id/305013-L.jpg
140,Leading Change,John P. Kotter,leading-change,/works/OL1932148W,9781422133415,668100,leading-change-cover.jpg,180,273,ok,2026-10-10,https://covers.openlibrary.org/b/id/668100-M.jpg,https://covers.openlibrary.org/b/id/668100-L.jpg
141,Switch,"Chip Heath, Dan Heath",switch,/works/OL8423529W,9781847940322,6968365,switch-cover.jpg,180,266,ok,2026-10-10,https://covers.openlibrary.org/b/id/6968365-M.jpg,https://covers.openlibrary.org/b/id/6968365-L.jpg
142,The Coaching Habit,Michael Bungay Stanier,the-coaching-habit,/works/OL20038440W,9780978440749,12515817,the-coaching-habit-cover.jpg,180,263,ok,2026-10-10,https://covers.openlibrary.org/b/id/12515817-M.jpg,https://covers.openlibrary.org/b/id/12515817-L.jpg
143,"Creativity, Inc.","Ed Catmull, Amy Wallace",creativity-inc,/works/OL17078912W,9781448126286,13124793,creativity-inc-cover.jpg,180,273,ok,2026-10-10,https://covers.openlibrary.org/b/id/13124793-M.jpg,https://covers.openlibrary.org/b/id/13124793-L.jpg
144,Dare to Lead,Brené Brown,dare-to-lead,/works/OL19754782W,9781984854032,10304768,dare-to-lead-cover.jpg,180,271,ok,2026-10-10,https://covers.openlibrary.org/b/id/10304768-M.jpg,https://covers.openlibrary.org/b/id/10304768-L.jpg
145,"Thinking, Fast and Slow",Daniel Kahneman,thinking-fast-and-slow,/works/OL15992072W,9781846146060,13290711,thinking-fast-and-slow-cover.jpg,180,233,ok,2026-10-10,https://covers.openlibrary.org/b/id/13290711-M.jpg,https://covers.openlibrary.org/b/id/13290711-L.jpg
146,Influence,Robert B. Cialdini,influence,/works/OL3902892W,9781886746763,431011,influence-cover.jpg,180,274,ok,2026-10-10,https://covers.openlibrary.org/b/id/431011-M.jpg,https://covers.openlibrary.org/b/id/431011-L.jpg
147,Nudge,"Richard H. Thaler, Cass R. Sunstein",nudge,/works/OL3936258W,9781282352421,6402116,nudge-cover.jpg,180,240,ok,2026-10-10,https://covers.openlibrary.org/b/id/6402116-M.jpg,https://covers.openlibrary.org/b/id/6402116-L.jpg
148,Hooked,Nir Eyal,hooked,/works/OL19992071W,9781591847786,12511799,hooked-cover.jpg,180,281,ok,2026-10-10,https://covers.openlibrary.org/b/id/12511799-M.jpg,https://covers.openlibrary.org/b/id/12511799-L.jpg
149,Predictably Irrational,Dan Ariely,predictably-irrational,/works/OL9302660W,9780062018205,2314080,predictably-irrational-cover.jpg,180,273,ok,2026-10-10,https://covers.openlibrary.org/b/id/2314080-M.jpg,https://covers.openlibrary.org/b/id/2314080-L.jpg
150,Thinking in Bets,Annie Duke,thinking-in-bets,/works/OL19736287W,9780735216372,8792782,thinking-in-bets-cover.jpg,180,270,ok,2026-10-10,https://covers.openlibrary.org/b/id/8792782-M.jpg,https://covers.openlibrary.org/b/id/8792782-L.jpg
151,Designing for Behavior Change,Stephen Wendel,designing-for-behavior-change,/works/OL21676835W,9781492056034,13302900,designing-for-behavior-change-cover.jpg,180,236,ok,2026-10-10,https://covers.openlibrary.org/b/id/13302900-M.jpg,https://covers.openlibrary.org/b/id/13302900-L.jpg
152,Alchemy,Rory Sutherland,alchemy,/works/OL20866639W,9781982608088,10184444,alchemy-cover.jpg,180,271,ok,2026-10-10,https://covers.openlibrary.org/b/id/10184444-M.jpg,https://covers.openlibrary.org/b/id/10184444-L.jpg
153,The Power of Habit,Charles Duhigg,the-power-of-habit,/works/OL16015154W,9781847946249,9078085,the-power-of-habit-cover.jpg,180,212,ok,2026-10-10,https://covers.openlibrary.org/b/id/9078085-M.jpg,https://covers.openlibrary.org/b/id/9078085-L.jpg
154,Drive,Daniel H. Pink,drive,/works/OL15016965W,9781847678881,6404786,drive-cover.jpg,180,240,ok,2026-10-10,https://covers.openlibrary.org/b/id/6404786-M.jpg,https://covers.openlibrary.org/b/id/6404786-L.jpg
155,Deceptive Patterns,Harry Brignull,deceptive-patterns,,,,,,,none,2026-10-10,,
156,The Paradox of Choice,Barry Schwartz,the-paradox-of-choice,/works/OL272375W,9781491514238,20382,the-paradox-of-choice-cover.jpg,180,276,ok,2026-10-10,https://covers.openlibrary.org/b/id/20382-M.jpg,https://covers.openlibrary.org/b/id/20382-L.jpg
157,The Lean Startup,Eric Ries,the-lean-startup,/works/OL16086010W,9781524762407,7104760,the-lean-startup-cover.jpg,180,261,ok,2026-10-10,https://covers.openlibrary.org/b/id/7104760-M.jpg,https://covers.openlibrary.org/b/id/7104760-L.jpg
158,The Innovator's Dilemma,Clayton M. Christensen,the-innovators-dilemma,/works/OL1999873W,9781681686905,9274687,the-innovators-dilemma-cover.jpg,180,273,ok,2026-10-10,https://covers.openlibrary.org/b/id/9274687-M.jpg,https://covers.openlibrary.org/b/id/9274687-L.jpg
159,Zero to One,"Peter Thiel, Blake Masters",zero-to-one,/works/OL17078706W,9780804165259,9002334,zero-to-one-cover.jpg,180,208,ok,2026-10-10,https://covers.openlibrary.org/b/id/9002334-M.jpg,https://covers.openlibrary.org/b/id/9002334-L.jpg
160,The Hard Thing About Hard Things,Ben Horowitz,the-hard-thing-about-hard-things,/works/OL16818208W,9781483002897,7279515,the-hard-thing-about-hard-things-cover.jpg,124,187,ok,2026-10-10,https://covers.openlibrary.org/b/id/7279515-M.jpg,https://covers.openlibrary.org/b/id/7279515-L.jpg
161,Good to Great,Jim Collins,good-to-great,/works/OL3486275W,9780712676090,7431270,good-to-great-cover.jpg,180,273,ok,2026-10-10,https://covers.openlibrary.org/b/id/7431270-M.jpg,https://covers.openlibrary.org/b/id/7431270-L.jpg
162,Rework,"Jason Fried, David Heinemeier Hansson",rework,/works/OL15168112W,9781785043024,6679955,rework-cover.jpg,180,271,ok,2026-10-10,https://covers.openlibrary.org/b/id/6679955-M.jpg,https://covers.openlibrary.org/b/id/6679955-L.jpg
163,The E-Myth Revisited,Michael E. Gerber,the-e-myth-revisited,/works/OL1821254W,9780887307287,684209,the-e-myth-revisited-cover.jpg,180,274,ok,2026-10-10,https://covers.openlibrary.org/b/id/684209-M.jpg,https://covers.openlibrary.org/b/id/684209-L.jpg
164,Shoe Dog,Phil Knight,shoe-dog,/works/OL17825802W,9781534415201,8858487,shoe-dog-cover.jpg,180,271,ok,2026-10-10,https://covers.openlibrary.org/b/id/8858487-M.jpg,https://covers.openlibrary.org/b/id/8858487-L.jpg
165,The Four Steps to the Epiphany,Steve Blank,the-four-steps-to-the-epiphany,/works/OL9216355W,9781411601727,4985314,the-four-steps-to-the-epiphany-cover.jpg,128,166,ok,2026-10-10,https://covers.openlibrary.org/b/id/4985314-M.jpg,https://covers.openlibrary.org/b/id/4985314-L.jpg
166,Venture Deals,"Brad Feld, Jason Mendelson",venture-deals,/works/OL16134369W,9781283917506,8732100,venture-deals-cover.jpg,180,267,ok,2026-10-10,https://covers.openlibrary.org/b/id/8732100-M.jpg,https://covers.openlibrary.org/b/id/8732100-L.jpg
167,The Personal MBA,Josh Kaufman,the-personal-mba,/works/OL15473892W,9781591845577,6713257,the-personal-mba-cover.jpg,180,275,ok,2026-10-10,https://covers.openlibrary.org/b/id/6713257-M.jpg,https://covers.openlibrary.org/b/id/6713257-L.jpg
168,Deep Work,Cal Newport,deep-work,/works/OL17713267W,9781478936596,7988607,deep-work-cover.jpg,180,271,ok,2026-10-10,https://covers.openlibrary.org/b/id/7988607-M.jpg,https://covers.openlibrary.org/b/id/7988607-L.jpg
169,Atomic Habits,James Clear,atomic-habits,/works/OL17930368W,9781847941848,12539702,atomic-habits-cover.jpg,180,243,ok,2026-10-10,https://covers.openlibrary.org/b/id/12539702-M.jpg,https://covers.openlibrary.org/b/id/12539702-L.jpg
170,Getting Things Done,David Allen,getting-things-done,/works/OL271504W,9781508215530,109288,getting-things-done-cover.jpg,180,267,ok,2026-10-10,https://covers.openlibrary.org/b/id/109288-M.jpg,https://covers.openlibrary.org/b/id/109288-L.jpg
171,The 7 Habits of Highly Effective People,Stephen R. Covey,the-7-habits-of-highly-effective-people,/works/OL2629977W,9781982143817,10079937,the-7-habits-of-highly-effective-people-cover.jpg,180,273,ok,2026-10-10,https://covers.openlibrary.org/b/id/10079937-M.jpg,https://covers.openlibrary.org/b/id/10079937-L.jpg
172,Essentialism,Greg McKeown,essentialism,/works/OL17043626W,9780804165297,7285986,essentialism-cover.jpg,180,271,ok,2026-10-10,https://covers.openlibrary.org/b/id/7285986-M.jpg,https://covers.openlibrary.org/b/id/7285986-L.jpg
173,So Good They Can't Ignore You,Cal Newport,so-good-they-cant-ignore-you,/works/OL16283407W,9781478910077,9215292,so-good-they-cant-ignore-you-cover.jpg,180,272,ok,2026-10-10,https://covers.openlibrary.org/b/id/9215292-M.jpg,https://covers.openlibrary.org/b/id/9215292-L.jpg
174,Building a Second Brain,Tiago Forte,building-a-second-brain,/works/OL26417584W,9781982167400,12372866,building-a-second-brain-cover.jpg,180,271,ok,2026-10-10,https://covers.openlibrary.org/b/id/12372866-M.jpg,https://covers.openlibrary.org/b/id/12372866-L.jpg
175,Four Thousand Weeks,Oliver Burkeman,four-thousand-weeks,/works/OL22355777W,9781847924025,11990973,four-thousand-weeks-cover.jpg,180,276,ok,2026-10-10,https://covers.openlibrary.org/b/id/11990973-M.jpg,https://covers.openlibrary.org/b/id/11990973-L.jpg
176,On Writing Well,William Zinsser,on-writing-well,/works/OL2742235W,9781559943499,20450,on-writing-well-cover.jpg,180,271,ok,2026-10-10,https://covers.openlibrary.org/b/id/20450-M.jpg,https://covers.openlibrary.org/b/id/20450-L.jpg
177,The Pyramid Principle,Barbara Minto,the-pyramid-principle,/works/OL3012477W,9781405822145,2346771,the-pyramid-principle-cover.jpg,180,272,ok,2026-10-10,https://covers.openlibrary.org/b/id/2346771-M.jpg,https://covers.openlibrary.org/b/id/2346771-L.jpg
178,The Effective Executive,Peter F. Drucker,the-effective-executive,,,,,,,none,2026-10-10,,
179,Mindset,Carol S. Dweck,mindset,/works/OL2003465W,9781780333939,746414,mindset-cover.jpg,180,273,ok,2026-10-10,https://covers.openlibrary.org/b/id/746414-M.jpg,https://covers.openlibrary.org/b/id/746414-L.jpg
180,How to Win Friends and Influence People,Dale Carnegie,how-to-win-friends-and-influence-people,/works/OL1063267W,9781982171476,13314878,how-to-win-friends-and-influence-people-cover.jpg,180,274,ok,2026-10-10,https://covers.openlibrary.org/b/id/13314878-M.jpg,https://covers.openlibrary.org/b/id/13314878-L.jpg
181,Resonate,Nancy Duarte,resonate,/works/OL19899746W,9781282914049,8715221,resonate-cover.jpg,180,180,ok,2026-10-10,https://covers.openlibrary.org/b/id/8715221-M.jpg,https://covers.openlibrary.org/b/id/8715221-L.jpg
