domain,url,lastmod,first_segment,slug,slug_tokens,year,content
departmentofproduct.com,https://departmentofproduct.com,2026-10-07,,,,,noncontent
departmentofproduct.com,https://departmentofproduct.com/platform/product-intelligence,2026-10-07,platform,product-intelligence,product intelligence,,content
departmentofproduct.com,https://departmentofproduct.com/platform/strategy,2026-10-07,platform,strategy,strategy,,content
departmentofproduct.com,https://departmentofproduct.com/platform/ux-teardowns,2026-10-07,platform,ux-teardowns,ux teardowns,,content
departmentofproduct.com,https://departmentofproduct.com/platform/org-design,2026-10-07,platform,org-design,org design,,content
departmentofproduct.com,https://departmentofproduct.com/blog,2026-10-07,blog,blog,blog,,noncontent
departmentofproduct.com,https://departmentofproduct.com/newsletter,2026-10-07,newsletter,newsletter,newsletter,,noncontent
departmentofproduct.com,https://departmentofproduct.com/changelog,2026-10-07,changelog,changelog,changelog,,noncontent
departmentofproduct.com,https://departmentofproduct.com/about,2026-10-07,about,about,about,,noncontent
departmentofproduct.com,https://departmentofproduct.com/newsletter/sponsorship,2026-10-07,newsletter,sponsorship,sponsorship,,content
departmentofproduct.com,https://departmentofproduct.com/contact,2026-10-07,contact,contact,contact,,noncontent
departmentofproduct.com,https://departmentofproduct.com/blog/page/2,2026-10-07,blog,2,2,,noncontent
departmentofproduct.com,https://departmentofproduct.com/blog/page/3,2026-10-07,blog,3,3,,noncontent
departmentofproduct.com,https://departmentofproduct.com/blog/page/4,2026-10-07,blog,4,4,,noncontent
departmentofproduct.com,https://departmentofproduct.com/blog/page/5,2026-10-07,blog,5,5,,noncontent
departmentofproduct.com,https://departmentofproduct.com/blog/apis-explained-for-product-managers,2016-12-22,blog,apis-explained-for-product-managers,apis explained for product managers,,content
departmentofproduct.com,https://departmentofproduct.com/blog/writing-bdd-test-scenarios,2017-07-04,blog,writing-bdd-test-scenarios,writing bdd test scenarios,,content
departmentofproduct.com,https://departmentofproduct.com/blog/product-monetization-strategies,2017-08-01,blog,product-monetization-strategies,product monetization strategies,,content
departmentofproduct.com,https://departmentofproduct.com/blog/sql-skills-for-product-managers,2017-05-05,blog,sql-skills-for-product-managers,sql skills for product managers,,content
departmentofproduct.com,https://departmentofproduct.com/blog/github-explained-for-product-managers,2017-08-11,blog,github-explained-for-product-managers,github explained for product managers,,content
departmentofproduct.com,https://departmentofproduct.com/blog/metrics-matter-product-managers,2017-05-19,blog,metrics-matter-product-managers,metrics matter product managers,,content
departmentofproduct.com,https://departmentofproduct.com/blog/how-to-read-api-documentation,2022-03-16,blog,how-to-read-api-documentation,how to read api documentation,,content
departmentofproduct.com,https://departmentofproduct.com/blog/5-useful-diagrams-for-product-managers,2017-12-05,blog,5-useful-diagrams-for-product-managers,5 useful diagrams for product managers,,content
departmentofproduct.com,https://departmentofproduct.com/blog/product-principles-examples-for-product-managers,2022-10-23,blog,product-principles-examples-for-product-managers,product principles examples for product managers,,content
departmentofproduct.com,https://departmentofproduct.com/blog/technology-skills-product-managers,2020-06-16,blog,technology-skills-product-managers,technology skills product managers,,content
departmentofproduct.com,https://departmentofproduct.com/blog/how-to-run-product-strategy-workshops,2019-04-03,blog,how-to-run-product-strategy-workshops,how to run product strategy workshops,,content
departmentofproduct.com,https://departmentofproduct.com/blog/product-roadmaps-guide,2017-07-17,blog,product-roadmaps-guide,product roadmaps guide,,content
departmentofproduct.com,https://departmentofproduct.com/blog/design-experiments-product,2017-06-12,blog,design-experiments-product,design experiments product,,content
departmentofproduct.com,https://departmentofproduct.com/blog/the-product-council-guide,2017-08-22,blog,the-product-council-guide,the product council guide,,content
departmentofproduct.com,https://departmentofproduct.com/blog/product-development-processes-you-might-not-have-heard-of,2022-10-25,blog,product-development-processes-you-might-not-have-heard-of,product development processes you might not have heard of,,content
departmentofproduct.com,https://departmentofproduct.com/blog/how-to-conduct-a-product-health-check,2022-08-22,blog,how-to-conduct-a-product-health-check,how to conduct a product health check,,content
departmentofproduct.com,https://departmentofproduct.com/blog/unconventional-advice-for-transitioning-to-head-of-product,2020-06-03,blog,unconventional-advice-for-transitioning-to-head-of-product,unconventional advice for transitioning to head of product,,content
departmentofproduct.com,https://departmentofproduct.com/blog/how-to-measure-product-market-fit,2019-09-15,blog,how-to-measure-product-market-fit,how to measure product market fit,,content
departmentofproduct.com,https://departmentofproduct.com/blog/the-product-managers-guide-to-drawing-on-a-whiteboard,2016-12-15,blog,the-product-managers-guide-to-drawing-on-a-whiteboard,the product managers guide to drawing on a whiteboard,,content
departmentofproduct.com,https://departmentofproduct.com/blog/how-to-structure-your-product-org-to-optimise-for-growth,2022-06-27,blog,how-to-structure-your-product-org-to-optimise-for-growth,how to structure your product org to optimise for growth,,content
departmentofproduct.com,https://departmentofproduct.com/blog/how-to-get-the-most-out-of-a-product-beta-phase,2022-05-06,blog,how-to-get-the-most-out-of-a-product-beta-phase,how to get the most out of a product beta phase,,content
departmentofproduct.com,https://departmentofproduct.com/blog/how-to-create-a-product-vision-statement,2022-02-13,blog,how-to-create-a-product-vision-statement,how to create a product vision statement,,content
departmentofproduct.com,https://departmentofproduct.com/blog/how-to-design-permissions-for-saas-products,2023-01-09,blog,how-to-design-permissions-for-saas-products,how to design permissions for saas products,,content
departmentofproduct.com,https://departmentofproduct.com/blog/how-product-teams-can-agree-ways-of-working,2020-01-02,blog,how-product-teams-can-agree-ways-of-working,how product teams can agree ways of working,,content
departmentofproduct.com,https://departmentofproduct.com/blog/negotiation-skills-for-product-managers,2022-06-07,blog,negotiation-skills-for-product-managers,negotiation skills for product managers,,content
departmentofproduct.com,https://departmentofproduct.com/blog/microservices-explained-for-product-managers,2022-12-02,blog,microservices-explained-for-product-managers,microservices explained for product managers,,content
departmentofproduct.com,https://departmentofproduct.com/blog/modern-ways-to-create-product-requirements-documents,2022-02-24,blog,modern-ways-to-create-product-requirements-documents,modern ways to create product requirements documents,,content
departmentofproduct.com,https://departmentofproduct.com/blog/5-essential-business-skills-for-product-managers,2016-12-02,blog,5-essential-business-skills-for-product-managers,5 essential business skills for product managers,,content
departmentofproduct.com,https://departmentofproduct.com/blog/how-to-send-internal-product-updates-stakeholders-will-read,2022-02-21,blog,how-to-send-internal-product-updates-stakeholders-will-read,how to send internal product updates stakeholders will read,,content
departmentofproduct.com,https://departmentofproduct.com/blog/5-design-principles-for-product-managers,2020-10-26,blog,5-design-principles-for-product-managers,5 design principles for product managers,,content
departmentofproduct.com,https://departmentofproduct.com/blog/how-online-payments-work,2017-09-01,blog,how-online-payments-work,how online payments work,,content
departmentofproduct.com,https://departmentofproduct.com/blog/5-ways-to-keep-teams-aligned-as-a-product-manager,2022-05-05,blog,5-ways-to-keep-teams-aligned-as-a-product-manager,5 ways to keep teams aligned as a product manager,,content
departmentofproduct.com,https://departmentofproduct.com/blog/web3-for-product-managers-a-guide-for-the-crypto-curious,2022-05-23,blog,web3-for-product-managers-a-guide-for-the-crypto-curious,web3 for product managers a guide for the crypto curious,,content
departmentofproduct.com,https://departmentofproduct.com/blog/react-explained-for-product-managers,2022-06-22,blog,react-explained-for-product-managers,react explained for product managers,,content
departmentofproduct.com,https://departmentofproduct.com/blog/meetings-master-product-manager,2018-02-16,blog,meetings-master-product-manager,meetings master product manager,,content
departmentofproduct.com,https://departmentofproduct.com/blog/saas-pricing-models-for-product-managers,2022-02-18,blog,saas-pricing-models-for-product-managers,saas pricing models for product managers,,content
departmentofproduct.com,https://departmentofproduct.com/blog/how-to-create-a-product-content-strategy,2020-08-02,blog,how-to-create-a-product-content-strategy,how to create a product content strategy,,content
departmentofproduct.com,https://departmentofproduct.com/blog/backlog-grooming-an-essential-guide,2017-06-28,blog,backlog-grooming-an-essential-guide,backlog grooming an essential guide,,content
departmentofproduct.com,https://departmentofproduct.com/blog/the-5-types-of-product-differentiation,2020-08-11,blog,the-5-types-of-product-differentiation,the 5 types of product differentiation,,content
departmentofproduct.com,https://departmentofproduct.com/blog/how-to-de-risk-your-product-strategy,2022-07-26,blog,how-to-de-risk-your-product-strategy,how to de risk your product strategy,,content
departmentofproduct.com,https://departmentofproduct.com/blog/how-to-build-better-internal-tools,2020-09-21,blog,how-to-build-better-internal-tools,how to build better internal tools,,content
departmentofproduct.com,https://departmentofproduct.com/blog/making-sense-of-usability-test-results,2018-01-09,blog,making-sense-of-usability-test-results,making sense of usability test results,,content
departmentofproduct.com,https://departmentofproduct.com/blog/scope-management-is-product-management,2020-09-13,blog,scope-management-is-product-management,scope management is product management,,content
departmentofproduct.com,https://departmentofproduct.com/blog/how-to-structure-your-day-using-energy-levels-as-a-product-manager,2022-11-01,blog,how-to-structure-your-day-using-energy-levels-as-a-product-manager,how to structure your day using energy levels as a product manager,,content
departmentofproduct.com,https://departmentofproduct.com/blog/how-to-differentiate-your-product,2017-11-02,blog,how-to-differentiate-your-product,how to differentiate your product,,content
departmentofproduct.com,https://departmentofproduct.com/blog/alternative-product-business-models,2023-01-17,blog,alternative-product-business-models,alternative product business models,,content
departmentofproduct.com,https://departmentofproduct.com/blog/how-product-managers-and-sales-teams-can-work-effectively-together,2022-06-01,blog,how-product-managers-and-sales-teams-can-work-effectively-together,how product managers and sales teams can work effectively together,,content
departmentofproduct.com,https://departmentofproduct.com/blog/how-to-communicate-with-your-engineers,2017-06-05,blog,how-to-communicate-with-your-engineers,how to communicate with your engineers,,content
departmentofproduct.com,https://departmentofproduct.com/blog/5-no-code-automation-worklows-for-product-managers,2022-03-13,blog,5-no-code-automation-worklows-for-product-managers,5 no code automation worklows for product managers,,content
