heading,list_count,entry_count
Books,4,34
Articles,3,77
Tools,3,57
Stock Videos,3,21
Videos,3,13
Colors,2,91
Design Inspiration,2,78
Icons,2,71
Typography,2,32
Podcast,2,25
Blogs,2,24
Resources,2,23
User Testing,2,19
Information Architecture,2,11
Conferences,2,10
Inspiration,2,10
User Interview,2,8
Communities,2,6
Guides,2,5
Newsletters,2,4
Design Systems,1,151
Read and Digest,1,97
Online Design Tools,1,96
React UI Libraries,1,79
Others,1,76
UI Components & Kits,1,68
CSS Frameworks,1,64
UI Graphics,1,47
Fonts,1,46
Image Compression,1,44
Design Systems & Style Guides,1,43
Vue UI Libraries,1,43
Styleguide and Branding,1,42
Icon and Logo,1,40
Stock Photos,1,40
Icons Tools,1,39
Chrome Extensions,1,37
Color Picker Tools,1,36
Javascript Animation Libraries,1,36
Stock,1,36
Stock Photos Tools,1,34
Collaboration Tools,1,33
Mockup Tools,1,32
Color,1,31
HTML & CSS Templates,1,31
Vectors & Clip Art,1,31
Product Strategy & Planning,1,30
CSS Animations,1,27
Font Tools,1,27
Firefox Extensions,1,24
Product & Image Mockups,1,24
Accessibility Tools,1,22
Conference and Festival,1,22
Icon Fonts,1,22
"Roadmaps, Planning, and Prioritization",1,22
Screenshot Software,1,22
Design,1,21
Product Development & Process,1,21
Prototyping Tools,1,21
User Research Tools,1,21
Animation Tools,1,20
Online Courses,1,20
UI Design Tools,1,20
Toolkit,1,19
Angular UI Libraries,1,18
Design to Code Tools,1,18
Downloadable Design Software,1,18
Gradient Tools,1,18
Prototyping,1,18
Become The Best In The Field,1,17
Career Prep: The Interview,1,17
Design System Tools,1,17
Development,1,17
Product Fundamentals & Philosophy,1,17
Customer Research & User Experience,1,16
Experience Monitoring,1,16
Leadership,1,16
Team Collaboration & Leadership,1,16
Career Development & Skills,1,15
Illustrations,1,15
Mockup,1,15
Podcasts,1,15
Software,1,15
User Flow Tools,1,15
Book,1,14
Guidelines,1,14
Javascript Chart Libraries,1,14
Svelte UI Libraries,1,14
Analytics,1,13
Logo Design,1,13
North America,1,13
Product Development,1,13
Sample Product Documentation,1,13
Sound Design,1,13
What Is Product Management?,1,13
Augmented Reality,1,12
How To Work With X,1,12
Logos,1,12
No Code Tools,1,12
React Native UI Libraries,1,12
Slides,1,12
Startups,1,12
Stock Music & Sound Effects,1,12
Team Management,1,12
Three D Modeling Software,1,12
Award,1,11
Interviews,1,11
Pixel Art Tools,1,11
Shipping and Measuring Products,1,11
Favicons,1,10
Wireframing Tools,1,10
Becoming A Product Guru,1,9
Mockups and Marketing,1,9
Online Blogs,1,9
Product Case Studies,1,9
Product Management Fundamentals,1,9
Session recording,1,9
Stock Images,1,9
Tutorial,1,9
User Research,1,9
Blogs and Podcasts,1,8
Career Prep: Resume,1,8
People to follow,1,8
Softwares,1,8
Templates,1,8
Testing,1,8
Tools for Learning Design,1,8
AI Graphic Design Tools,1,7
Building Great Products,1,7
Career Prep: Company Types,1,7
Community,1,7
Design Handoff Tools,1,7
Feature flags & experimentation,1,7
Growth Hackers,1,7
Growth Hacking with Referrals,1,7
Resource Repositories,1,7
What is Growth Hacking,1,7
All-in-one platforms,1,6
Basics,1,6
Design Version Control,1,6
Development Tools,1,6
Groups,1,6
In-app surveys,1,6
Is It Really For You?,1,6
Organizing Your Team,1,6
Product analytics,1,6
SMM Design Tools,1,6
Storyboard,1,6
Talk,1,6
Team Leadership & Management,1,6
Writing,1,6
Asia,1,5
CSS Methodologies,1,5
Data,1,5
Event,1,5
Font Foundries,1,5
General/Introdutions,1,5
Get Out Of The Building,1,5
Note-taking & Knowledge Management,1,5
Research Synthesis,1,5
Task & Project Management,1,5
The Fundamentals,1,5
All About Those Requirements,1,4
Customer data platform,1,4
Engineering & Technical,1,4
Examples,1,4
Feedback analysis,1,4
Growth & Marketing,1,4
Product Metrics & Analytics,1,4
Product Roadmapping & Feedback,1,4
Product tours & onboarding,1,4
Psychology & Behavioral Change,1,4
Research Plan,1,4
Sketching Tools,1,4
Visual Debugging Tools,1,4
Web analytics,1,4
Acessibility,1,3
Additional resources,1,3
Business intelligence,1,3
Design & Prototyping,1,3
Design Patterns,1,3
Freebies,1,3
Give and Receive Feedback,1,3
Marketing,1,3
Personas,1,3
Product discovery,1,3
Research repository,1,3
Stakeholder Interviews,1,3
User recruitment,1,3
Career Prep Mentorship,1,2
Career Prep: Where to Apply,1,2
Competitive Analysis,1,2
Design Feedback Tools,1,2
Empathy Map,1,2
Engineering,1,2
Hiring a Product Manager Tips/Tricks,1,2
Job to be Done,1,2
Marketing analytics,1,2
Open Source Projects,1,2
Other,1,2
Research,1,2
South America,1,2
User Experience,1,2
Visual Design,1,2
Agile Leadership,1,1
Decision Making,1,1
Europe,1,1
How to Use,1,1
How to Use and Contribute,1,1
Minimum Viable Product Manager (MVPM),1,1
OKRs & Outcome Tracking,1,1
