section,domain,type,source,note
links,bookmarks.design,directory,owner 2026-10-08,design-related useful links; the model the owner has in mind for the Links section (wider scope for us: product tools too)
links,uxtools.co,directory,hand seed,
links,toools.design,directory,hand seed,
links,uxdatabase.io,directory,hand seed,
links,undesign.learn.uno,directory,hand seed,
links,prototypr.io,directory,hand seed,toolbox section
links,designresourc.es,directory,hand seed,
links,startupstash.com,directory,hand seed,
links,futurepedia.io,directory,hand seed,AI tools
links,producthunt.com,directory,hand seed,collections only
links,github.com,directory,hand seed,awesome lists: product management; UX; design
books,lennysnewsletter.com,book list,hand seed,
books,mindtheproduct.com,book list,hand seed,
books,productschool.com,book list,hand seed,
books,nngroup.com,book list,hand seed,reading list
books,bookauthority.org,book list,hand seed,
books,mostrecommendedbooks.com,book list,hand seed,
books,fivebooks.com,book list,hand seed,
books,goodreads.com,book list,hand seed,shelves
books,uxdesign.cc,book list,hand seed,roundups
tools,evanmiller.org,calculator,hand seed,A/B calculators
tools,measuringu.com,calculator,hand seed,
tools,abtestguide.com,calculator,hand seed,
tools,optimizely.com,calculator,hand seed,sample size
tools,statsig.com,calculator,hand seed,
tools,surveymonkey.com,calculator,hand seed,sample size
tools,cxl.com,calculator,hand seed,
tools,intercom.com,calculator,hand seed,RICE
tools,productboard.com,calculator,hand seed,RICE
tools,roadmunk.com,calculator,hand seed,RICE
tools,fibery.io,calculator,hand seed,RICE
templates,figma.com,gallery,hand seed,community
templates,notion.com,gallery,hand seed,template gallery
templates,miro.com,gallery,hand seed,Miroverse
templates,atlassian.com,gallery,hand seed,
templates,aha.io,gallery,hand seed,
templates,productboard.com,gallery,hand seed,
templates,maze.co,gallery,hand seed,
templates,dovetail.com,gallery,hand seed,
templates,nngroup.com,gallery,hand seed,free templates
templates,mural.co,gallery,hand seed,
articles,smashingmagazine.com,publication,hand seed,
articles,nngroup.com,publication,hand seed,
articles,uxdesign.cc,publication,hand seed,UX Collective
articles,uxplanet.org,publication,hand seed,
articles,uxmatters.com,publication,hand seed,
articles,alistapart.com,publication,hand seed,
articles,boxesandarrows.com,publication,hand seed,
articles,uxbooth.com,publication,hand seed,
articles,ixdf.org,publication,hand seed,
articles,mindtheproduct.com,publication,hand seed,
articles,productcoalition.com,publication,hand seed,
articles,departmentofproduct.com,publication,hand seed,
articles,productschool.com,publication,hand seed,
articles,pragmaticinstitute.com,publication,hand seed,
articles,svpg.com,publication,hand seed,
articles,reforge.com,publication,hand seed,
articles,lennysnewsletter.com,publication,hand seed,
articles,producttalk.org,expert,hand seed,Teresa Torres
articles,romanpichler.com,expert,hand seed,
articles,cutlefish.substack.com,expert,hand seed,John Cutler
articles,centercentre.com,expert,hand seed,Jared Spool
articles,lukew.com,expert,hand seed,
articles,melissaperri.com,expert,hand seed,
articles,gibsonbiddle.com,expert,hand seed,
articles,juliezhuo.com,expert,hand seed,
articles,measuringu.com,expert,hand seed,Jeff Sauro
articles,andrewchen.com,expert,hand seed,
articles,growthunhinged.com,expert,hand seed,Kyle Poyar
articles,mountaingoatsoftware.com,expert,hand seed,Mike Cohn
articles,jpattonassociates.com,expert,hand seed,Jeff Patton
articles,baymard.com,expert,hand seed,
articles,lawsofux.com,expert,hand seed,
articles,growth.design,expert,hand seed,
articles,productboard.com,saas blog,hand seed,glossary
articles,productplan.com,saas blog,hand seed,glossary
articles,aha.io,saas blog,hand seed,
articles,hotjar.com,saas blog,hand seed,
articles,maze.co,saas blog,hand seed,
articles,userpilot.com,saas blog,hand seed,
articles,amplitude.com,saas blog,hand seed,
articles,mixpanel.com,saas blog,hand seed,
articles,pendo.io,saas blog,hand seed,
articles,dovetail.com,saas blog,hand seed,
articles,atlassian.com,saas blog,hand seed,Agile Coach
articles,scrum.org,saas blog,hand seed,
