domain,organic_etv,organic_count,paid_etv,sections,page_one_total,tier
omnicalculator.com,11060954,1050597,0,tools,2,A
goodreads.com,10251469,3759667,0,books,3,A
geeksforgeeks.org,2532368,1688847,0,articles,2,A
coursera.org,1861038,476979,1998,articles,3,A
figma.com,1436611,198167,40,articles;links;templates,8,A
salesforce.com,971723,248025,417,articles,2,B
atlassian.com,420717,192758,584,articles;links;tools;templates,12,B
notion.com,320481,59235,0,templates,9,B
wallstreetprep.com,200075,95222,0,tools,2,B
producthunt.com,199284,46074,0,links,0,B
smartsheet.com,188985,87639,30,templates,2,B
miro.com,163746,48699,0,links;templates,3,B
surveymonkey.com,144123,43247,42,tools,0,B
clickup.com,118417,112057,68,templates,4,B
fontawesome.com,111339,25719,0,links,2,B
w3.org,109784,294059,0,articles,2,B
online.hbs.edu,68686,71233,41,articles,2,C
nngroup.com,63183,60355,0,articles;books;tools;templates,5,C
creately.com,54535,73169,0,templates,3,C
fivebooks.com,51823,65499,0,books,0,C
mostrecommendedbooks.com,44594,87337,0,books,0,C
statsig.com,37222,16750,28,articles;tools,2,C
ixdf.org,32981,32656,0,articles,0,C
cufonfonts.com,30640,30748,0,links,2,C
futurepedia.io,30161,7629,0,links,0,C
aha.io,28822,12367,101,articles;templates,2,C
airfocus.com,28441,15530,8,articles,2,C
dovetail.com,27468,41151,0,articles;links;templates,2,C
amplitude.com,25299,17233,0,articles;links;books;tools,6,C
usertesting.com,25214,10305,0,articles,3,C
mural.co,21293,16219,0,templates,2,C
productplan.com,20541,18326,0,articles;links;books,13,C
uxdesign.cc,18851,54690,0,articles;books,0,C
measuringu.com,18525,7421,0,articles;tools,1,C
optimizely.com,18092,12243,0,tools,1,C
scrum.org,17058,16959,0,articles;books;tools,2,C
smashingmagazine.com,16972,26675,0,articles,0,C
lennysnewsletter.com,15099,34528,0,articles;books,0,C
intercom.com,14638,10085,78,tools,0,C
uxplanet.org,13291,19443,0,articles;links;books,3,C
pendo.io,12259,1975,1546,articles;links,3,C
userpilot.com,9854,8757,0,articles;links,2,D
mountaingoatsoftware.com,9692,16079,0,articles;books;tools;templates,3,D
productschool.com,7453,9532,0,articles;links;books,5,D
prototypr.io,6809,11127,0,links,0,D
maze.co,6654,6130,0,articles;links;books;templates,6,D
mixpanel.com,6616,2465,5,articles,1,D
cxl.com,6582,10050,21,tools,1,D
svpg.com,6576,35040,0,articles,1,D
productboard.com,6136,7210,0,articles;tools;templates,2,D
startupstash.com,6085,8214,0,links,0,D
producttalk.org,5301,5371,0,articles,0,D
ones.com,5289,22457,0,templates,2,D
nextleap.app,3947,3846,0,books,2,D
pragmaticinstitute.com,3764,5273,0,articles,1,D
freedesignresources.net,3588,1062,0,links,2,D
alistapart.com,3463,12011,0,articles,0,D
baymard.com,3302,8571,0,articles,0,D
reforge.com,3236,4916,0,articles;templates,2,D
lawsofux.com,2531,1009,0,articles,0,D
abtestguide.com,2077,548,0,tools,1,D
andrewchen.com,2036,18995,0,articles,0,D
userflow.com,1854,1460,0,books,3,D
evanmiller.org,1640,7789,0,tools,1,D
uxmatters.com,1422,3393,0,articles,0,D
mindtheproduct.com,1357,2481,0,articles;books,1,D
jpattonassociates.com,1242,1686,0,articles,0,D
fibery.io,1220,1364,0,tools,0,D
toools.design,1080,1497,0,links,2,D
hotjar.com,1015,312,0,articles,0,D
boxesandarrows.com,1000,4291,0,articles,0,D
cutlefish.substack.com,808,5269,0,articles,0,D
lukew.com,807,2846,0,articles,0,D
blog.uxfol.io,685,1276,0,books,2,D
productcoalition.com,594,2611,0,articles,1,D
bringthedonuts.com,586,6414,0,books,3,D
bookauthority.org,583,19201,0,books,0,D
bookmarks.design,478,179,0,links,0,D
growth.design,393,126,0,articles,0,D
productmanagementexercises.com,332,863,0,books,2,D
romanpichler.com,320,1378,0,articles,1,D
uxtools.co,260,230,0,links,0,D
melissaperri.com,253,1446,0,articles,0,D
designresourc.es,225,49,0,links,1,D
centercentre.com,189,426,0,articles,0,D
juliezhuo.com,185,23,0,articles,0,D
departmentofproduct.com,170,411,0,articles,0,D
okrinstitute.org,168,660,0,templates,2,D
gibsonbiddle.com,151,381,0,articles,0,D
growthunhinged.com,151,298,0,articles,0,D
johannesippen.com,72,80,0,books,2,D
roadmunk.com,70,8,0,tools,0,D
undesign.learn.uno,31,64,0,links,0,D
uxdatabase.io,20,129,0,links,0,D
behindthecmo.com,3,38,0,tools,2,D
uxbooth.com,0,16,0,articles,0,D
