domain,category,group,units,articles,searches,difficulty,score_min,score_max,band
Design,UX research,,9,31,220780,8,41.2,68.0,easy
Design,UX research,Research methods,2,4,12600,8,61.6,68.0,easy
Design,UX research,Surveys and questionnaires,1,11,94310,7,60.4,60.4,easy
Design,UX research,Usability testing,1,5,39100,8,62.2,62.2,easy
Design,UX research,Interviews and focus groups,1,1,25370,16,50.3,50.3,work
Design,UX research,Personas,2,3,10010,26,41.2,44.7,work
Design,UX research,Journey maps,1,5,27720,19,43.0,43.0,work
Design,UX research,Market and competitor research,1,2,11670,23,44.0,44.0,work
Design,UX design,,8,19,235725,7,44.3,68.1,easy
Design,UX design,UX process and the discipline,1,3,160700,7,68.1,68.1,easy
Design,UX design,Information architecture,1,3,5980,12,53.9,53.9,promising
Design,UX design,UX writing,1,2,4740,,51.9,51.9,nodata
Design,UX design,Design thinking,3,8,45375,27,44.3,51.9,work
Design,UX design,Customer experience,1,2,18820,7,52.0,52.0,promising
Design,UX design,AI in UX work,1,1,110,24,49.0,53.5,work
Design,UI design,,4,23,165735,34,47.0,63.9,work
Design,UI design,Visual design principles,1,1,37200,20,47.0,47.0,work
Design,UI design,UI components and patterns,1,2,14370,2,51.0,51.0,promising
Design,UI design,Web design (your call),1,14,94835,34,63.9,63.9,work
Design,UI design,AI prototyping tools,1,6,19330,24,49.0,49.0,work
Design,Design systems,,2,2,24675,30,40.5,59.5,work
Design,Design systems,Building a design system,2,1,24085,30,40.5,59.5,work
Design,Design systems,Design system examples,0,1,590,30,40.5,40.5,work
Design,Accessibility,,5,7,120760,94,27.5,47.6,hard
Design,Accessibility,Guidelines and compliance,3,2,28200,67,40.4,45.0,hard
Design,Accessibility,Testing and tools,1,3,8260,76,27.5,27.5,hard
Design,Accessibility,Accessible design in practice,1,2,84300,94,47.6,47.6,hard
Product,Product management,,10,21,153490,8,34.2,78.6,easy
Product,Product management,The discipline,2,5,47030,1,59.1,60.0,easy
Product,Product management,"Roles (PM, PO, APM, TPM)",3,6,33310,7,54.9,78.6,easy
Product,Product management,Product life cycle,1,3,20835,36,38.9,38.9,hard
Product,Product management,Stakeholders and change,3,5,43390,14,34.2,58.2,promising
Product,Product management,AI for product managers,1,2,8925,9,43.6,43.6,work
Product,Product strategy,,6,16,177750,21,43.9,65.1,promising
Product,Product strategy,Strategy and positioning,2,3,47660,5,53.7,65.1,easy
Product,Product strategy,Product-market fit,0,1,2900,5,65.1,65.1,easy
Product,Product strategy,Roadmaps,1,3,10030,10,58.7,58.7,promising
Product,Product strategy,New product launch,1,2,27775,10,46.3,46.3,promising
Product,Product strategy,Go-to-market,1,3,75730,21,47.3,47.3,work
Product,Product strategy,Prioritization frameworks,1,4,13655,23,43.9,43.9,work
Product,Product discovery,,6,24,109775,9,43.1,65.1,easy
Product,Product discovery,Discovery and value proposition,1,3,3485,7,49.5,65.1,easy
Product,Product discovery,Jobs to be done,0,0,0,,,,nodata
Product,Product discovery,Requirements and PRDs,1,9,65990,9,58.5,58.5,promising
Product,Product discovery,User stories,3,9,36560,23,43.1,57.9,work
Product,Product discovery,Acceptance criteria,1,3,3740,10,57.3,57.3,promising
Product,Project management (your call),,7,33,799180,39,22.8,66.4,hard
Product,Project management (your call),Methods and phases,1,12,322805,14,66.4,66.4,easy
Product,Project management (your call),Agile,5,13,417325,39,22.8,50.9,hard
Product,Project management (your call),Scrum and sprints,1,3,54930,24,47.1,47.1,work
Product,Project management (your call),Kanban,0,2,3490,24,47.1,50.9,work
Product,Project management (your call),Roles and artifacts,0,3,630,24,47.1,47.1,work
Business,Product metrics,,12,23,148120,24,17.9,52.3,work
Business,Product metrics,OKRs and KPIs,3,11,81140,24,51.7,52.3,work
Business,Product metrics,Product analytics (your call),1,0,0,,70.5,70.5,parked
Business,Product metrics,Retention and churn,4,6,28870,25,35.4,45.8,work
Business,Product metrics,Experimentation and A/B testing,4,6,38110,48,17.9,48.4,hard
Business,Growth and pricing,,5,11,300725,29,30.0,55.9,work
Business,Growth and pricing,Pricing strategy,4,6,59370,19,30.0,55.9,work
Business,Growth and pricing,Growth and funnels,1,5,241355,29,50.1,50.1,work
