date,topic,head_phrase,top10_domains,result_types,organic_count,small_editorial,forum_ugc,saas_brand,marketplace,publisher_institution,ai_overview,serp_features,source
2026-10-08,UX research,ux research books,maze.co;creativemarket.com;reddit.com;pixso.net;jenson.org;ux.stackexchange.com;digitaldefynd.com;reallygooddesigns.com,SaaS or brand blog;SaaS or brand blog;forum or UGC;SaaS or brand blog;small editorial;forum or UGC;SaaS or brand blog;small editorial,8,2,2,4,0,0,yes,(see features-2026-10-08-books.csv),phase0 10081545-2633-0066-0000-c52bde66041c
2026-10-08,UX design,ux books,reddit.com;johannesippen.com;dontpaniclabs.com;ixdf.org;uxplanet.org;blog.uxfol.io;goodreads.com;amazon.com;smart-interface-design-patterns.com,forum or UGC;small editorial;small editorial;SaaS or brand blog;forum or UGC;SaaS or brand blog;marketplace;marketplace;small editorial,9,3,2,2,2,0,yes,(see features-2026-10-08-books.csv),phase0 10081545-2633-0066-0000-0b65063bcf78
2026-10-10,UI design,ui design books,reddit.com;uxplanet.org;untitledui.com;practical-ui.com;smart-interface-design-patterns.com;amazon.com;schoolofux.com;medium.com;adhamdannaway.com,forum or UGC;forum or UGC;SaaS or brand blog;small editorial;small editorial;marketplace;SaaS or brand blog;forum or UGC;small editorial,9,3,3,2,1,0,yes,ai_overview;popular_products;related_searches,261010-BT-S01
2026-10-10,Design systems,design systems books,reddit.com;medium.com;smashingmagazine.com;amazon.com;dev.to;youtube.com;designbetterpodcast.com;imperavi.com,forum or UGC;forum or UGC;publisher or institution;marketplace;forum or UGC;forum or UGC;SaaS or brand blog;SaaS or brand blog,8,0,4,2,1,1,yes,ai_overview;images;popular_products;related_searches,261010-BT-S02
2026-10-10,Accessibility,accessibility books,goodreads.com;accessability.substack.com;alastore.ala.org;vispero.com;guides.dml.georgetown.edu;hachettebookgroup.com;a11ybookclub.com;deque.com,marketplace;small editorial;publisher or institution;SaaS or brand blog;publisher or institution;publisher or institution;small editorial;SaaS or brand blog,8,2,0,2,1,3,yes,ai_overview;popular_products;people_also_ask;images;related_searches,261010-BT-S03
2026-10-08,Product management,product management books,reddit.com;bringthedonuts.com;rysullivan.medium.com;productplan.com;userflow.com;nextleap.app;amazon.com;goodreads.com;youtube.com,forum or UGC;small editorial;forum or UGC;SaaS or brand blog;SaaS or brand blog;SaaS or brand blog;marketplace;marketplace;forum or UGC,9,1,3,3,2,0,yes,(see features-2026-10-08-books.csv),phase0 10081545-2633-0066-0000-47b57a2c3320
2026-10-08,Product strategy,product strategy books,amazon.com;strategy-business.com;reddit.com;shortform.com;novapublishers.com;quora.com;scrum.org,marketplace;publisher or institution;forum or UGC;SaaS or brand blog;publisher or institution;forum or UGC;publisher or institution,7,0,2,1,1,3,yes,(see features-2026-10-08-books.csv),phase0 10081545-2633-0066-0000-ac237e7e9dfc
2026-10-10,Product discovery,product discovery books,reddit.com;productboard.com;herbig.co;screeb.app;producttalk.org;amazon.com;goodreads.com;bringthedonuts.com;alibris.com;medium.com,forum or UGC;SaaS or brand blog;small editorial;SaaS or brand blog;small editorial;marketplace;marketplace;small editorial;marketplace;forum or UGC,10,3,2,2,3,0,yes,ai_overview;popular_products;related_searches,261010-BT-S04
2026-10-10,Project management,project management books,youtube.com;quora.com;teamgantt.com;reddit.com;shortcut.com;amazon.com;betterworldbooks.com;ntaskmanager.com,forum or UGC;forum or UGC;SaaS or brand blog;forum or UGC;SaaS or brand blog;marketplace;marketplace;SaaS or brand blog,8,0,3,3,2,0,yes,ai_overview;discussions_and_forums;popular_products;people_also_ask;related_searches,261010-BT-S05
2026-10-10,Product metrics,okr books,youtube.com;quora.com;agile-strategies.com;davidtuite.com;weekplan.net;amazon.com;goodreads.com;okrinstitute.org,forum or UGC;forum or UGC;small editorial;small editorial;SaaS or brand blog;marketplace;marketplace;publisher or institution,8,2,2,1,2,1,yes,ai_overview;discussions_and_forums;related_searches,261010-BT-S06
2026-10-10,Growth and pricing,pricing books,linkedin.com;quora.com;pressbooks.lib.vt.edu;amazon.com;blog.blackcurve.com;iipbooks.com;verde-beach.com;amazon.com;facebook.com,forum or UGC;forum or UGC;publisher or institution;marketplace;SaaS or brand blog;SaaS or brand blog;small editorial;marketplace;forum or UGC,9,1,3,2,2,1,yes,ai_overview;popular_products;people_also_ask;related_searches,261010-BT-S07
2026-10-10,Growth and pricing (intent check),growth books,bookshop.org;quora.com;makeheadway.com;goodreads.com;quora.com;makeheadway.com;bookshop.org,marketplace;forum or UGC;SaaS or brand blog;marketplace;forum or UGC;SaaS or brand blog;marketplace,7,0,2,2,3,0,yes,ai_overview;popular_products;discussions_and_forums;people_also_ask;video;related_searches,261010-BT-S08
2026-10-10,Product marketing,product marketing books,linkedin.com;productmarketingalliance.com;reddit.com;goconsensus.com;goodreads.com;amazon.com;audible.com;buildingmomentum.io,forum or UGC;SaaS or brand blog;forum or UGC;SaaS or brand blog;marketplace;marketplace;marketplace;small editorial,8,1,2,2,3,0,yes,ai_overview;popular_products;people_also_ask;discussions_and_forums;related_searches,261010-BT-S09
2026-10-10,Leadership and teams,management books,blog.uwcped.org;bulkbooks.com;youtube.com;dummies.com;appfluence.com;everand.com;proofhub.com;bookoutlet.com,publisher or institution;marketplace;forum or UGC;publisher or institution;SaaS or brand blog;marketplace;SaaS or brand blog;marketplace,8,0,1,2,3,2,yes,ai_overview;popular_products;people_also_ask;discussions_and_forums;related_searches,261010-BT-S10
2026-10-10,Leadership and teams (second head),leadership books,davidburkus.com;reddit.com;store.hbr.org;elon.libguides.com;leadershipbooks.com;coache.gse.harvard.edu;porchlightbooks.com;shop.ccl.org;youtube.com,small editorial;forum or UGC;publisher or institution;publisher or institution;marketplace;publisher or institution;marketplace;publisher or institution;forum or UGC,9,1,2,0,2,4,yes,ai_overview;people_also_ask;popular_products;related_searches,261010-BT-S11
2026-10-10,Psychology and behavioral science,behavioral economics books,en.wikipedia.org;bu.edu;renascence.io;youtube.com;reddit.com;audible.com;inomics.com;barnesandnoble.com;impactually.se,publisher or institution;publisher or institution;SaaS or brand blog;forum or UGC;forum or UGC;marketplace;SaaS or brand blog;marketplace;small editorial,9,1,2,2,2,2,yes,ai_overview;people_also_ask;related_searches,261010-BT-S12
2026-10-10,Business and entrepreneurship,startup books,reddit.com;chrisneumann.com;goodreads.com;news.ycombinator.com;divbyzero.com;steveblank.com;bulkbooks.com;uschamber.com;amazon.com,forum or UGC;small editorial;marketplace;forum or UGC;small editorial;small editorial;marketplace;publisher or institution;marketplace,9,3,2,0,3,1,yes,ai_overview;popular_products;people_also_ask;related_searches,261010-BT-S13
2026-10-10,Personal development,productivity books,bookoftheday.nextbigideaclub.com;youtube.com;reddit.com;facilethings.com;alibris.com;goodreads.com;youtube.com,SaaS or brand blog;forum or UGC;forum or UGC;SaaS or brand blog;marketplace;marketplace;forum or UGC,7,0,3,2,2,0,yes,ai_overview;discussions_and_forums;images;popular_products;people_also_ask,261010-BT-S14
