date,section,keyword,task_id,ai_overview,ai_overview_empty,featured_snippet,people_also_ask,video,images,popular_products,knowledge_graph,related_searches,organic_count,weak_count,weak_domains,ai_overview_ref_domains,phase
2026-10-08,articles,what is product management,10081545-2633-0066-0000-5db337f4ba9f,yes,no,no,yes,yes,no,no,no,no,8,2,reddit.com;linkedin.com,reddit.com;ibm.com;atlassian.com;productboard.com;productplan.com;productfocus.com;en.wikipedia.org;altexsoft.com;youtube.com;phoenix.edu,phase0
2026-10-08,articles,product manager vs product owner,10081545-2633-0066-0000-56546775dae8,yes,no,no,yes,no,no,no,no,yes,9,3,reddit.com;medium.com;linkedin.com,reddit.com;medium.com;thoughtspot.com;linkedin.com;productplan.com;icagile.com;pragmaticinstitute.com;lyssna.com;productschool.com;youtube.com,phase0
2026-10-08,articles,how to write a prd,10081545-2633-0066-0000-f8e966091b2a,yes,no,no,yes,yes,yes,no,no,yes,7,5,linkedin.com;productplan.com;youtube.com;quora.com,reddit.com;notion.com;atlassian.com;youtube.com;figma.com;linkedin.com,phase0
2026-10-08,articles,product roadmap,10081545-2633-0066-0000-179f566bbaef,yes,no,no,yes,no,yes,no,no,yes,8,3,reddit.com;pendo.io;amplitude.com,atlassian.com;reddit.com;productplan.com;aha.io;agilealliance.org;pendo.io;youtube.com;productboard.com;productschool.com;gocious.com,phase0
2026-10-08,articles,user research methods,10081545-2633-0066-0000-d94c8907bf21,yes,no,no,yes,no,no,no,no,no,9,2,linkedin.com;osamaabdelnaser.medium.com,nngroup.com;maze.co;enterprisearchitecture.harvard.edu;formbricks.com;figr.design;userinterviews.com;leanlab.co,phase0
2026-10-08,articles,usability testing,10081545-2633-0066-0000-157d280abd9e,yes,no,no,yes,no,no,no,no,yes,9,0,,nngroup.com;geeksforgeeks.org;usertesting.com;dhs.gov;digital.gov;youtube.com;coursera.org;ranorex.com,phase0
2026-10-08,articles,ux metrics,10081545-2633-0066-0000-21757294815a,yes,no,no,yes,no,yes,no,no,yes,8,3,reddit.com;maze.co;userpilot.com,usertesting.com;nngroup.com;uxpilot.ai;measuringu.com;reddit.com;maze.co;youtube.com;surveymonkey.com;crazyegg.com;clay.global,phase0
2026-10-08,articles,design system,10081545-2633-0066-0000-a876406cf825,yes,no,no,yes,no,no,no,yes,yes,9,1,medium.com,figma.com;nngroup.com;en.wikipedia.org;youtube.com;untitledui.com;contentful.com;salesforce.com;instagram.com,phase0
2026-10-08,articles,web accessibility guidelines,10081545-2633-0066-0000-aeda6b7f6c51,yes,no,no,yes,no,no,no,no,yes,9,0,,w3.org;ada.gov;wcag.com;developer.mozilla.org;en.wikipedia.org;youtube.com;transportation.libguides.com,phase0
2026-10-08,articles,heuristic evaluation,10081545-2633-0066-0000-0993e3701c92,yes,no,no,yes,no,yes,no,no,no,8,1,linkedin.com,nngroup.com;ixdf.org;en.wikipedia.org;fuselabcreative.com;maze.co;thedecisionlab.com,phase0
2026-10-08,articles,product metrics,10081545-2633-0066-0000-e567f0105749,yes,no,no,yes,no,yes,no,no,yes,8,2,reddit.com;mixpanel.com,productschool.com;amplitude.com;atlassian.com;productplan.com;gainsight.com;heap.io;glassbox.com,phase0
2026-10-08,articles,north star metric,10081545-2633-0066-0000-af334aca6fb4,yes,no,no,yes,no,yes,no,no,yes,8,1,linkedin.com,amplitude.com;mixpanel.com;growwithward.com;linkedin.com;future.com;metabase.com;productled.com;posthog.com,phase0
2026-10-08,articles,retention rate,10081545-2633-0066-0000-fff5521d1ead,yes,no,no,yes,no,no,no,no,yes,9,1,productplan.com,en.wikipedia.org;zendesk.com;salesforce.com;adp.com;personio.com;paychex.com;productive.io;businessinsider.com;inquirer.com,phase0
2026-10-08,articles,a/b testing,10081545-2633-0066-0000-a3c738590ea6,yes,no,no,yes,no,no,no,no,yes,8,1,reddit.com,en.wikipedia.org;salesforce.com;optimizely.com;nngroup.com;oracle.com;youtube.com;coursera.org;fullstory.com,phase0
2026-10-08,articles,okr examples,10081545-2633-0066-0000-a665cc3278c4,yes,no,no,yes,no,yes,no,no,yes,8,2,quora.com;medium.com,whatmatters.com;christianstrunk.com;mooncamp.com;okrstool.com;atlassian.com,phase0
2026-10-08,articles,rice prioritization,10081544-2633-0066-0000-cb13f19e5d0e,yes,no,no,yes,no,yes,no,no,no,8,4,productcoalition.com;youtube.com;reddit.com;medium.com,intercom.com;productplan.com;avion.io;productschool.com;notion.com;productboard.com;faridjafarzade.medium.com;agileseekers.com;skillifysolutions.com,phase0
2026-10-08,articles,jobs to be done,10081545-2633-0066-0000-c55d8de33813,yes,no,no,yes,no,no,no,no,yes,9,1,productplan.com,christenseninstitute.org;strategyn.com;online.hbs.edu;userinterviews.com;productschool.com;youtube.com,phase0
2026-10-08,articles,product discovery,10081545-2633-0066-0000-d67a50aff1cc,yes,no,no,yes,no,yes,no,no,yes,8,6,antmurphy.medium.com;productboard.com;amplitude.com;reddit.com;youtube.com;pendo.io,atlassian.com;reddit.com;antmurphy.medium.com;herbig.co;productboard.com;producttalk.org;productplan.com;amplitude.com;youtube.com,phase0
2026-10-08,articles,agile vs scrum,10081545-2633-0066-0000-40861af1e003,yes,no,no,yes,yes,yes,no,no,no,6,1,quora.com,projectmanagementacademy.net;business.adobe.com;atlassian.com;miro.com;coursera.org;youtube.com;agilesherpas.com;slack.com,phase0
2026-10-08,articles,customer journey map,10081545-2633-0066-0000-e712534cf480,yes,no,no,yes,no,yes,no,no,no,8,0,,nngroup.com;online.hbs.edu;miro.com;forbes.com;coe.gsa.gov;smaply.com;techtarget.com;youtube.com,phase0
2026-10-08,articles,product strategy,10081545-2633-0066-0000-6a0ca9d76d10,yes,no,no,yes,yes,yes,no,no,yes,7,3,productplan.com;medium.com;reddit.com,productplan.com;reddit.com;medium.com;romanpichler.com;en.wikipedia.org;glassbox.com;entrepreneur.com;tempo.io,phase0
2026-10-08,articles,saas pricing strategy,10081545-2633-0066-0000-41435d0b91c4,yes,no,no,yes,no,yes,no,no,no,8,3,linkedin.com;quora.com,stripe.com;reddit.com;maxio.com;paddle.com;linkedin.com;chargebee.com;revenera.com;microsoft.com;moesif.com;schematichq.com,phase0
2026-10-08,articles,go to market strategy,10081545-2633-0066-0000-6e140eaf04a2,yes,no,no,yes,no,no,no,no,yes,9,1,youtube.com,coursera.org;en.wikipedia.org;salesforce.com;asana.com;productmarketingalliance.com;youtube.com;cognism.com;paddle.com;highspot.com,phase0
2026-10-08,articles,product led growth,10081545-2633-0066-0000-f301b44a4d02,yes,no,no,yes,no,yes,no,no,yes,8,1,amplitude.com,productled.com;reddit.com;online.hbs.edu;atlassian.com;pendo.io;amplitude.com;salesforce.com;leadfeeder.com,phase0
2026-10-08,links,ux tools,10081545-2633-0066-0000-e696f63aa100,yes,no,no,yes,no,yes,no,no,yes,8,1,reddit.com,reddit.com;figma.com;youtube.com;uxtweak.com;ixdf.org;uxdesigninstitute.com;eleken.co,phase0
2026-10-08,links,best ux design tools,10081545-2633-0066-0000-cf6bf7b18cde,yes,no,no,yes,no,no,no,no,yes,9,3,reddit.com;cuzegbu.medium.com;youtube.com,reddit.com;figma.com;cuzegbu.medium.com;ixdf.org;youtube.com;awesomic.com;quora.com;eleken.co;uxdesigninstitute.com,phase0
2026-10-08,links,ux research tools,10081545-2633-0066-0000-b9eabf6fb973,yes,no,no,yes,no,no,no,no,yes,9,0,,lyssna.com;qualtrics.com;userinterviews.com;dovetail.com;uxtweak.com;youtube.com;tremendous.com,phase0
2026-10-08,links,product management tools,10081545-2633-0066-0000-9cac2bff9c80,yes,yes,no,yes,no,yes,no,no,yes,7,1,reddit.com,,phase0
2026-10-08,links,best product management software,10081545-2633-0066-0000-655818b07ab3,yes,no,no,yes,no,no,no,no,yes,8,1,reddit.com,reddit.com;atlassian.com;ventureharbour.com;zapier.com;productboard.com;youtube.com,phase0
2026-10-08,links,product analytics tools,10081545-2633-0066-0000-89a92084b5bf,yes,yes,no,yes,no,no,no,no,yes,9,2,reddit.com;userpilot.com,,phase0
2026-10-08,links,roadmap tools,10081545-2633-0066-0000-f49bb2fc7a16,yes,no,no,yes,no,yes,no,no,yes,8,1,reddit.com,atlassian.com;productplan.com;miro.com;youtube.com;gartner.com;tempo.io;aha.io;itonics-innovation.com,phase0
2026-10-08,links,prototyping tools,10081545-2633-0066-0000-dc2bfb829fcd,yes,no,no,yes,no,yes,no,no,yes,7,2,reddit.com;medium.com,reddit.com;webflow.com;figma.com;ixdf.org;youtube.com;awesomic.com,phase0
2026-10-08,links,design resources,10081545-2633-0066-0000-8dea0c36a1c3,yes,no,no,no,no,yes,no,no,yes,8,2,reddit.com;medium.com,designresourc.es;adhamdannaway.com;toools.design;reddit.com;thedsgnblog.com;youtube.com;medium.com;designbundles.net,phase0
2026-10-08,links,ux resources,10081545-2633-0066-0000-dad60fc70220,yes,no,no,yes,no,yes,no,no,yes,8,3,uxplanet.org;kini-404.medium.com;reddit.com,nlevin.medium.com;medium.com;reddit.com;uxplanet.org,phase0
2026-10-08,links,free design resources,10081545-2633-0066-0000-4dac9f2fee6e,yes,no,no,no,no,no,no,no,yes,9,0,,freedesignresources.net;reddit.com;youtube.com;pixelbuddha.net;toools.design,phase0
2026-10-08,links,ai tools for product managers,10081545-2633-0066-0000-78c4b3fe57b4,yes,no,no,yes,no,no,no,no,yes,9,3,reddit.com;aakashgupta.medium.com;youtube.com,productschool.com;aakashgupta.medium.com;youtube.com;pragmaticinstitute.com;brainstation.io;prodpad.com;onehorizon.ai,phase0
2026-10-08,links,ai tools for designers,10081545-2633-0066-0000-c55b1e0f664c,yes,no,no,yes,yes,no,no,no,yes,8,2,tomaszs2.medium.com;youtube.com,canva.com;medium.muz.li;figma.com;youtube.com;designs.ai;adobe.com;open-design.ai,phase0
2026-10-08,links,design inspiration websites,10081545-2633-0066-0000-48ac5a3b1123,yes,no,no,yes,no,no,no,no,yes,8,2,reddit.com;syed-ali.medium.com,reddit.com;designspiration.com;youtube.com;dribbble.com;siteinspire.com;awwwards.com;blog.streamlinehq.com;primoprint.com,phase0
2026-10-08,links,icon libraries,10081545-2633-0066-0000-60e0a7bf91f1,no,no,no,no,no,yes,no,no,yes,9,1,reddit.com,,phase0
2026-10-08,links,free fonts websites,10081545-2633-0066-0000-bcd7bebd5f48,yes,no,no,yes,no,no,no,no,no,9,2,es.pinterest.com;reddit.com,reddit.com;fontshare.com;fontspace.com;domestika.org;youtube.com;fontsquirrel.com;fontshelf.com;awwwards.com,phase0
2026-10-08,books,ux books,10081545-2633-0066-0000-0b65063bcf78,yes,no,no,no,no,no,no,no,yes,9,2,reddit.com;uxplanet.org,reddit.com;johannesippen.com;ixdf.org;dontpaniclabs.com,phase0
2026-10-08,books,best ux design books,10081545-2633-0066-0000-b3a4ade1bc63,yes,yes,no,yes,no,no,no,no,yes,8,4,reddit.com;uxplanet.org;medium.com;youtube.com,,phase0
2026-10-08,books,product management books,10081545-2633-0066-0000-47b57a2c3320,yes,no,no,yes,no,no,yes,no,yes,9,3,reddit.com;rysullivan.medium.com;youtube.com,reddit.com;bringthedonuts.com;amplitude.com;productplan.com;userflow.com;mindtheproduct.com;nextleap.app;youtube.com;google.com,phase0
2026-10-08,books,best product management books,10081545-2633-0066-0000-6d3f69805b21,yes,no,no,yes,no,no,yes,no,no,10,3,linkedin.com;reddit.com;quora.com,productplan.com;userflow.com;linkedin.com;bringthedonuts.com;google.com,phase0
2026-10-08,books,books for product managers,10081545-2633-0066-0000-3b11bf5f1b7d,yes,no,no,yes,no,no,yes,no,yes,9,3,linkedin.com;reddit.com;kevinbendeler.medium.com,reddit.com;bringthedonuts.com;amplitude.com;productplan.com;userflow.com;mindtheproduct.com;nextleap.app;youtube.com;google.com,phase0
2026-10-08,books,ux research books,10081545-2633-0066-0000-c52bde66041c,yes,no,no,yes,no,no,yes,no,yes,8,1,reddit.com,uxplanet.org;stephaniewalter.design;medium.com;userweekly.com;facebook.com;uxresearchbook.com,phase0
2026-10-08,books,design books,10081545-2633-0066-0000-921fbec79060,yes,no,no,yes,no,yes,yes,no,yes,8,3,medium.com;quora.com;kr.pinterest.com,reddit.com;ideo.org;medium.muz.li;designersandbooks.com;goodreads.com;youtube.com;fivebooks.com,phase0
2026-10-08,books,business books for product managers,10081545-2633-0066-0000-c20fc72acbe2,yes,no,no,yes,no,no,yes,no,yes,8,2,reddit.com;rysullivan.medium.com,reddit.com;bringthedonuts.com;amplitude.com;productplan.com;userflow.com;mindtheproduct.com;nextleap.app;youtube.com;google.com,phase0
2026-10-08,books,behavioral psychology books for designers,10081545-2633-0066-0000-48960bfe4283,yes,yes,no,no,no,no,yes,no,yes,8,3,reddit.com;youtube.com;pinterest.com,,phase0
2026-10-08,books,agile books,10081545-2633-0066-0000-7007fea931f9,yes,no,no,yes,no,no,yes,no,yes,9,1,reddit.com,agilealliance.org;youtube.com;goodreads.com;projectmanagertemplate.com;pmi.org,phase0
2026-10-08,books,product strategy books,10081545-2633-0066-0000-ac237e7e9dfc,yes,yes,no,yes,no,yes,yes,no,yes,7,2,reddit.com;quora.com,,phase0
2026-10-08,books,leadership books for product managers,10081545-2633-0066-0000-4bf7d6ca1207,yes,yes,no,yes,no,no,yes,no,yes,9,4,reddit.com;rysullivan.medium.com;amplitude.com;quora.com,,phase0
2026-10-08,tools,rice calculator,10081545-2633-0066-0000-889e5fdf0570,yes,no,no,yes,no,yes,no,no,yes,8,0,,omnicalculator.com;recipeone.app;thecalculatedcook.com;letsfoodie.com,phase0
2026-10-08,tools,sample size calculator ab test,10081545-2633-0066-0000-e5d550863f04,yes,no,no,no,no,no,no,no,yes,9,1,medium.com,evanmiller.org;statsig.com;cxl.com;atticusli.com;kameleoon.com;growthlayer.app,phase0
2026-10-08,tools,ab test significance calculator,10081545-2633-0066-0000-09f32e8d4a2d,yes,no,no,no,no,no,no,no,no,9,0,,abtestguide.com;surveymonkey.com;speero.com;pearson.com;optibase.io;statisticsfundamentals.com;omnisend.com,phase0
2026-10-08,tools,sus score calculator,10081545-2633-0066-0000-2c298945171e,yes,no,no,no,yes,yes,no,no,yes,7,1,youtube.com,stuart-cunningham.github.io;uiuxtrend.com;cleverx.com;koji.so,phase0
2026-10-08,tools,nps calculator,10081545-2633-0066-0000-71cd359421f5,yes,no,no,yes,no,no,no,no,yes,9,0,,npscalculator.com;surveymonkey.com;zoho.com,phase0
2026-10-08,tools,churn rate calculator,10081545-2633-0066-0000-987a6b2d6dc0,yes,no,no,yes,no,no,no,no,yes,9,1,amplitude.com,amplitude.com;yotpo.com;omnicalculator.com;observix.ai;churntools.com;churnnote.com;youtube.com,phase0
2026-10-08,tools,ltv calculator,10081545-2633-0066-0000-0470b625fefb,yes,no,no,yes,no,yes,no,no,yes,8,0,,bankrate.com;rategenius.com;mortgagecalculator.org;omnicalculator.com;ajdesigner.com;youtube.com,phase0
2026-10-08,tools,cac calculator,10081545-2633-0066-0000-c6b3b94c8217,yes,no,no,yes,no,yes,no,no,yes,8,0,,omnicalculator.com;yotpo.com;productlift.dev;cfoproanalytics.com;usedatalayer.com;aluslabs.com,phase0
2026-10-08,tools,sprint velocity calculator,10081545-2633-0066-0000-2b5fa313bc46,yes,yes,no,yes,no,no,no,no,no,9,1,youtube.com,,phase0
2026-10-08,tools,ice score calculator,10081545-2633-0066-0000-1d8101d51f9a,yes,no,no,no,no,yes,no,no,yes,8,1,youtube.com,mdcalc.com;cancercalc.com;eviq.org.au;experimentos.io;theattcnetwork.co.uk;pmc.ncbi.nlm.nih.gov;researchgate.net;cancernursingtoday.com;cardvasc.org,phase0
2026-10-08,tools,retention rate calculator,10081545-2633-0066-0000-6dffb092177c,yes,no,no,yes,no,no,no,no,yes,9,1,reddit.com,compt.io;myleswellbeing.com;assessteam.com;cultureamp.com,phase0
2026-10-08,tools,priority matrix tool,10081545-2633-0066-0000-dc5f05c3f9d5,yes,yes,no,yes,yes,no,no,no,yes,7,2,reddit.com;youtube.com,,phase0
2026-10-08,templates,prd template,10081545-2633-0066-0000-731d9e828131,yes,no,no,no,no,yes,no,no,no,8,3,scribd.com;linkedin.com;dhavalthakur.medium.com,lennysnewsletter.com;productschool.com;notion.com;edovanroyen.com;atlassian.com;aha.io;chatprd.ai;youtube.com;prodmgmt.world;monday.com,phase0
2026-10-08,templates,product requirements document template,10081545-2633-0066-0000-8c8f967b622f,yes,no,no,no,no,yes,no,no,yes,8,2,scribd.com;dhavalthakur.medium.com,notion.com;atlassian.com;productschool.com;aha.io;carlinyuen.medium.com;documentero.com;figma.com;youtube.com;productplan.com,phase0
2026-10-08,templates,user persona template,10081545-2633-0066-0000-df5a5dd32caf,yes,no,no,yes,no,yes,no,no,yes,8,0,,canva.com;figma.com;atlassian.com;xtensio.com;miro.com;mural.co,phase0
2026-10-08,templates,product roadmap template,10081545-2633-0066-0000-9d771791d75d,yes,no,no,yes,no,yes,no,no,no,8,2,reddit.com;youtube.com,reddit.com;atlassian.com;miro.com;asana.com;notion.com;canva.com;aha.io;mural.co,phase0
2026-10-08,templates,customer journey map template,10081545-2633-0066-0000-effe54373247,no,no,no,yes,no,yes,no,no,yes,9,1,pinterest.com,,phase0
2026-10-08,templates,user interview script template,10081545-2633-0066-0000-866d93d4eb52,yes,yes,no,no,no,yes,no,no,yes,8,0,,,phase0
2026-10-08,templates,usability test plan template,10081545-2633-0066-0000-b82c62b3e9d6,yes,yes,no,yes,no,yes,no,no,yes,8,1,scribd.com,,phase0
2026-10-08,templates,okr template,10081545-2633-0066-0000-5ac8b1d104ac,yes,no,no,yes,no,no,no,no,yes,9,0,,miro.com;whatmatters.com;atlassian.com;okrstool.com;okrinstitute.org;asana.com,phase0
2026-10-08,templates,sprint retrospective template,10081545-2633-0066-0000-209972030a29,no,no,no,yes,no,yes,no,no,yes,9,0,,,phase0
2026-10-08,templates,lean canvas template,10081545-2633-0066-0000-3d9b8c08341c,yes,yes,no,yes,no,yes,no,no,yes,8,1,scribd.com,,phase0
2026-10-08,templates,user story template,10081545-2633-0066-0000-c54f316efb7c,yes,no,no,yes,no,no,no,no,yes,9,2,medium.com;reddit.com,atlassian.com;aha.io;agilealliance.org;reddit.com;asana.com;instituteprojectmanagement.com;m.youtube.com;youtube.com,phase0
2026-10-08,templates,competitive analysis template,10081545-2633-0066-0000-c918e5edddc3,yes,no,no,yes,no,yes,no,no,no,8,2,pinterest.com,canva.com;cmu.edu;hubspot.com;aha.io;airtable.com;smartsheet.com;atlassian.com;miro.com;youtube.com;tempo.io,phase0
2026-10-08,templates,ux research plan template,10081545-2633-0066-0000-b3b267f9bf2c,yes,yes,no,no,no,yes,no,no,yes,8,1,youtube.com,,phase0
2026-10-08,templates,prioritization matrix template,10081545-2633-0066-0000-4f96dfcd5fcf,yes,no,no,yes,no,yes,no,no,yes,8,2,youtube.com;pinterest.com,smartsheet.com;miro.com;mural.co;atlassian.com;asana.com;jibility.com;stratechi.com;projectmanager.com,phase0
2026-10-08,articles,agile methodology,10081734-2633-0066-0000-1ca56831c8ec,yes,no,no,yes,no,yes,no,no,yes,7,0,,geeksforgeeks.org;youtube.com;wrike.com;instituteprojectmanagement.com;mckinsey.com;agilemania.com,phase4
2026-10-08,articles,agile project management,10081734-2633-0066-0000-54bff10e0251,yes,no,no,yes,yes,no,no,no,yes,8,2,quora.com;youtube.com,apm.org.uk;atlassian.com;youtube.com;instituteprojectmanagement.com;cio.com;coursera.org,phase4
2026-10-08,articles,safe agile framework,10081734-2633-0066-0000-679f925543f3,yes,no,no,yes,no,yes,no,no,yes,8,1,youtube.com,scaledagile.com;atlassian.com;youtube.com;reddit.com,phase4
2026-10-08,articles,agile scrum,10081734-2633-0066-0000-90fd22ef5190,yes,no,no,yes,yes,yes,no,no,yes,6,1,youtube.com,atlassian.com;scrum.org;business.adobe.com;reddit.com;coursera.org;projectmanagementacademy.net;slack.com;tuleap.com;youtube.com;en.wikipedia.org;inflectra.com,phase4
2026-10-08,articles,agile manifesto,10081734-2633-0066-0000-710c1e5d8897,yes,no,no,yes,yes,no,no,no,yes,8,2,quora.com,agilemanifesto.org;agilealliance.org;pmi.org;atlassian.com;business.adobe.com;youtube.com,phase4
2026-10-08,articles,accessibility,10081734-2633-0066-0000-2a699445f14f,yes,no,no,yes,no,no,no,no,yes,9,1,youtube.com,en.wikipedia.org;seewritehear.com;unitedwaynca.org;cast.org;youtube.com;dictionary.cambridge.org,phase4
2026-10-08,articles,accessibility 508,10081734-2633-0066-0000-be3d26bd4658,yes,no,no,yes,no,no,no,no,yes,8,0,,section508.gov;dodcio.defense.gov;gsa.gov;wcag.com;epa.gov;continualengine.com,phase4
2026-10-08,articles,web content accessibility,10081734-2633-0066-0000-e2e7d31bf1e9,yes,no,no,yes,no,no,no,no,yes,9,1,quora.com,wcag.com;ada.gov;en.wikipedia.org;dpi.nc.gov;w3.org;section508.gov;youtube.com;sdrc.rice.edu,phase4
2026-10-08,articles,accessibility checker,10081734-2633-0066-0000-02c5b1610f54,yes,no,no,yes,no,no,no,no,yes,9,0,,accessibilitychecker.org;wave.webaim.org;support.microsoft.com;accessibe.com;audioeye.com;equalweb.com;achecks.org;silktide.com;youtube.com,phase4
2026-10-08,articles,analytics,10081734-2633-0066-0000-a06e8ccb6168,yes,no,no,yes,yes,no,no,no,yes,7,2,youtube.com;quora.com,marketingplatform.google.com;en.wikipedia.org;firebase.google.com;reddit.com;sap.com;aws.amazon.com;snowflake.com;ibm.com;youtube.com,phase4
2026-10-08,articles,project management,10081734-2633-0066-0000-7f21c127ab28,yes,no,no,yes,no,no,no,no,yes,9,1,youtube.com,pmi.org;en.wikipedia.org;forbes.com;atlassian.com;youtube.com;4pmti.com,phase4
2026-10-08,articles,user testing,10081734-2633-0066-0000-c7720f3ab10a,yes,no,no,yes,no,no,no,yes,yes,7,1,reddit.com,usertesting.com;apps.apple.com;reddit.com;linkedin.com;youtube.com;businesswire.com,phase4
2026-10-08,articles,closed-ended questions in research,10081734-2633-0066-0000-7f4e18df322d,yes,no,no,yes,no,no,no,no,yes,9,0,,methods.sagepub.com;kantar.com;questionpro.com;appinio.com;sogolytics.com;youtube.com;casrai.org,phase4
2026-10-08,articles,user interviews,10081734-2633-0066-0000-9c7a3179513f,yes,no,no,yes,yes,no,no,no,yes,8,4,reddit.com,userinterviews.com;nngroup.com;reddit.com;youtube.com;m.youtube.com;usertesting.com;centercode.com;coursera.org,phase4
2026-10-08,articles,ux research,10081734-2633-0066-0000-c7c26935e0d0,yes,no,no,yes,no,no,no,no,yes,9,2,reddit.com;youtube.com,coursera.org;nngroup.com;maze.co;online.usc.edu;youtube.com;product.hubspot.com;ixdf.org,phase4
2026-10-08,articles,ui ux design,10081734-2633-0066-0000-098bf10fc0bf,yes,no,no,yes,no,yes,no,no,yes,8,2,medium.com;youtube.com,figma.com;coursera.org;youtube.com;certifiedprofessional.adobe.com;academyart.edu;instagram.com,phase4
2026-10-08,articles,marketing funnel,10081734-2633-0066-0000-838db6224bc6,yes,no,no,yes,no,no,no,no,yes,8,0,,advertising.amazon.com;sproutsocial.com;skyword.com;semrush.com;youtube.com;business.adobe.com;hubspot.com;business.reddit.com;mailchimp.com;ahrefs.com;vistaprint.com,phase4
2026-10-08,articles,product management,10081734-2633-0066-0000-3140aed8f414,yes,no,no,yes,no,no,no,no,yes,8,1,reddit.com,reddit.com;en.wikipedia.org;atlassian.com;ibm.com;coursera.org;productboard.com;productschool.com;professionalprograms.mit.edu;youtube.com,phase4
2026-10-08,articles,product life cycle,10081734-2633-0066-0000-b6ea70160b8c,yes,no,no,yes,yes,yes,no,no,no,7,1,quora.com,investopedia.com;salesforce.com;youtube.com;fractory.com;coursera.org;surveymonkey.com;fool.com,phase4
2026-10-08,articles,okr,10081734-2633-0066-0000-94f8d7e4047e,yes,no,no,yes,yes,yes,no,no,yes,7,1,youtube.com,en.wikipedia.org;whatmatters.com;atlassian.com;balancedscorecard.org;mooncamp.com;workboard.com;ibm.com;youtube.com,phase4
2026-10-08,articles,kpi examples,10081734-2633-0066-0000-e424d49497a5,yes,no,no,yes,yes,yes,no,no,yes,7,1,linkedin.com,onstrategyhq.com;qlik.com;spiderstrategies.com;investopedia.com;youtube.com;business.adobe.com;deel.com;thoughtspot.com;explitia.com;monday.com,phase4
2026-10-08,articles,design thinking,10081734-2633-0066-0000-68b08b6bf44c,yes,no,no,yes,no,yes,no,no,yes,8,1,reddit.com,ideou.com;designthinking.ideo.com;online.hbs.edu;mitsloan.mit.edu;nngroup.com;ama.org;youtube.com;instagram.com,phase4
2026-10-08,articles,design thinking process,10081734-2633-0066-0000-ba32098f4f1b,yes,no,no,yes,no,yes,no,no,yes,8,1,youtube.com,ideou.com;ixdf.org;online.hbs.edu;lucid.co;designthinking.ideo.com;youtube.com,phase4
2026-10-08,articles,pricing strategy,10081734-2633-0066-0000-bef3dec52b72,yes,no,no,yes,no,no,no,no,yes,9,1,youtube.com,bdc.ca;paddle.com;salesforce.com;en.wikipedia.org;coursera.org;uschamber.com;trade.gov;youtube.com,phase4
2026-10-08,articles,dynamic pricing,10081734-2633-0066-0000-371fec7d8794,yes,no,no,yes,yes,no,no,no,yes,7,1,youtube.com,salesforce.com;en.wikipedia.org;brookings.edu;reddit.com;online.hbs.edu;youtube.com;ebsco.com;retaildive.com;deliverect.com;vendavo.com,phase4
2026-10-08,articles,amazon pricing strategy,10081734-2633-0066-0000-415586f67f4b,yes,no,no,yes,no,no,no,no,no,9,0,,sell.amazon.com;intelligencenode.com;vasogroup.com;netpeak.us;goaura.com;insightleap.com;youtube.com;informedrepricer.com,phase4
2026-10-08,articles,prioritization,10081734-2633-0066-0000-3b8cf3e15dc9,yes,no,no,yes,yes,no,no,yes,yes,8,2,linkedin.com;youtube.com,collinsdictionary.com;vocabulary.com;en.wikipedia.org;mindtools.com;coursera.org;dalecarnegie.com;meistertask.com;indeed.com,phase4
2026-10-08,articles,moscow prioritization,10081734-2633-0066-0000-20e0cb2ad554,yes,no,no,yes,no,yes,no,no,yes,8,2,youtube.com;quora.com,agilebusiness.org;en.wikipedia.org;community.atlassian.com;monday.com;productschool.com;projectmanagement.com;techtarget.com,phase4
2026-10-08,articles,task prioritization,10081734-2633-0066-0000-e6a5e8f1873a,yes,no,no,yes,no,yes,no,no,yes,8,2,linkedin.com;youtube.com,meistertask.com;zoom.com;asana.com;coursera.org;plane.so,phase4
2026-10-08,articles,user stories,10081734-2633-0066-0000-dc6c384b61ae,yes,no,no,yes,no,no,no,no,yes,9,1,medium.com,atlassian.com;mountaingoatsoftware.com;en.wikipedia.org;visual-paradigm.com;coursera.org;youtube.com,phase4
2026-10-08,articles,user stories template,10081734-2633-0066-0000-f27fc2d5d0ec,yes,no,no,yes,no,yes,no,no,yes,8,2,medium.com;reddit.com,atlassian.com;aha.io;agilealliance.org;reddit.com;asana.com;instituteprojectmanagement.com;m.youtube.com;youtube.com,phase4
2026-10-08,articles,acceptance criteria for user stories examples,10081734-2633-0066-0000-c1f3c6ba22b1,yes,no,no,yes,no,no,no,no,yes,9,4,reddit.com;medium.com;linkedin.com,atlassian.com;resources.scrumalliance.org;reddit.com;altexsoft.com;testomat.io;productplan.com;storiesonboard.com,phase4
2026-10-08,articles,website design,10081734-2633-0066-0000-bd43523c090c,yes,no,no,yes,no,yes,no,no,yes,8,3,youtube.com,wix.com;squarespace.com;canva.com;en.wikipedia.org;youtube.com;figma.com;siteinspire.com,phase4
2026-10-08,articles,user persona,10081734-2633-0066-0000-6a96c318e9e1,yes,no,no,yes,yes,yes,no,no,yes,7,1,userpilot.com,megamitensei.fandom.com;reddit.com;youtube.com;persona-2.fandom.com;megatenwiki.com,phase4
2026-10-08,articles,a/b testing tools,10081734-2633-0066-0000-ae397406f91d,yes,no,no,yes,no,no,no,no,yes,8,2,reddit.com;youtube.com,coursera.org;reddit.com;cxl.com;contentsquare.com;flint.com,phase4
2026-10-08,articles,a/b testing landing pages,10081734-2633-0066-0000-d74c0790cd7b,yes,no,no,yes,no,no,no,no,yes,9,1,reddit.com,reddit.com;knowledge.hubspot.com;youtube.com;unbounce.com;crazyegg.com;contentful.com;landingi.com,phase4
2026-10-08,articles,breadcrumbs ui,10081734-2633-0066-0000-474d58eaf176,yes,no,no,yes,no,yes,no,no,yes,8,1,reddit.com,nngroup.com;mui.com;lightningdesignsystem.com;setproduct.com;designsystem.digital.gov,phase4
2026-10-08,articles,product requirements document,10081734-2633-0066-0000-58f68fb7f98a,yes,no,no,yes,no,yes,no,no,yes,8,0,,atlassian.com;en.wikipedia.org;productplan.com;carlinyuen.medium.com;productboard.com;aha.io;youtube.com;jamasoftware.com;heretto.com;chatprd.ai,phase4
2026-10-08,articles,4 ps of marketing,10081734-2633-0066-0000-d902570fabf2,yes,no,no,yes,no,yes,no,no,yes,8,1,youtube.com,ama.org;investopedia.com;charisma.edu.eu;scu.edu;forbes.com;salesforce.com;youtube.com,phase4
2026-10-08,articles,customer retention,10081734-2633-0066-0000-cec7d7cd6b51,yes,no,no,yes,no,no,no,no,no,9,0,,ibm.com;netsuite.com;youtube.com;zendesk.com;zoom.com;salesforce.com;qualtrics.com;inmoment.com;act.com,phase4
2026-10-08,articles,calculate retention rate,10081734-2633-0066-0000-d6a808379af0,yes,no,no,yes,no,no,no,no,yes,9,1,reddit.com,adp.com;zendesk.com;salesforce.com;gainsight.com;vendordirectory.shrm.org;cultureamp.com,phase4
2026-10-08,articles,product manager,10081734-2633-0066-0000-f4b70147426f,yes,yes,no,yes,no,no,no,no,yes,9,2,youtube.com;reddit.com,,phase4
2026-10-08,articles,product owner,10081734-2633-0066-0000-3b36a5e54d1f,yes,no,no,yes,yes,yes,no,no,no,7,1,quora.com,scrum.org;reddit.com;framework.scaledagile.com;atlassian.com;pmi.org;coursera.org;youtube.com;icagile.com;scruminc.com;asana.com,phase4
2026-10-08,articles,change management,10081734-2633-0066-0000-e85471d492ab,yes,no,no,yes,no,no,no,no,yes,9,1,reddit.com,asq.org;prosci.com;online.hbs.edu;reddit.com;youtube.com;esmt.berlin,phase4
2026-10-08,articles,stakeholder management,10081734-2633-0066-0000-fe09c942bb18,yes,no,no,yes,no,no,no,no,yes,9,1,youtube.com,simplystakeholders.com;pmi.org;atlassian.com;coursera.org;projectmanagement.ie;instituteprojectmanagement.com;projectmanagement.com,phase4
2026-10-08,articles,product development,10081734-2633-0066-0000-2737c0cebc2e,yes,no,no,yes,no,yes,no,no,yes,8,0,,ibm.com;productplan.com;atlassian.com;coursera.org;asana.com;aha.io;youtube.com;vationventures.com;openpr.com,phase4
2026-10-08,articles,product market fit,10081734-2633-0066-0000-3c3e4bdabed4,yes,no,no,yes,no,yes,no,no,yes,8,2,medium.com,en.wikipedia.org;a16z.com;productplan.com;salesforce.com;leanstartup.co;svpg.com;stripe.com;forbes.com;innovationlabs.harvard.edu;zendesk.com;coursera.org;instagram.com,phase4
2026-10-08,articles,mvp minimum viable product,10081734-2633-0066-0000-343045924c71,yes,no,no,yes,no,yes,no,no,no,8,2,quora.com,en.wikipedia.org;atlassian.com;businesstech.bus.umich.edu;coursera.org;nngroup.com;indeed.com;youtube.com,phase4
2026-10-08,articles,information architecture,10081734-2633-0066-0000-29f1b46b05d7,yes,no,no,yes,no,yes,no,no,no,8,2,medium.com,en.wikipedia.org;nngroup.com;geeksforgeeks.org;coursera.org;webfirst.uark.edu,phase4
2026-10-08,links,ux design tools,10081734-2633-0066-0000-ad56e8eee4ed,yes,no,no,yes,no,yes,no,no,yes,8,2,reddit.com;youtube.com,figma.com;reddit.com;miro.com;framer.com;blog.prototypr.io,phase4
2026-10-08,books,graphic design books,10081734-2633-0066-0000-3bf251b9bc8e,yes,no,no,yes,no,yes,yes,no,yes,7,1,reddit.com,shillingtoneducation.com;creativeboom.com;blush.design;google.com,phase4
2026-10-08,templates,agile user story template,10081734-2633-0066-0000-4bca249dd055,yes,no,no,yes,no,yes,no,no,yes,8,2,youtube.com;medium.com,agilealliance.org;aha.io;reddit.com;youtube.com;productschool.com;asana.com;instituteprojectmanagement.com,phase4
2026-10-08,tools,sample size calculator,10081734-2633-0066-0000-2805be4a1e30,yes,yes,no,no,no,no,no,no,yes,9,0,,,phase4
2026-10-08,tools,power analysis sample size calculator,10081734-2633-0066-0000-84b0217df93b,yes,no,no,yes,no,no,no,no,yes,9,0,,clincalc.com;homepage.univie.ac.at;statscalculators.com;researchmethodsresources.nih.gov;stat.ubc.ca;gigacalculator.com;statskingdom.com;numiqo.com;youtube.com,phase4
2026-10-08,tools,sample size calculator for survey,10081734-2633-0066-0000-4f3fe4a254c5,yes,no,no,no,no,no,no,no,yes,9,0,,surveymonkey.com;calculator.net;qualtrics.com;idsurvey.com;surveysystem.com;statsmasters.com,phase4
2026-10-08,tools,statistical sample size calculator,10081734-2633-0066-0000-d9e15a0d7899,yes,yes,no,yes,no,no,no,no,yes,9,1,youtube.com,,phase4
2026-10-08,articles,principles of design,10081818-2633-0066-0000-0398c1120c1f,yes,no,no,yes,no,yes,no,no,yes,8,1,youtube.com,vistaprint.com;superside.com;guides.lib.berkeley.edu;toptal.com;skillshare.com;youtube.com;adobe.com;facebook.com;en.wikipedia.org;figma.com,phase4
2026-10-08,articles,ai for product managers,10081818-2633-0066-0000-1049c3f8eda5,yes,no,no,yes,yes,no,no,no,yes,7,1,reddit.com,datascience-pm.com;youtube.com;coursera.org;pragmaticinstitute.com;resources.scrumalliance.org;productschool.com;scaledagile.com;egonzehnder.com,phase4
2026-10-08,articles,ai powered design tools,10081818-2633-0066-0000-bc76f5ccc862,yes,no,no,yes,yes,no,no,no,yes,8,2,tomaszs2.medium.com;youtube.com,canva.com;medium.muz.li;figma.com;youtube.com;designs.ai;adobe.com;open-design.ai,phase4
2026-10-08,articles,marketing research,10081818-2633-0066-0000-272600de4af5,yes,no,no,yes,no,no,no,no,yes,9,1,youtube.com,en.wikipedia.org;qualtrics.com;questionpro.com;hanoverresearch.com;surveymonkey.com;salesforce.com;study.com;libguides.ecu.edu,phase4
2026-10-08,articles,customer experience,10081818-2633-0066-0000-beb0463542c2,yes,no,no,yes,no,yes,no,no,yes,8,0,,zendesk.com;en.wikipedia.org;oracle.com;cmswire.com;ibm.com;forbes.com;salesforce.com;medallia.com;youtube.com,phase4
2026-10-08,articles,ux writing,10081818-2633-0066-0000-933486160f9a,yes,no,no,yes,yes,yes,no,no,yes,7,3,youtube.com;reddit.com;medium.com,nngroup.com;uxcontent.com;youtube.com;coursera.org;ixdf.org;baymard.com;uxwritinghub.com,phase4
