date,section,keyword,task_id,ai_overview,featured_snippet,people_also_ask,video,images,shopping,knowledge_graph,related_searches,organic_count,weak_count,weak_domains,ai_overview_ref_domains
2026-10-08,articles,rice prioritization,10081544-2633-0066-0000-cb13f19e5d0e,yes,no,yes,no,yes,no,no,no,8,4,productcoalition.com;youtube.com;reddit.com;medium.com,agileseekers.com;avion.io;faridjafarzade.medium.com;intercom.com;notion.com;productboard.com;productplan.com;productschool.com;skillifysolutions.com
2026-10-08,articles,what is product management,10081545-2633-0066-0000-5db337f4ba9f,yes,no,yes,yes,no,no,no,no,8,2,reddit.com;linkedin.com,altexsoft.com;atlassian.com;en.wikipedia.org;ibm.com;phoenix.edu;productboard.com;productfocus.com;productplan.com;reddit.com;youtube.com
2026-10-08,articles,product manager vs product owner,10081545-2633-0066-0000-56546775dae8,yes,no,yes,no,no,no,no,yes,9,3,reddit.com;medium.com;linkedin.com,icagile.com;linkedin.com;lyssna.com;medium.com;pragmaticinstitute.com;productplan.com;productschool.com;reddit.com;thoughtspot.com;youtube.com
2026-10-08,articles,how to write a prd,10081545-2633-0066-0000-f8e966091b2a,yes,no,yes,yes,yes,no,no,yes,7,5,linkedin.com;productplan.com;youtube.com;linkedin.com;quora.com,atlassian.com;figma.com;linkedin.com;notion.com;reddit.com;youtube.com
2026-10-08,articles,product roadmap,10081545-2633-0066-0000-179f566bbaef,yes,no,yes,no,yes,no,no,yes,8,3,reddit.com;pendo.io;amplitude.com,agilealliance.org;aha.io;atlassian.com;gocious.com;pendo.io;productboard.com;productplan.com;productschool.com;reddit.com;youtube.com
2026-10-08,articles,user research methods,10081545-2633-0066-0000-d94c8907bf21,yes,no,yes,no,no,no,no,no,9,2,linkedin.com;osamaabdelnaser.medium.com,enterprisearchitecture.harvard.edu;figr.design;formbricks.com;leanlab.co;maze.co;nngroup.com;userinterviews.com
2026-10-08,articles,usability testing,10081545-2633-0066-0000-157d280abd9e,yes,no,yes,no,no,no,no,yes,9,0,,coursera.org;dhs.gov;digital.gov;geeksforgeeks.org;nngroup.com;ranorex.com;usertesting.com;youtube.com
2026-10-08,articles,ux metrics,10081545-2633-0066-0000-21757294815a,yes,no,yes,no,yes,no,no,yes,8,3,reddit.com;maze.co;userpilot.com,clay.global;crazyegg.com;maze.co;measuringu.com;nngroup.com;reddit.com;surveymonkey.com;usertesting.com;uxpilot.ai;youtube.com
2026-10-08,articles,design system,10081545-2633-0066-0000-a876406cf825,yes,no,yes,no,no,no,yes,yes,9,1,medium.com,contentful.com;en.wikipedia.org;figma.com;instagram.com;nngroup.com;salesforce.com;untitledui.com;youtube.com
2026-10-08,articles,web accessibility guidelines,10081545-2633-0066-0000-aeda6b7f6c51,yes,no,yes,no,no,no,no,yes,9,0,,ada.gov;developer.mozilla.org;en.wikipedia.org;transportation.libguides.com;w3.org;wcag.com;youtube.com
2026-10-08,articles,heuristic evaluation,10081545-2633-0066-0000-0993e3701c92,yes,no,yes,no,yes,no,no,no,8,1,linkedin.com,en.wikipedia.org;fuselabcreative.com;ixdf.org;maze.co;nngroup.com;thedecisionlab.com
2026-10-08,articles,product metrics,10081545-2633-0066-0000-e567f0105749,yes,no,yes,no,yes,no,no,yes,8,2,reddit.com;mixpanel.com,amplitude.com;atlassian.com;gainsight.com;glassbox.com;heap.io;productplan.com;productschool.com
