date,section,keyword,position,type,domain,url,title,timestamp
2026-10-08,articles,north star metric,1,organic,airfocus.com,https://airfocus.com/glossary/what-is-north-star-metric/,"What Is the North Star Metric? Definiton, Examples, FAQs",
2026-10-08,articles,north star metric,2,organic,uxcam.com,https://uxcam.com/blog/how-to-define-north-star-metric/,"How to Define North Star Metric (Tools, Tips & Tactics)",2024-05-13 00:00:00 +00:00
2026-10-08,articles,north star metric,3,organic,subscriptionindex.com,https://www.subscriptionindex.com/p/north-star-metrics-how-to-set-and-use-them,North Star Metrics: How to Set and Use Them,2025-11-29 00:00:00 +00:00
2026-10-08,articles,north star metric,4,organic,enji.ai,https://enji.ai/glossary/north-star-metric/,What Is a North Star Metric? | Performance Glossary - Enji.ai,
2026-10-08,articles,north star metric,5,organic,customersuccesscollective.com,https://www.customersuccesscollective.com/what-is-a-north-star-metric/,What is a North Star metric?,2024-02-16 00:00:00 +00:00
2026-10-08,articles,north star metric,6,organic,kyligence.io,https://kyligence.io/blog/how-to-drive-business-growth-with-north-star-metric/,Driving Business Growth with North Star Metric,2023-09-22 00:00:00 +00:00
2026-10-08,articles,north star metric,7,organic,linkedin.com,https://www.linkedin.com/top-content/business-strategy/measuring-business-performance/setting-a-north-star-metric-for-2025/,Setting a North Star Metric for 2025,
2026-10-08,articles,north star metric,8,organic,teknicks.com,https://www.teknicks.com/blog/north-star-metric-examples/,North Star Metric Examples,2024-05-23 00:00:00 +00:00
2026-10-08,articles,retention rate,1,organic,en.wikipedia.org,https://en.wikipedia.org/wiki/Retention_rate,Retention rate,
2026-10-08,articles,retention rate,2,organic,zendesk.com,https://www.zendesk.com/blog/customer-experience/retention/calculate-customer-retention-rate/,Customer retention rate + formula: A guide for 2026,2026-01-13 00:00:00 +00:00
2026-10-08,articles,retention rate,3,organic,academicaffairs.uams.edu,https://academicaffairs.uams.edu/irpa/office-of-institutional-studies/student-outcomes/student-success/,Retention Rate and Student Success,
2026-10-08,articles,retention rate,4,organic,adp.com,https://www.adp.com/resources/articles-and-insights/articles/r/retention-rate.aspx,Retention Rate | How to Calculate & Examples,
2026-10-08,articles,retention rate,5,organic,stellic.com,https://www.stellic.com/resources/student-retention-rate,"Student Retention Rate: How to Calculate It (and What "" ...",
2026-10-08,articles,retention rate,6,organic,productplan.com,https://www.productplan.com/glossary/retention-rate,Retention Rate | Glossary,
2026-10-08,articles,retention rate,7,organic,wallstreetprep.com,https://www.wallstreetprep.com/knowledge/retention-rate/,Retention Rate | Formula + Calculator,
2026-10-08,articles,retention rate,8,organic,tcsisupport.gov.au,https://www.tcsisupport.gov.au/glossary/glossaryterm/retention-rate,Retention rate,
2026-10-08,articles,retention rate,9,organic,15five.com,https://www.15five.com/blog/what-is-a-good-retention-rate,What is a good retention rate?,2024-01-29 00:00:00 +00:00
2026-10-08,articles,a/b testing,1,organic,salesforce.com,https://www.salesforce.com/marketing/what-is-ab-testing/,What is A/B Testing?,
2026-10-08,articles,a/b testing,2,organic,en.wikipedia.org,https://en.wikipedia.org/wiki/A/B_testing,A/B testing,
2026-10-08,articles,a/b testing,3,organic,reddit.com,https://www.reddit.com/r/Entrepreneur/comments/4kte1q/ab_testing_fully_explained_with_best_practices/,"A/B Testing fully explained, with best practices and ...",
2026-10-08,articles,a/b testing,4,organic,geeksforgeeks.org,https://www.geeksforgeeks.org/blogs/what-is-a-b-testing/,Introduction to A/B Testing,2026-07-20 00:00:00 +00:00
2026-10-08,articles,a/b testing,5,organic,kameleoon.com,https://www.kameleoon.com/ab-testing,What Is A/B Testing? Complete Guide with Examples,
2026-10-08,articles,a/b testing,6,organic,coursera.org,https://www.coursera.org/articles/ab-testing,What Is A/B Testing?,2026-03-20 00:00:00 +00:00
2026-10-08,articles,a/b testing,7,organic,mastercard.com,https://www.mastercard.com/us/en/business/consumer-acquisition-and-engagement/personalization/dynamic-yield/learning-paths/a-b-testing-optimization/an-introduction-to-a-b-testing-and-optimization.html,An introduction to A/B testing and optimization,
2026-10-08,articles,a/b testing,8,organic,business.adobe.com,https://business.adobe.com/blog/basics/learn-about-a-b-testing,"A/B Testing — What it is, examples, and best practices",2025-09-22 00:00:00 +00:00
2026-10-08,articles,okr examples,1,organic,bernardmarr.com,https://bernardmarr.com/okr-examples-real-world-objectives-and-key-results/,OKR Examples: Real-World Objectives And Key Results,
2026-10-08,articles,okr examples,2,organic,rework.withgoogle.com,https://rework.withgoogle.com/intl/en/guides/set-goals-with-okrs,Guides: Set goals with OKRs - Google re:Work - Withgoogle.com,
2026-10-08,articles,okr examples,3,organic,worktango.com,https://www.worktango.com/blog/okr-examples,OKR Examples for Teams Across Every Department,2026-02-09 00:00:00 +00:00
2026-10-08,articles,okr examples,4,organic,synergita.com,https://www.synergita.com/blog/okr-examples-for-operations/,10 Best OKR Examples for Operations Teams,2026-03-12 00:00:00 +00:00
2026-10-08,articles,okr examples,5,organic,monday.com,https://monday.com/blog/project-management/what-are-okrs/,"What are OKRs, how to write them, and examples",2024-12-05 00:00:00 +00:00
2026-10-08,articles,okr examples,6,organic,quora.com,https://www.quora.com/What-are-some-specific-examples-of-Objectives-and-Key-Results-OKR,What are some specific examples of Objectives and Key ...,
2026-10-08,articles,okr examples,7,organic,medium.com,https://medium.com/@hello_73353/best-okr-examples-for-operations-00b7bafd4162,Best OKR Examples for Operations,
2026-10-08,articles,okr examples,8,organic,withdouble.com,https://withdouble.com/blog/okr-examples-for-startups-to-replicate,OKR examples for startups to replicate,2021-10-05 00:00:00 +00:00
2026-10-08,articles,jobs to be done,1,organic,christenseninstitute.org,https://www.christenseninstitute.org/theory/jobs-to-be-done/,Jobs to Be Done Theory,
2026-10-08,articles,jobs to be done,2,organic,strategyn.com,https://strategyn.com/jobs-to-be-done/,Jobs to Be Done (JTBD),
2026-10-08,articles,jobs to be done,3,organic,jobs-to-be-done.com,https://jobs-to-be-done.com/jobs-to-be-done-a-framework-for-customer-needs-c883cbf61c90,Jobs-to-be-Done: A Framework for Customer Needs - Medium,2017-01-05 00:00:00 +00:00
2026-10-08,articles,jobs to be done,4,organic,online.hbs.edu,https://online.hbs.edu/blog/post/jobs-to-be-done-examples,The Jobs to Be Done Framework & Real-World Examples,2026-05-19 00:00:00 +00:00
2026-10-08,articles,jobs to be done,5,organic,hbr.org,https://hbr.org/2016/09/know-your-customers-jobs-to-be-done,Know Your Customers' “Jobs to Be Done”,
2026-10-08,articles,jobs to be done,6,organic,productplan.com,https://www.productplan.com/glossary/jobs-to-be-done-framework,Jobs-To-Be-Done Framework | Glossary,
2026-10-08,articles,jobs to be done,7,organic,jobstobedone.org,https://jobstobedone.org/,"Jobs to be Done, Taught by Bob Moesta & Chris Spiek",
2026-10-08,articles,jobs to be done,8,organic,amazon.com,https://www.amazon.com/Jobs-Be-Done-Customer-Centered-Innovation/dp/0814438032,Jobs to Be Done: A Roadmap for Customer-Centered ...,
2026-10-08,articles,jobs to be done,9,organic,userinterviews.com,https://www.userinterviews.com/ux-research-field-guide-chapter/jobs-to-be-done-jtbd-framework,Jobs to Be Done (JTBD) in UX Research,2026-03-01 00:00:00 +00:00
2026-10-08,articles,product discovery,1,organic,atlassian.com,https://www.atlassian.com/agile/product-management/discovery,Product discovery,
2026-10-08,articles,product discovery,2,organic,antmurphy.medium.com,https://antmurphy.medium.com/i-asked-40-product-leaders-what-is-product-discovery-e10585e552d0,I asked 40 product leaders 'What is Product Discovery?',
2026-10-08,articles,product discovery,3,organic,productboard.com,https://www.productboard.com/blog/step-by-step-framework-for-better-product-discovery/,Guide: Product Discovery Process & Techniques,2025-03-19 00:00:00 +00:00
2026-10-08,articles,product discovery,4,organic,productschool.com,https://productschool.com/blog/product-fundamentals/what-is-product-discovery,The Definitive Guide to Product Discovery and Frameworks,2026-01-22 00:00:00 +00:00
2026-10-08,articles,product discovery,5,organic,amplitude.com,https://amplitude.com/blog/product-discovery-benefits,"Product Discovery: Definition, Benefits, and Techniques",2024-04-05 00:00:00 +00:00
2026-10-08,articles,product discovery,6,organic,reddit.com,https://www.reddit.com/r/ProductManagement/comments/1ru1kcr/experienced_pms_how_do_you_actually_do_product/,"Experienced PMs, how do you actually do product discovery?",
2026-10-08,articles,product discovery,7,organic,youtube.com,https://www.youtube.com/watch?v=ZCXYj59bTBA,A Step-by-Step Guide to Better Product Discovery,2023-03-27 00:00:00 +00:00
2026-10-08,articles,product discovery,8,organic,pendo.io,https://www.pendo.io/glossary/product-discovery/,What is Product Discovery? 2025 ...,
2026-10-08,articles,agile vs scrum,1,organic,agilemania.com,https://agilemania.com/what-is-agile-and-scrum,What is Agile and Scrum? Agile Methodology Explained,2022-02-14 00:00:00 +00:00
2026-10-08,articles,agile vs scrum,2,organic,ilxgroup.com,https://www.ilxgroup.com/nzd/blog/agile-vs-scrum-whats-the-difference-and-which-should-you-use,Agile vs Scrum: What's the difference and which should ...,2026-08-19 00:00:00 +00:00
2026-10-08,articles,agile vs scrum,3,organic,larksuite.com,https://www.larksuite.com/en_us/blog/agile-vs-scrum,Agile vs. Scrum: Key differences and how to choose,2026-09-18 00:00:00 +00:00
2026-10-08,articles,agile vs scrum,4,organic,coursera.org,https://www.coursera.org/ca/articles/agile-vs-scrum,Agile vs. Scrum: How to Choose the Best Method,2024-05-20 00:00:00 +00:00
2026-10-08,articles,agile vs scrum,5,organic,quora.com,https://www.quora.com/What-is-Scrum-and-how-is-it-different-from-Agile-methodology,"What is Scrum, and how is it different from Agile ...",
2026-10-08,articles,agile vs scrum,6,organic,c-sharpcorner.com,https://www.c-sharpcorner.com/article/agile-or-scrum-which-one-is-need-to-choose-and-why?srsltid=AU7gw4X4gsaFu0U9VW4eMj_LVy2fJi-9LHNKmWirGQ_EPHNKCpISd_3R,Agile Or Scrum - Which One To Choose And Why?,2020-04-09 00:00:00 +00:00
2026-10-08,articles,customer journey map,1,organic,contentful.com,https://www.contentful.com/blog/customer-journey-map-omnichannel/,Customer journey mapping: Visualizing the ...,2025-10-15 00:00:00 +00:00
2026-10-08,articles,customer journey map,2,organic,usertesting.com,https://www.usertesting.com/resources/templates/customer-journey,Customer Journey Map Template,
2026-10-08,articles,customer journey map,3,organic,triplewhale.com,https://www.triplewhale.com/blog/customer-journey-map,How to Create Customer Journey Maps That Convert in ...,2025-07-11 00:00:00 +00:00
2026-10-08,articles,customer journey map,4,organic,uxpressia.com,https://uxpressia.com/blog/customer-journey-map-for-beginners,A how-to guide: customer journey map for beginners,2022-11-08 00:00:00 +00:00
2026-10-08,articles,customer journey map,5,organic,awebdigital.co,https://awebdigital.co/customer-journey-map/,How to Create a Customer Journey Map,
2026-10-08,articles,customer journey map,6,organic,cmswire.com,https://www.cmswire.com/customer-experience/creating-and-future-proofing-your-customer-journey-map/,Creating and Future-Proofing Your Customer Journey Map,2018-10-22 00:00:00 +00:00
2026-10-08,articles,customer journey map,7,organic,salesmate.io,https://www.salesmate.io/blog/customer-journey-mapping/,Customer Journey Mapping: A Guide For Smarter ...,
2026-10-08,articles,customer journey map,8,organic,weidert.com,https://www.weidert.com/blog/customer-journey-map-template,4 B2B Customer Journey Map Templates To Grow ...,2021-04-12 00:00:00 +00:00
2026-10-08,articles,product strategy,1,organic,atlassian.com,https://www.atlassian.com/agile/product-management/product-strategy,What is a Product Strategy? [+How to Build One],
2026-10-08,articles,product strategy,2,organic,productplan.com,https://www.productplan.com/glossary/product-strategy,Product Strategy | Glossary,
2026-10-08,articles,product strategy,3,organic,svpg.com,https://www.svpg.com/product-strategy-overview/,Product Strategy - Overview,2020-02-17 00:00:00 +00:00
2026-10-08,articles,product strategy,4,organic,medium.com,https://medium.com/@melissaperri/what-is-good-product-strategy-8d5587cb7429,What is Good Product Strategy?,
2026-10-08,articles,product strategy,5,organic,reddit.com,https://www.reddit.com/r/ProductManagement/comments/1goweqw/how_do_you_define_product_strategy/,How do you define “product strategy”?,
2026-10-08,articles,product strategy,6,organic,aha.io,https://www.aha.io/roadmapping/guide/product-strategy,Product Strategy: How a Clear One Leads to Success,
2026-10-08,articles,product strategy,7,organic,romanpichler.com,https://www.romanpichler.com/blog/elements-definition-product-strategy/,Elements of an Effective Product Strategy,2015-05-19 00:00:00 +00:00
2026-10-08,articles,saas pricing strategy,1,organic,linkedin.com,https://www.linkedin.com/top-content/marketing/pricing-services/best-practices-for-saas-pricing-pages/,Best Practices for SaaS Pricing Pages,
2026-10-08,articles,saas pricing strategy,2,organic,concivigrowth.com,https://concivigrowth.com/blog/solving-the-pricing-puzzle-choosing-the-perfect-b2b-saas-model-for-your-business-3-article-series/,Choosing the Perfect B2B SaaS Model for Your Business,2024-11-01 00:00:00 +00:00
2026-10-08,articles,saas pricing strategy,3,organic,zuora.com,https://www.zuora.com/guides/saas-pricing-iteration-versioning/,SaaS Pricing Iteration: Managing Legacy Plans,
2026-10-08,articles,saas pricing strategy,4,organic,rydoo.com,https://www.rydoo.com/cfo-corner/saas-pricing-metrics,Future-proofing SaaS pricing metrics: adapting to AI and .. ...,
2026-10-08,articles,saas pricing strategy,5,organic,valueships.com,https://www.valueships.com/post/does-my-saas-charge-enough,Does my SaaS charge enough?,
2026-10-08,articles,saas pricing strategy,6,organic,quora.com,https://www.quora.com/What-is-the-best-practice-to-determine-SAAS-product-pricing,What is the best practice to determine SAAS product pricing?,
2026-10-08,articles,saas pricing strategy,7,organic,linkedin.com,https://www.linkedin.com/posts/product-marketing-alliance_your-best-pricing-strategy-make-it-simple-activity-7273352801445974016-MHyH,Your best pricing strategy? Make. It. Simple.  Most SaaS today,2025-10-08 15:45:41 +00:00
2026-10-08,articles,saas pricing strategy,8,organic,tropicapp.io,https://www.tropicapp.io/blog/saas-cost-management,SaaS Cost Management: A Practical Guide to Reducing Costs,2026-06-12 00:00:00 +00:00
2026-10-08,articles,go to market strategy,1,organic,coursera.org,https://www.coursera.org/articles/go-to-market-strategy,What Is a Go-To-Market Strategy? And How to Create One,2026-04-27 00:00:00 +00:00
2026-10-08,articles,go to market strategy,2,organic,salesforce.com,https://www.salesforce.com/sales/go-to-market-strategy/,Go to Market Strategy,2025-09-04 00:00:00 +00:00
2026-10-08,articles,go to market strategy,3,organic,en.wikipedia.org,https://en.wikipedia.org/wiki/Go-to-market_strategy,Go-to-market strategy,
2026-10-08,articles,go to market strategy,4,organic,asana.com,https://asana.com/resources/go-to-market-gtm-strategy,Go to Market GTM Strategy: Definition & 9-Step Guide,
2026-10-08,articles,go to market strategy,5,organic,online.hbs.edu,https://online.hbs.edu/blog/post/go-to-market-strategy-framework,How to Develop a Go-to-Market Strategy for Your Tech ...,2023-07-13 00:00:00 +00:00
2026-10-08,articles,go to market strategy,6,organic,stripe.com,https://stripe.com/resources/more/what-is-a-go-to-market-strategy-a-quick-gtm-guide-for-startups,What is a go-to-market strategy? A quick GTM guide,2026-03-15 00:00:00 +00:00
2026-10-08,articles,go to market strategy,7,organic,pipeline.zoominfo.com,https://pipeline.zoominfo.com/marketing/go-to-market-strategy,What Is a Go-to-Market Strategy? 2026 B2B Guide,2026-07-02 00:00:00 +00:00
2026-10-08,articles,go to market strategy,8,organic,youtube.com,https://www.youtube.com/watch?v=Zf7cjnfp1w8&vl=en,What Is a Go-To-Market Strategy? (GTM Guide),2026-04-27 00:00:00 +00:00
2026-10-08,articles,go to market strategy,9,organic,paddle.com,https://www.paddle.com/resources/go-to-market-strategy,"How to build a go-to-market strategy, with template ...",
2026-10-08,articles,product led growth,1,organic,nogood.io,https://nogood.io/blog/product-led-growth-strategy/,A Complete Guide to Product-Led Growth Strategy,2025-06-19 00:00:00 +00:00
2026-10-08,articles,product led growth,2,organic,statsig.com,https://www.statsig.com/perspectives/what-is-product-led-growth-(plg),What is product-led growth (PLG)?,2024-02-15 00:00:00 +00:00
2026-10-08,articles,product led growth,3,organic,featurebase.app,https://www.featurebase.app/blog/product-led-growth,"What Is Product-Led Growth? PLG Strategy, Metrics...",
2026-10-08,articles,product led growth,4,organic,adamfard.com,https://adamfard.com/blog/product-led-growth-examples,Product Led Growth Examples: How Top Companies Win ...,
2026-10-08,articles,product led growth,5,organic,mailmodo.com,https://www.mailmodo.com/guides/plg-vs-slg/,PLG vs SLG: Which One Is Better for Your SaaS,2025-03-10 00:00:00 +00:00
2026-10-08,articles,product led growth,6,organic,chameleon.io,https://www.chameleon.io/blog/product-led-growth-metrics,11 Product-Led Growth Metrics to Measure Your PLG ...,
2026-10-08,articles,product led growth,7,organic,upsilonit.com,https://www.upsilonit.com/blog/what-is-product-led-growth-strategy-and-examples,"Product-Led Growth: Definition, Strategy and Examples",2025-03-13 00:00:00 +00:00
2026-10-08,articles,product led growth,8,organic,amplitude.com,https://amplitude.com/blog/3-perspectives-on-plg,3 Perspectives on How to Benefit from Product-Led Growth,2023-01-18 00:00:00 +00:00
