section,keyword
articles,what is product management
articles,product manager vs product owner
articles,how to write a prd
articles,product roadmap
articles,user research methods
articles,usability testing
articles,ux metrics
articles,design system
articles,web accessibility guidelines
articles,heuristic evaluation
articles,product metrics
articles,north star metric
articles,retention rate
articles,a/b testing
articles,okr examples
articles,rice prioritization
articles,jobs to be done
articles,product discovery
articles,agile vs scrum
articles,customer journey map
articles,product strategy
articles,saas pricing strategy
articles,go to market strategy
articles,product led growth
links,ux tools
links,best ux design tools
links,ux research tools
links,product management tools
links,best product management software
links,product analytics tools
links,roadmap tools
links,prototyping tools
links,design resources
links,ux resources
links,free design resources
links,ai tools for product managers
links,ai tools for designers
links,design inspiration websites
links,icon libraries
links,free fonts websites
books,ux books
books,best ux design books
books,product management books
books,best product management books
books,books for product managers
books,ux research books
books,design books
books,business books for product managers
books,behavioral psychology books for designers
books,agile books
books,product strategy books
books,leadership books for product managers
tools,rice calculator
tools,sample size calculator ab test
tools,ab test significance calculator
tools,sus score calculator
tools,nps calculator
tools,churn rate calculator
tools,ltv calculator
tools,cac calculator
tools,sprint velocity calculator
tools,ice score calculator
tools,retention rate calculator
tools,priority matrix tool
templates,prd template
templates,product requirements document template
templates,user persona template
templates,product roadmap template
templates,customer journey map template
templates,user interview script template
templates,usability test plan template
templates,okr template
templates,sprint retrospective template
templates,lean canvas template
templates,user story template
templates,competitive analysis template
templates,ux research plan template
templates,prioritization matrix template
