date,head_phrase,top10_domains,result_types,organic_count,big_product,saas,thin_calculator,editorial,forum_ugc,ai_overview,serp_features,source
2026-10-10,color contrast checker,webaim.org;coolors.co;colourcontrast.cc;color.adobe.com;accessibleweb.com;userway.org;levelaccess.com;siteimprove.com;audioeye.com,edit;saas;thin;big;saas;saas;saas;saas;saas,9,1,6,1,1,0,no,images;related_searches,261010-TS-S01
2026-10-10,customer lifetime value calculator,wallstreetprep.com;salesforce.com;clv-calculator.com;yotpo.com;youtube.com;webfx.com;fjsolutions.com;upgrowth.in;productlift.dev,saas;big;thin;saas;forum;saas;saas;saas;saas,9,1,6,1,0,1,yes,ai_overview;people_also_ask;related_searches,261010-TS-S02
2026-10-10,microcopy checker,knowadays.com;linkedin.com;reddit.com;medium.com;little.midatel.com;reddit.com;reddit.com;reddit.com,saas;forum;forum;forum;thin;forum;forum;forum,8,0,1,1,0,6,yes,ai_overview;people_also_ask;video;related_searches,261010-TS-S03
2026-10-10,monte carlo forecast agile,dl.acm.org;reddit.com;55degrees.se;infoq.com;johncolemanirl.medium.com;youtube.com;medium.com;coursehero.com,edit;forum;saas;edit;forum;forum;forum;edit,8,0,1,0,3,4,yes,ai_overview;video;people_also_ask;related_searches,261010-TS-S04
2026-10-10,net promoter score calculator,npscalculator.com;surveymonkey.com;gainsight.com;smartsurvey.com;zoho.com;productlift.dev;youtube.com;survicate.com;fomr.io,thin;big;saas;saas;big;saas;forum;saas;saas,9,2,5,1,0,1,yes,ai_overview;people_also_ask;related_searches,261010-TS-S05
2026-10-10,okr checker,profit.co;linkedin.com;polly.ai;datalligence.ai;forcerank.it;capterra.com;vindaris.com;medium.com,saas;forum;saas;saas;saas;big;saas;forum,8,1,5,0,0,2,yes,ai_overview;people_also_ask;video,261010-TS-S06
2026-10-10,positioning statement template,professional.dce.harvard.edu;mailchimp.com;productmarketingalliance.com;pinterest.com;wordstream.com;zendesk.kr;argentumstrategy.com;youtube.com,edit;big;saas;forum;saas;saas;saas;forum,8,1,4,0,1,2,yes,ai_overview;images;people_also_ask;related_searches,261010-TS-S07
2026-10-10,prd generator,brilworks.com;chatprd.ai;telos-ai.org;ideaplan.io;reddit.com;pmprompt.com;medium.com;keeborg.com;medium.com,saas;saas;saas;saas;forum;saas;forum;saas;forum,9,0,6,0,0,3,yes,ai_overview;related_searches,261010-TS-S08
2026-10-10,rice score calculator,productlift.dev;easyretro.io;userpilot.com;riceprioritization.com;sleekplan.com;pmtoolkit.ai;productplan.com;getspeckled.com;productlift.dev,saas;saas;saas;thin;saas;saas;saas;saas;saas,9,0,8,1,0,0,yes,ai_overview;people_also_ask;related_searches,261010-TS-S09
2026-10-10,spacing scale generator,illustration.app;figma.com;utopia.fyi;webhostpedia.com;solite.in;designoverflow.co;snaputil.app;precise-type.com;hearthbyte.dev,thin;big;edit;thin;thin;thin;thin;thin;thin,9,1,0,7,1,0,yes,ai_overview;related_searches,261010-TS-S10
2026-10-10,sprint capacity calculator,float.com;atlassian.com;pawelrola.com;youtube.com;kelloo.com;reddit.com;resourcesops.com;smartsheet.com;xebia.com,saas;big;edit;forum;saas;forum;saas;big;saas,9,2,4,0,1,2,yes,ai_overview;related_searches,261010-TS-S11
2026-10-10,survey margin of error calculator,npscalculator.com;surveymonkey.com;surveysparrow.com;youtube.com;letshighlight.com;aytm.com;appinio.com;surveymonkey.com;veridatainsights.com,thin;big;saas;forum;saas;saas;saas;big;saas,9,2,5,1,0,1,yes,ai_overview;related_searches,261010-TS-S12
2026-10-10,survey question checker,surveymars.com;akiosurvey.com;involve.me;besthunt.ai;surveymars.com;uteach.io;aidaform.com;siliform.ai,saas;saas;saas;thin;saas;thin;saas;thin,8,0,5,3,0,0,yes,ai_overview;video;people_also_ask;related_searches,261010-TS-S13
2026-10-10,tint and shade generator,toolbox-kit.com;tumblr.com;prototypr.io;nextgenailearning.com;tools.en.softonic.com;facebook.com;bushe.co;are.na,saas;forum;saas;saas;thin;forum;thin;forum,8,0,3,2,0,3,yes,ai_overview;images,261010-TS-S14
2026-10-10,type scale generator,illustration.app;news.ycombinator.com;gist.github.com;studiolimb.com;typescaler.com;frameplugins.com;reddit.com;webdesign.tutsplus.com;forgedock.dev,thin;forum;forum;thin;thin;saas;forum;edit;thin,9,0,1,4,1,3,yes,ai_overview;related_searches,261010-TS-S15
2026-10-10,usability test sample size,uxarmy.com;userinterviews.com;dl.acm.org;useberry.com;reddit.com;ux.stackexchange.com;loop11.com;nngroup.com;hal.science,saas;saas;edit;saas;forum;forum;saas;edit;edit,9,0,4,0,3,2,yes,ai_overview;people_also_ask;related_searches,261010-TS-S16
2026-10-10,user story generator,kollabe.com;easyretro.io;reddit.com;miro.com;copilot4devops.com;easy-peasy.ai;marketplace.atlassian.com;leiga.com;figma.com,saas;saas;forum;big;saas;saas;big;saas;big,9,3,5,0,0,1,yes,ai_overview;people_also_ask;related_searches,261010-TS-S17
2026-10-08,sus score calculator,nngroup.com;yourcx.io;stackoverflow.com;formbricks.com;uxia.app;youtube.com;usability.uno,edit;saas;forum;saas;saas;forum;thin,7,0,3,1,1,2,yes,ai_overview;images;video;related_searches,261008-ST-004 (reused from 8 Oct)
2026-10-08,churn rate calculator,mailmodo.com;amplitude.com;saaselevate.com;elementor.com;behindthecmo.com;mcpcalc.com;churn.utils.com;cust.co;getguidesail.com,saas;saas;saas;saas;saas;thin;thin;saas;saas,9,0,7,2,0,0,yes,ai_overview;people_also_ask;related_searches,261008-ST-006 (reused from 8 Oct)
