phrase,topic,head,scope,volume,competition,cpc,monthly_12_newest_first,trend_6m_vs_prior_6m,variant_group,source,note
ux research books,UX research,1,core,90,HIGH,3.4,50;50;30;70;70;90;70;70;70;70;110;260,0.55,ux research books,261010-BT-001,
best ux research books,UX research,0,core,10,MEDIUM,,10;10;10;10;10;10;10;10;10;10;20;50,0.55,best ux research books,261010-BT-001,
books on ux research,UX research,0,core,10,LOW,,10;10;10;10;10;10;10;10;10;10;10;10,1.00,books on ux research,261010-BT-001,
user research books,UX research,0,core,30,MEDIUM,,20;10;20;10;20;30;20;30;10;20;10;170,0.42,user research books,261010-BT-001,
usability books,UX research,0,core,10,,,0;10;10;10;10;10;10;10;10;10;0;10,1.00,usability books,261010-BT-001,
ux design books,UX design,1,core,390,MEDIUM,1.15,260;260;210;390;320;320;320;480;480;480;480;880,0.56,ux design books,261010-BT-001,
best ux design books,UX design,0,core,140,LOW,4.36,170;170;140;140;110;140;110;140;170;170;170;140,0.97,best ux design books,261010-BT-001,
ux books,UX design,0,core,390,MEDIUM,1.15,260;260;210;390;320;320;320;480;480;480;480;880,,ux design books,261008-161,reused from keywords/ads-volumes-2026-10-08.csv
best ux books,UX design,0,core,140,LOW,4.36,170;170;140;140;110;140;110;140;170;170;170;140,,best ux design books,261008-161,reused from keywords/ads-volumes-2026-10-08.csv
books for ux designers,UX design,0,core,10,LOW,,10;10;10;10;10;10;10;10;10;10;20;20,0.75,books for ux designers,261010-BT-001,
books on ux design,UX design,0,core,390,MEDIUM,1.15,260;260;210;390;320;320;320;480;480;480;480;880,0.56,ux design books,261010-BT-001,
ui design books,UI design,1,core,140,LOW,2.13,170;140;110;110;140;110;140;210;170;140;170;210,0.75,ui design books,261010-BT-001,
best ui design books,UI design,0,core,30,LOW,0.36,30;30;30;20;30;30;30;30;20;30;20;40,1.00,best ui design books,261010-BT-001,
ui ux books,UI design,0,core,40,LOW,9.2,20;40;40;30;30;30;20;40;20;50;40;50,0.86,ui ux books,261010-BT-001,
books on ui design,UI design,0,core,140,LOW,2.13,170;140;110;110;140;110;140;210;170;140;170;210,0.75,ui design books,261010-BT-001,
web design books,UI design,0,broad,210,MEDIUM,2.18,170;140;140;260;210;210;170;170;170;210;170;320,0.93,web design books,261010-BT-001,
interaction design books,UI design,0,core,20,HIGH,0.65,10;10;10;20;20;20;10;10;10;20;20;20,1.00,interaction design books,261010-BT-001,
design systems books,Design systems,1,core,70,LOW,1.24,70;40;50;70;70;90;70;70;90;90;70;70,0.85,design systems books,261010-BT-001,
design system book,Design systems,0,core,70,LOW,1.24,70;40;50;70;70;90;70;70;90;90;70;70,0.85,design systems books,261010-BT-001,
best design systems books,Design systems,0,core,,,,,,,261010-BT-001,no data
books on design systems,Design systems,0,core,10,MEDIUM,,10;10;0;10;10;10;10;10;10;10;10;0,1.00,books on design systems,261010-BT-001,
atomic design book,Design systems,0,broad,90,LOW,,50;50;50;110;110;90;110;110;110;90;90;210,0.64,atomic design book,261010-BT-001,
accessibility books,Accessibility,1,core,390,LOW,,390;320;320;390;390;390;320;390;320;390;390;390,1.00,accessibility books,261010-BT-001,
web accessibility books,Accessibility,0,core,10,LOW,,10;0;10;10;10;10;10;10;10;10;10;10,0.83,web accessibility books,261010-BT-001,
best accessibility books,Accessibility,0,core,,,,,,,261010-BT-001,no data
books on accessibility,Accessibility,0,core,10,LOW,,10;10;10;10;10;10;10;10;10;10;10;10,1.00,books on accessibility,261010-BT-001,
inclusive design books,Accessibility,0,core,10,LOW,0.06,10;10;10;10;10;10;20;10;10;10;10;10,0.86,inclusive design books,261010-BT-001,
product management books,Product management,1,core,590,HIGH,1.12,390;480;390;480;480;590;590;720;590;590;590;880,,product management books,261008-161,reused from keywords/ads-volumes-2026-10-08.csv
best product management books,Product management,0,core,390,HIGH,2.41,260;320;260;320;390;320;390;480;480;390;480;480,,best product management books,261008-161,reused from keywords/ads-volumes-2026-10-08.csv
books for product managers,Product management,0,core,590,HIGH,1.12,390;480;390;480;480;590;590;720;590;590;590;880,0.71,product management books,261010-BT-001,
books on product management,Product management,0,core,590,HIGH,1.12,390;480;390;480;480;590;590;720;590;590;590;880,0.71,product management books,261010-BT-001,
product manager books,Product management,0,core,590,HIGH,1.12,390;480;390;480;480;590;590;720;590;590;590;880,0.71,product management books,261010-BT-001,
product management book recommendations,Product management,0,core,10,,,0;10;0;10;0;10;10;0;10;0;10;10,0.75,product management book recommendations,261010-BT-001,
product strategy books,Product strategy,1,core,20,MEDIUM,0.53,10;20;10;20;10;20;20;20;10;20;30;30,0.69,product strategy books,261010-BT-001,
best product strategy books,Product strategy,0,core,10,HIGH,,10;10;10;10;10;10;10;30;10;10;10;10,0.75,best product strategy books,261010-BT-001,
books on product strategy,Product strategy,0,core,10,HIGH,,10;10;10;10;10;10;10;10;10;10;10;10,1.00,books on product strategy,261010-BT-001,
strategy books,Product strategy,0,broad,590,HIGH,1.21,480;480;390;480;480;590;590;590;590;590;590;480,0.85,strategy books,261010-BT-001,
business strategy books,Product strategy,0,broad,480,HIGH,1.83,320;320;320;480;480;480;390;880;390;480;880;590,0.66,business strategy books,261010-BT-001,
product discovery books,Product discovery,1,core,10,HIGH,0.35,10;10;10;10;10;10;10;10;10;10;10;10,1.00,product discovery books,261010-BT-001,
best product discovery books,Product discovery,0,core,,,,,,,261010-BT-001,no data
books on product discovery,Product discovery,0,core,,,,,,,261010-BT-001,no data
customer discovery books,Product discovery,0,core,,,,,,,261010-BT-001,no data
lean startup books,Product discovery,0,core,10,MEDIUM,0.62,10;10;10;10;10;20;10;30;10;10;10;10,0.88,lean startup books,261010-BT-001,
project management books,Project management,1,core,1300,HIGH,1.32,1000;1000;1000;1000;1300;1300;1300;1600;1300;1300;1600;2400,0.69,project management books,261010-BT-001,
best project management books,Project management,0,core,480,HIGH,2.8,390;390;320;390;390;390;390;590;390;390;480;1000,0.70,best project management books,261010-BT-001,
books on project management,Project management,0,core,1300,HIGH,1.32,1000;1000;1000;1000;1300;1300;1300;1600;1300;1300;1600;2400,0.69,project management books,261010-BT-001,
agile books,Project management,0,core,170,HIGH,0.4,110;170;140;110;170;210;140;170;170;170;210;260,0.81,agile books,261010-BT-001,
scrum books,Project management,0,core,320,HIGH,1.05,260;320;260;320;320;390;390;390;320;320;390;480,0.82,scrum books,261010-BT-001,
books for project managers,Project management,0,core,1300,HIGH,1.32,1000;1000;1000;1000;1300;1300;1300;1600;1300;1300;1600;2400,0.69,project management books,261010-BT-001,
product analytics books,Product metrics,1,core,20,MEDIUM,17.24,10;10;20;10;20;50;20;20;20;20;10;20,1.09,product analytics books,261010-BT-001,
okr books,Product metrics,0,core,390,LOW,1.23,260;260;260;320;320;320;480;590;390;320;390;720,0.60,okr books,261010-BT-001,
data analytics books,Product metrics,0,broad,390,HIGH,5.08,260;210;260;390;320;390;390;480;480;390;390;390,0.73,data analytics books,261010-BT-001,
books on metrics,Product metrics,0,core,10,LOW,,10;10;0;10;10;10;0;10;10;10;10;10,1.00,books on metrics,261010-BT-001,
best okr books,Product metrics,0,core,10,LOW,,10;10;10;10;10;20;10;10;10;10;10;10,1.17,best okr books,261010-BT-001,
analytics books,Product metrics,0,core,50,MEDIUM,12.06,40;50;50;30;30;50;30;40;70;50;40;40,0.93,analytics books,261010-BT-001,
growth books,Growth and pricing,1,broad,2900,LOW,1.68,2900;2900;2900;2900;2900;2900;2400;2900;2400;2400;2400;2400,1.17,growth books,261010-BT-001,
pricing books,Growth and pricing,0,core,50,LOW,3.42,50;40;40;70;70;30;20;40;70;70;40;40,1.07,pricing books,261010-BT-001,
growth hacking books,Growth and pricing,0,core,30,MEDIUM,0.29,10;10;20;30;30;20;10;10;30;10;40;90,0.63,growth hacking books,261010-BT-001,
books on pricing,Growth and pricing,0,core,20,MEDIUM,2.39,10;20;10;40;40;20;10;10;20;30;30;10,1.27,books on pricing,261010-BT-001,
best pricing books,Growth and pricing,0,core,20,LOW,0.45,10;20;10;20;20;20;10;10;50;20;30;10,0.77,best pricing books,261010-BT-001,
saas books,Growth and pricing,0,core,50,MEDIUM,0.5,40;40;40;50;50;110;30;40;50;50;50;40,1.27,saas books,261010-BT-001,
product marketing books,Product marketing,1,core,50,HIGH,1.34,30;50;40;50;40;50;50;40;40;50;70;170,0.62,product marketing books,261010-BT-001,
best product marketing books,Product marketing,0,core,30,MEDIUM,,20;20;20;30;30;20;20;30;40;30;40;50,0.67,best product marketing books,261010-BT-001,
marketing books,Product marketing,0,broad,1000,HIGH,3.01,880;880;720;880;880;1300;1000;1300;1000;1000;1000;1000,0.88,marketing books,261010-BT-001,
best marketing books,Product marketing,0,broad,1000,MEDIUM,3.27,880;880;880;1000;1000;1300;1000;1300;1300;1000;1000;1300,0.86,best marketing books,261010-BT-001,
books on marketing,Product marketing,0,broad,1000,HIGH,3.01,880;880;720;880;880;1300;1000;1300;1000;1000;1000;1000,0.88,marketing books,261010-BT-001,
leadership books,Leadership and teams,1,core,14800,HIGH,0.71,9900;8100;9900;12100;14800;18100;14800;18100;14800;12100;18100;22200,0.73,leadership books,261010-BT-001,
management books,Leadership and teams,0,core,2900,MEDIUM,2.66,2400;2400;2400;2900;3600;4400;2900;3600;2900;2400;2400;2900,1.06,management books,261010-BT-001,
best leadership books,Leadership and teams,0,core,5400,HIGH,1.08,4400;4400;4400;4400;5400;5400;5400;6600;6600;5400;5400;6600,0.79,best leadership books,261010-BT-001,
best management books,Leadership and teams,0,core,1000,HIGH,1.19,880;880;720;880;880;1000;1000;1300;1000;1000;1000;1600,0.76,best management books,261010-BT-001,
books on leadership,Leadership and teams,0,core,14800,HIGH,0.71,9900;8100;9900;12100;14800;18100;14800;18100;14800;12100;18100;22200,0.73,leadership books,261010-BT-001,
books for new managers,Leadership and teams,0,core,260,HIGH,0.88,170;170;140;260;210;210;210;260;210;210;210;590,0.69,books for new managers,261010-BT-001,
behavioral design books,Psychology and behavioral science,1,core,10,LOW,0.17,10;10;10;10;10;10;10;10;10;10;10;10,1.00,behavioral design books,261010-BT-001,
behavioral economics books,Psychology and behavioral science,0,core,1300,LOW,0.46,2900;720;1000;1600;1600;1900;1000;1300;1300;1000;1300;1600,1.30,behavioral economics books,261010-BT-001,
behavioral psychology books,Psychology and behavioral science,0,core,260,HIGH,1.05,260;170;210;260;260;210;260;260;260;260;260;210,0.91,behavioral psychology books,261010-BT-001,
psychology books for designers,Psychology and behavioral science,0,core,,,,,,,261010-BT-001,no data
books on behavioral science,Psychology and behavioral science,0,core,320,MEDIUM,0.69,170;110;140;480;1000;210;590;210;170;170;140;170,1.46,books on behavioral science,261010-BT-001,
behavioral science books,Psychology and behavioral science,0,core,320,MEDIUM,0.69,170;110;140;480;1000;210;590;210;170;170;140;170,1.46,books on behavioral science,261010-BT-001,
startup books,Business and entrepreneurship,1,core,8100,LOW,0.39,590;880;590;590;2400;8100;22200;33100;22200;6600;320;320,0.16,startup books,261010-BT-001,"annual figure inflated by a spike (33100 peak, 8 months ago); recent months 590-880; ranked at 590"
best startup books,Business and entrepreneurship,0,core,260,MEDIUM,2.9,210;260;260;260;320;320;170;260;390;260;260;320,0.98,best startup books,261010-BT-001,
entrepreneurship books,Business and entrepreneurship,0,core,1900,HIGH,1.07,1600;1300;2900;1900;2400;1900;1900;2400;2400;1900;2400;2400,0.90,entrepreneurship books,261010-BT-001,
best business books,Business and entrepreneurship,0,core,3600,HIGH,1.01,3600;2900;2900;2900;2900;3600;3600;4400;5400;4400;4400;4400,0.71,best business books,261010-BT-001,
books for entrepreneurs,Business and entrepreneurship,0,core,1900,HIGH,1.07,1600;1300;2900;1900;2400;1900;1900;2400;2400;1900;2400;2400,0.90,entrepreneurship books,261010-BT-001,
business books,Business and entrepreneurship,0,core,3600,HIGH,15.94,3600;2900;2900;3600;3600;3600;3600;5400;4400;4400;4400;4400,0.76,business books,261010-BT-001,
productivity books,Personal development,1,core,880,HIGH,0.38,720;390;590;720;1000;1300;1000;1600;880;720;720;1000,0.80,productivity books,261010-BT-001,
best productivity books,Personal development,0,core,590,MEDIUM,0.43,260;390;590;260;720;390;720;880;480;390;390;880,0.70,best productivity books,261010-BT-001,
self improvement books,Personal development,0,broad,12100,MEDIUM,0.65,18100;33100;9900;8100;8100;9900;12100;14800;12100;12100;12100;9900,1.19,self improvement books,261010-BT-001,
personal development books,Personal development,0,broad,9900,MEDIUM,0.67,5400;5400;4400;9900;18100;9900;8100;8100;8100;5400;40500;14800,0.62,personal development books,261010-BT-001,
books on productivity,Personal development,0,core,880,HIGH,0.38,720;390;590;720;1000;1300;1000;1600;880;720;720;1000,0.80,productivity books,261010-BT-001,
self help books,Personal development,0,broad,60500,HIGH,0.6,27100;18100;27100;49500;49500;49500;74000;90500;90500;60500;74000;110000,0.44,self help books,261010-BT-001,
