section,category,keyword_count,total_volume,adjusted_volume,median_difficulty,template_share,question_share,top_keywords
links,ux and ui design tools,19,13620,2910,19,0.00,0.00,ux and ui design tools;ux design tools;ux designing tools;tools for ui ux design;tools for ui/ux design;ui ux design tools;ui ux designing tools;ui ux tools
links,product management tools,10,4690,2400,8,0.00,0.00,product management tools;tools for product management;tools product management;ai tools for product management;product analytics tools;roadmap tools;tools for roadmap;product roadmap tools
links,prototyping tools,17,4200,1160,26,0.00,0.00,prototyping software tools;prototyping tools;software prototyping tools;tools for prototyping;tools of prototyping;ai prototyping tools;fast prototyping tools;quick prototyping tools
links,(below threshold),22,7350,5540,19,0.00,0.00,design resources (off-scope): 7 kw; product management software (off-scope): 2 kw; ux research and testing tools: 4 kw; design resources: 9 kw
books,design books (general),16,22130,4090,0,0.00,0.00,books about design;books design;books for design;books on design;design for books;design in books;design of books;design books
books,graphic and visual design books,26,21060,1690,0,0.00,0.00,books about graphic design;books for graphic design;books graphic design;books on graphic design;books on graphics design;design graphic books;graphic design and books;graphic design books
books,product management books,14,6460,980,0,0.00,0.00,books about product management;books for product management;books on product management;books product management;product management books;best books about product management;best books for product management;best books on product management
books,ux design books,21,5190,530,0,0.00,0.00,books about ux;books about ux design;books for ux;books for ux design;books on ux;books on ux design;user experience design books;ux books
books,book cover and layout design (off-scope),21,78140,15360,24,0.05,0.00,book cover design books;books cover design;books design cover;cover design books;cover design for books;design books cover;design covers for books;design for books cover
books,engineering and software design books (off-scope),16,13210,7490,1,0.00,0.00,mechanical engineering design books;domain driven design books;domain-driven design books;system design books;systems design books;books design patterns;books for design patterns;books on design patterns
books,"interior, home and architecture design books (off-scope)",31,32320,7060,0,0.00,0.00,books about interior design;books for interior design;books in interior design;books interior design;books on interior design;interior design books;interior design with books;peter miller architecture and design books
books,fashion and craft design books (off-scope),22,16880,5440,0,0.00,0.00,fashion design pattern making books;patternmaking for fashion design books;apparel design books;books about clothing design;books about fashion design;books fashion design;books for fashion design;books human design
books,(below threshold),13,4790,1100,0,0.00,0.00,game and character design books: 9 kw; design thinking books: 4 kw
templates,user story templates,26,34760,11150,13,1.00,0.00,template for user story;template user story;user story template;user story template example;acceptance criteria user story template;agile development user story template;agile user story template;agile user story template example
templates,user story templates > agile and scrum user story templates,12,15380,3180,13,1.00,0.00,agile development user story template;agile user story template;agile user story template example;user story agile template;user story template agile;user story template for agile development;user story template in agile;scrum user story template
templates,"user story templates > user story template formats (word, doc, card)",5,2610,1500,11,1.00,0.00,user story template word;user story word template;user story card template;user story template doc;user story template document
templates,product roadmap templates,14,6170,1250,7.5,1.00,0.00,product roadmap template;roadmap product template;sample product roadmap template;template for product roadmap;template product roadmap;powerpoint product roadmap template;powerpoint template product roadmap;product roadmap powerpoint template
templates,product roadmap templates > roadmap templates for powerpoint,6,840,140,0,1.00,0.00,powerpoint product roadmap template;powerpoint template product roadmap;product roadmap powerpoint template;product roadmap ppt template;product roadmap template powerpoint;product roadmap template ppt
templates,(below threshold),4,10300,4500,6,1.00,0.00,prd templates: 3 kw; persona templates: 1 kw
tools,sample size calculators,68,126010,14990,37.5,0.01,0.00,calculate sample size calculator;calculating sample size calculator;calculator for sample size;calculator sample size;determine sample size calculator;determining sample size calculator;sample size calculation calculator;sample size calculator
tools,sample size calculators > power analysis sample size calculators,24,19530,2390,18,0.00,0.00,power sample size calculator online;calculator sample size power;power analysis and sample size calculator;power analysis calculator sample size;power analysis for sample size calculator;power analysis sample size calculator;power and sample size calculator;power calculation sample size calculator
tools,sample size calculators > survey sample size calculators,13,5920,2140,25,0.00,0.00,surveymonkey sample size calculator;raosoft sample size calculator;sample size calculator by raosoft;sample size calculator by raosoft inc;sample size calculator raosoft;qualtrics sample size calculator;sample size calculator for survey;sample size calculator for surveys
tools,sample size calculators > statistical significance sample size calculators,14,4550,650,43,0.00,0.00,determining sample size statistics calculator;sample size statistics calculator;statistical calculator for sample size;statistical calculator sample size;statistical sample size calculator;statistics calculator sample size;statistics sample size calculator;sample size for statistical significance calculator
tools,rice purity test (off-scope),23,79730,74330,3,0.00,0.30,rice purity score;rice purity test score meaning;rice purity test score meanings;rice purity test score;average rice purity score;rice purity score meaning;rice purity score test;average rice purity score by age
tools,rice university and sports scores (off-scope),21,15510,4780,0,0.00,0.00,rice football score;rice owls football score;rice score football;rice u football score;rice university football score;rice sat score;rice university sat score;sat score for rice university
tools,(below threshold),9,3700,2520,43,0.00,0.00,a/b test calculators: 8 kw; prioritization scores (rice): 1 kw
