seed,domain
ux research,design
user research methods,design
usability testing,design
user interviews,design
ux design process,design
information architecture,design
interaction design,design
design system,design
web accessibility,design
ux metrics,design
ux writing,design
customer journey map,design
user persona,design
product management,product
product strategy,product
product roadmap,product
product discovery,product
prioritization framework,product
product requirements document,product
user stories,product
agile methodology,product
scrum,product
product backlog,product
stakeholder management,product
project management,product
product owner,product
product metrics,business
product analytics,business
retention rate,business
a/b testing,business
okr,business
saas metrics,business
pricing strategy,business
go to market strategy,business
product led growth,business
service design,offmap
ai product management,offmap
product operations,offmap
design thinking,offmap
jobs to be done,offmap
growth marketing,offmap
product design,offmap
