topic,subtopic,domain_guess,keyword_count,total_volume,median_volume,median_difficulty,decision_share,question_share,template_share,top_keywords,competitor_articles,competitor_domains
"agile, scrum and kanban",,product,243,3883210,4400,36,0.14,0.05,0.05,agile agile;agile agile software;agile approach;agile approaches;agile computing;agile implementation;agile implementations;agile methodologies,43,16
"agile, scrum and kanban",agile methodology (general),product,96,2969680,4400,39.5,0.09,0.08,0.00,agile agile;agile agile software;agile approach;agile approaches;agile computing;agile implementation;agile implementations;agile methodologies,73,20
"agile, scrum and kanban",agile project management,product,42,504330,9900,47,0.02,0.00,0.00,agile project development;agile and project management;agile development and project management;agile development project management;agile for project management;agile for project managers;agile in project management;agile it project management,61,18
"agile, scrum and kanban",scaled agile (safe),product,25,184000,8100,45,0.44,0.00,0.00,agile safe;agile safe framework;agile scaled framework;agile scaling framework;agile scaling frameworks;safe agile framework;safe agile method;safe agile methodologies,14,8
"agile, scrum and kanban","scrum, sprints and backlog",product,65,131200,260,24,0.20,0.06,0.20,scrum master;agile development scrum;agile for scrum;agile i scrum;agile methodology scrum;agile scrum;agile scrum development;agile scrum of scrums,36,16
"agile, scrum and kanban",agile manifesto and principles,product,15,94000,6600,31,0.00,0.00,0.00,agile development manifesto;agile manifesto;agile methodology manifesto;agile project management manifesto;agile software development manifesto;agile software manifesto;manifesto agile;manifesto agile software development,38,16
accessibility,,design,99,780060,3600,76,0.07,0.01,0.01,accessibility;accessibility accessibility;accessibility def;accessibility definition;define accessibility;accessibility heuristic;accessibility heuristics;synonym accessibility,61,12
accessibility,accessibility definitions (general),design,18,414700,8100,24.5,0.06,0.06,0.00,accessibility;accessibility accessibility;accessibility def;accessibility definition;define accessibility;synonym accessibility;synonym for accessibility;synonyms for accessibility,0,0
accessibility,"guidelines and compliance (wcag, ada, 508)",design,25,136600,5400,67,0.04,0.00,0.04,accessibility 508;accessibility 508 compliance;accessibility standard;accessibility standards;accessibility ada;accessibility guidelines wcag;accessibility guidelines web;accessibility guidelines websites,82,14
accessibility,web and digital accessibility,design,19,118100,3600,94,0.16,0.00,0.00,accessibility heuristic;accessibility heuristics;internet accessibility;web accessibility guide;web content accessibility;web content accessibility guide;website accessibility guide;accessibility font size,53,14
accessibility,accessibility testing and checkers,design,37,110660,2900,76,0.05,0.00,0.00,accessibility widget accessibe;accessibility check;accessibility checker;check for accessibility;accessibility check for website;accessibility check website;accessibility checker online;accessibility checker website,16,5
analytics,,business,93,386580,1600,18,0.09,0.08,0.00,analytics;data analyst;data analytics;business analytics;free web analytics service;data analyst internship;analytics definition;business intelligence analyst,115,19
project management,,product,74,354780,1600,15,0.22,0.01,0.03,project management;project manager;project management tools;project management tool;program manager;project mapping;construction project manager;project board,28,11
ux research,,design,213,330250,390,8,0.12,0.05,0.11,user interviews;close-ended questions in research;closed-ended questions in research;online survey platforms;web soil survey;user testing;online surveys;customer feedback survey,228,24
ux research,surveys and questionnaires,design,61,184030,880,8,0.15,0.00,0.15,close-ended questions in research;closed-ended questions in research;online survey platforms;web soil survey;online surveys;customer feedback survey;via character strengths survey;customer satisfaction survey,105,15
ux research,interviews and focus groups,design,24,66780,480,16,0.00,0.12,0.00,user interviews;user interviews platform;user interviews focus group;user interviews focus groups;user interviews com;is user interviews legit;is user interviews legitimate;user interviews paid research studies,6,3
ux research,usability testing,design,81,51370,260,7,0.14,0.06,0.14,user testing;user testing questions;testing usability;usability testing;user acceptance testing;usability testing platform;usability testing platforms;website user testing,387,25
ux research,ux research (general),design,47,28070,390,8,0.13,0.04,0.09,qualitative data examples;action research;ux research;ux research positions;user research;what is ux research;research method ux;research methods ux,58,12
ux and ui design (discipline),,design,110,293240,320,6.5,0.02,0.01,0.00,ui ux design;one ui themes;one ui;ux design;ui/ux designer;ux designer;product design;product designer,57,13
growth marketing and funnels,,business,39,292150,1600,22,0.05,0.05,0.03,content marketing;marketing strategy;marketing funnel;content marketing services;growth and development;content marketing strategy;digital marketing strategies;sales funnel,225,30
product management (discipline),,product,94,272980,2400,8,0.07,0.06,0.01,associate product management;product life cycle;product management vacancy;product life cycle management software;product management pay;management of product;management product;manager of product management,21,9
product management (discipline),product management (general),product,74,223060,2400,3,0.09,0.07,0.01,associate product management;product management vacancy;product management pay;management of product;management product;manager of product management;product and management;product management,0,0
product management (discipline),product life cycle,product,20,49920,1900,36,0.00,0.05,0.00,product life cycle;product life cycle management software;product life cycle management system;product life cycle management systems;product lifecycle management system;product lifecycle management systems;life cycle product management;lifecycle management product,12,6
"okrs, kpis and metrics",,business,153,269480,480,22,0.19,0.10,0.15,metrics;okr;kpi examples;meaning of okr;okr meaning;okr means;dora metrics;kpi vs okr,25,11
"okrs, kpis and metrics",okrs,business,119,149860,320,24,0.23,0.12,0.18,okr;meaning of okr;okr meaning;okr means;kpi vs okr;kpis vs okr;okr vs kpi;okr vs kpis,18,10
"okrs, kpis and metrics",metrics (general),business,34,119620,800,19,0.06,0.03,0.03,metrics;kpi examples;dora metrics;synonym metrics;thesaurus metrics;kpi meaning in business;kpi metrics;snf metrics,25,17
design thinking,,design,137,237390,260,41,0.05,0.04,0.01,design & thinking;design and design thinking;design design thinking;design for thinking;design of thinking;design thinking;design thinking and;design thinking design,28,8
design thinking,design thinking (general),design,81,194990,390,27,0.01,0.04,0.02,design & thinking;design and design thinking;design design thinking;design for thinking;design of thinking;design thinking;design thinking and;design thinking design,64,14
design thinking,design thinking process and stages,design,56,42400,210,52.5,0.11,0.04,0.00,design thinking design process;design thinking process;design thinking processes;process design thinking;process of design thinking;thinking design process;design thinking framework;design thinking frameworks,30,7
pricing strategy,,business,185,227850,390,13,0.03,0.04,0.05,originality pricing;dynamic pricing;price pricing strategy;pricing and pricing strategy;pricing and strategy;pricing policy strategy;pricing strategies;pricing strategy,70,20
pricing strategy,pricing strategy (general),business,95,171260,720,20,0.00,0.07,0.02,originality pricing;price pricing strategy;pricing and pricing strategy;pricing and strategy;pricing policy strategy;pricing strategies;pricing strategy;strategic pricing strategy,110,25
pricing strategy,pricing strategy types and models,business,39,38960,390,19,0.13,0.00,0.21,dynamic pricing;competitive pricing;psychological pricing;marketing pricing strategy examples;pricing strategy examples marketing;cost plus pricing strategy;cost-plus pricing strategy;example of a pricing strategy,35,15
pricing strategy,company pricing case studies,business,51,17630,170,0,0.00,0.02,0.00,what is retail pricing;define retail pricing;retail pricing definition;amazon pricing strategy;amazon's pricing strategy;nike pricing strategy;nike's pricing strategy;pricing and retail strategy,21,11
prioritization,,product,108,209300,320,5,0.13,0.07,0.07,prioritization;another word for prioritization;use high priority notification meaning;prioritization synonym;prioritization synonyms;define prioritization;definition of prioritization;prioritization definition,41,8
prioritization,prioritization (general),product,62,177170,435,1,0.11,0.10,0.06,prioritization;another word for prioritization;use high priority notification meaning;prioritization synonym;prioritization synonyms;define prioritization;definition of prioritization;prioritization definition,0,0
prioritization,prioritization frameworks,product,30,21280,320,21,0.23,0.03,0.13,moscow prioritization;matrix for prioritization;matrix prioritization;prioritization matrix;priority matrix;rice prioritization;prioritization framework;prioritization moscow method template,29,8
prioritization,task and time prioritization,product,16,10850,320,10,0.00,0.06,0.00,prioritization of tasks;prioritization task;task prioritization;tasks prioritization;prioritization and time management;prioritization in time management;prioritization time management;time management and prioritization,23,11
user stories and acceptance criteria,,product,177,203490,720,14,0.30,0.10,0.41,epic user web;story points;story maps;defining user stories;user stories;user stories as a user;format for user stories;template for user stories,12,10
user stories and acceptance criteria,user story examples and templates,product,63,94210,1600,13,0.60,0.03,1.00,format for user stories;template for user stories;templates for user stories;user stories format;user stories template;user stories templates;user story format;agile development user stories examples,25,11
user stories and acceptance criteria,user stories (general),product,88,89690,590,22.5,0.09,0.17,0.00,epic user web;story points;story maps;defining user stories;user stories;user stories as a user;define user stories;user stories defined,35,17
user stories and acceptance criteria,acceptance criteria,product,26,19590,390,9.5,0.27,0.04,0.35,acceptance criteria for user stories examples;examples of user stories with acceptance criteria;sample acceptance criteria for user stories;sample user stories with acceptance criteria;user stories acceptance criteria examples;user stories examples with acceptance criteria;user story examples acceptance criteria;how to write acceptance criteria for user stories,11,9
web design,,design,26,151890,1600,35.5,0.58,0.04,0.50,website design;web designer;web design company;web design agency;responsive design;web design services;portfolio website examples;website examples,39,10
personas and journey maps,,design,90,136410,800,23,0.22,0.09,0.36,customer journey;consumer journey map;customer experience journey map;customer journey map;customers journey map;journey map customer;journey map customer experience;map customer journey,225,30
personas and journey maps,journey maps and user flows,design,61,109710,880,19,0.23,0.08,0.41,customer journey;consumer journey map;customer experience journey map;customer journey map;customers journey map;journey map customer;journey map customer experience;map customer journey,231,30
personas and journey maps,personas,design,29,26700,480,25,0.21,0.10,0.24,define user persona;user persona definition;persona user;persona user experience;user experience persona;user persona;user persona template;user persona templates,25,8
a/b testing and experimentation,,business,113,135980,210,38,0.14,0.09,0.10,a & b testing;a / b testing;a b split testing;a b testing;a to b testing;a-b testing;a/b split testing;a/b testing,64,18
a/b testing and experimentation,a/b testing (general),business,40,121020,720,48,0.20,0.15,0.28,a & b testing;a / b testing;a b split testing;a b testing;a to b testing;a-b testing;a/b split testing;a/b testing,76,20
a/b testing and experimentation,a/b testing tools and platforms,business,39,9900,210,23,0.21,0.08,0.00,what is a/b testing software;a / b testing tools;a b split testing tools;a b testing in mailchimp;a b testing mailchimp;a b testing on mailchimp;a b testing software;a b testing tools,63,18
a/b testing and experimentation,"a/b testing in marketing (email, landing pages, ads)",business,34,5060,170,38,0.00,0.03,0.00,a b testing for landing pages;a b testing for marketing;a b testing for seo;a b testing in marketing;a b testing in seo;a b testing landing page;a b testing landing pages;a b testing marketing,66,18
design systems and ui components,,design,96,130280,390,6.5,0.02,0.01,0.02,component-based software engineering;shadcn ui;design patterns;plant design management system;banner design;material design;teal material design;ant design,3,3
design systems and ui components,ui components and patterns,design,62,71790,260,1,0.02,0.00,0.00,component-based software engineering;shadcn ui;design patterns;banner design;microservices design patterns;breadcrumbs ui;mobile stepper material-ui;spinners ui,0,0
design systems and ui components,design systems,design,34,58490,720,26.5,0.03,0.03,0.06,plant design management system;material design;teal material design;ant design;delete icon material design;a design system;advance design system;and design system,3,3
requirements and prd,,product,66,117570,720,9,0.27,0.09,0.33,product requirements document;software requirement specification meaning;what are product requirements;what is a product requirements document;what is product requirements;draft requirements;system requirements;design brief,25,11
go-to-market and product marketing,,business,42,98380,1300,18,0.05,0.24,0.05,4 ps of marketing;marketing mix;what are the 4 ps of marketing;4ps of marketing;four ps of marketing;product marketing;customer segmentation;market segmentation meaning,58,15
"retention, churn and engagement",,business,120,91010,480,18,0.20,0.19,0.02,customer retention;rate of retention;retention rate;customer retention strategies;customer loyalty program;verizon pricing strategy customer churn;customer engagement;calculate retention rate,86,17
"retention, churn and engagement",retention rate formulas and calculation,business,49,39890,320,16,0.39,0.33,0.00,calculate retention rate;calculating retention rate;calculation of retention rate;employee retention rate formula;formula for employee retention rate;formula for retention rate;formula of retention rate;formula retention rate,45,9
"retention, churn and engagement",retention (general),business,52,28400,355,22,0.04,0.12,0.02,rate of retention;retention rate;what is a retention rate;what is retention rate;what is the retention rate;engagement rate;retention rate meaning;retention program,53,10
"retention, churn and engagement",customer retention and loyalty,business,19,22720,720,26,0.16,0.05,0.05,customer retention;customer retention strategies;customer loyalty program;verizon pricing strategy customer churn;customer engagement;what is customer retention;customer retention meaning;customer retention loyalty programs,147,18
product owner and product manager roles,,product,86,81870,390,8,0.16,0.07,0.02,product manager;associate product manager;product owner;product owner position;product owner positions;product owner vacancies;product owner vacancy;remote product manager,83,19
product owner and product manager roles,product owner,product,75,48880,390,8,0.17,0.08,0.03,product owner;product owner position;product owner positions;product owner vacancies;product owner vacancy;product management vs product owner;product owner vs product manager;product owner cv example,83,19
product owner and product manager roles,product roles (general),product,11,32990,390,7,0.09,0.00,0.00,product manager;associate product manager;remote product manager;product manager vs owner;technical product manager;product manager tech;product manager roadmap;product manager requirements,7,5
stakeholder and change management,,product,63,78390,480,17,0.05,0.08,0.03,change management;leadership development program;management styles;leadership development;leadership styles in management;leadership vs management;prosci change management;change management process,16,13
stakeholder and change management,change management and leadership,product,21,59520,1600,14,0.14,0.00,0.10,change management;leadership development program;management styles;leadership development;leadership styles in management;leadership vs management;prosci change management;change management process,4,3
stakeholder and change management,stakeholder management,product,42,18870,320,18,0.00,0.12,0.00,stakeholder in management;stakeholder management;what is a stakeholder management;what is stakeholder management;define stakeholder management;definition of stakeholder management;definition stakeholder management;meaning of stakeholder management,28,15
"product strategy, discovery and launch",,product,94,54650,290,8,0.06,0.03,0.13,product development;positioning statement;product differentiation;product market fit;product positioning bases;straddle positioning in marketing;product development life cycle;product development process,121,23
"product strategy, discovery and launch",product strategy,product,41,29080,260,4,0.15,0.07,0.29,positioning statement;product differentiation;product market fit;product positioning bases;straddle positioning in marketing;product strategy;product led growth;product positioning,138,21
"product strategy, discovery and launch",new product development and launch,product,46,23180,320,10,0.00,0.00,0.00,product development;product development life cycle;product development process;product launch;market research and product development;new product development;product development engineer;product development research,83,20
"product strategy, discovery and launch",product strategy and discovery (general),product,7,2390,210,5,0.00,0.00,0.00,mvp minimum viable product;innovation discovery;product discovery;online product discovery platform;product discovery service;product discovery services;product discovery process,0,0
product roadmap,,product,83,40430,260,10,0.31,0.11,0.34,product roadmap;roadmap for product;roadmap product;example of a product roadmap;example of product roadmap;example product roadmap;examples of product roadmap;product roadmap example,57,12
information architecture,,design,37,26020,260,11,0.05,0.05,0.19,information about architecture;information architecture;information architecture ia;information of architecture;information on architecture;what is an information architecture;what is information architecture;information architecture in ux,105,16
