# Phase 4 topic scores, 8 Oct 2026. One row per unit (topic, sub-topic or section category).
# score (0-100) = 25*demand + 20*difficulty + 15*decision_template + 10*weak + 10*ai_overview + 10*trend + 10*competitors, each component 0..1:
#   demand = ranked percentile of adjusted_volume (higher is better)
#   difficulty = ranked percentile of median_difficulty, inverted (lower KD is better); book units have no KD data and get 0.5
#   decision_template = ranked percentile of decision_share + template_share
#   weak = ranked percentile of weak_count on head_term_1's page one (more weak results is better)
#   ai_overview = 1 when head_term_1's SERP has no AI Overview or an empty one, else 0
#   trend = 1 rising, 0.5 flat or too small to read, 0 falling (Google Trends, 5 years, head_term_1)
#   competitors = ranked percentile of competitor_count_in_arena, inverted (fewer is better)
# Ranked percentile: (rank - 1) / (n - 1) over all 84 units, ties share the average rank.
# owner_fit (1-3) is left empty for the owner and is NOT part of the score. c_* columns are the components.
# competitor_count_in_arena: distinct page-one domains for head_term_1 and head_term_2 (where a SERP exists), excluding forums, platforms, video, retailers, catalogs, encyclopedias, dictionaries, government, universities and app stores (types from competitors/*-competitors.csv, else tools/phase4_score.py rules).
unit_id,kind,section_or_domain,topic,subtopic_or_category,head_term_1,keyword_count,adjusted_volume,ads_volume_head,median_difficulty,decision_share,template_share,question_share,slope_12m,trend_5y,direction,ai_overview,ai_overview_empty,weak_count,weak_page_one,page_one_domains,competitor_count_in_arena,competitor_articles,owner_fit,score,c_demand,c_difficulty,c_decision_template,c_weak,c_ai_overview,c_trend,c_competitors
u59,topic,product,product owner and product manager roles,,product manager,86,46990,6600,8,0.16,0.02,0.07,0.71,1.63,rising,yes,yes,2,no,youtube.com;productplan.com;productplan.com;contentsquare.com;productschool.com;uagc.edu;ironhack.com;hackernoon.com;reddit.com,4,83,,75.2,0.63,0.80,0.43,0.80,1.00,1.00,0.89
u35,subtopic,product,prioritization,prioritization (general),prioritization,62,153570,74000,1,0.11,0.06,0.10,0.52,2.35,rising,yes,no,2,no,airfocus.com;linkedin.com;airfocus.com;collinsdictionary.com;pdware.com;youtube.com;appfluence.com;teamwork.com,4,0,,74.6,0.87,0.98,0.42,0.80,0.00,1.00,0.89
u61,subtopic,product,product owner and product manager roles,product roles (general),product manager,11,32770,6600,7,0.09,0.00,0.00,0.75,1.63,rising,yes,yes,2,no,youtube.com;productplan.com;productplan.com;contentsquare.com;productschool.com;uagc.edu;ironhack.com;hackernoon.com;reddit.com,4,7,,72.4,0.52,0.88,0.33,0.80,1.00,1.00,0.89
u42,topic,design,web design,,website design,26,151890,49500,35.5,0.58,0.50,0.04,0.55,2.89,rising,yes,no,3,yes,youtube.com;youtube.com;liquidweb.com;dribbble.com;grovention.com;youtube.com;expertise.com;techrepublic.com,4,39,,68.2,0.86,0.20,0.95,0.96,0.00,1.00,0.89
u34,topic,product,prioritization,,prioritization,108,171110,74000,5,0.13,0.07,0.07,0.54,2.35,rising,yes,no,2,no,airfocus.com;linkedin.com;airfocus.com;collinsdictionary.com;pdware.com;youtube.com;appfluence.com;teamwork.com,9,41,,67.9,0.88,0.93,0.48,0.80,0.00,1.00,0.21
u12,topic,business,analytics,,analytics,93,377190,60500,18,0.09,0.00,0.08,0.71,1.55,rising,yes,no,2,no,marketingplatform.google.com;online.hbs.edu;youtube.com;sap.com;dictionary.cambridge.org;quora.com;business.adobe.com,4,115,,67.3,1.00,0.52,0.33,0.80,0.00,1.00,0.89
u19,topic,design,ux and ui design (discipline),,ui ux design,110,286140,90500,6.5,0.02,0.00,0.01,0.90,1.81,rising,yes,no,2,no,codebyfarhan.com;monsoonfish.com;freecodecamp.org;ccccollege.com;letsgroto.com;medium.com;youtube.com;flyingbisons.com,6,57,,67.1,0.93,0.91,0.13,0.80,0.00,1.00,0.59
u13,topic,product,project management,,project management,74,345140,135000,15,0.22,0.03,0.01,0.66,1.41,rising,yes,no,1,no,pmi.org;goskills.com;aiu.edu;projectmanager.com;youtube.com;pmi.org;simpliaxis.com;slack.com;usnews.com,6,28,,65.4,0.98,0.59,0.59,0.43,0.00,1.00,0.59
u14,topic,design,ux research,,user testing,213,264020,18100,8,0.12,0.11,0.05,0.70,1.95,rising,yes,no,1,no,usertesting.com;reddit.com;apps.apple.com;userfeel.com;userlytics.com;play.google.com;trustpilot.com,8,228,,64.4,0.92,0.80,0.54,0.43,0.00,1.00,0.30
u50,topic,design,design systems and ui components,,design system,96,115000,3600,6.5,0.02,0.02,0.01,0.93,3.44,rising,yes,no,1,no,lovable.dev;blog.pixelfreestudio.com;medium.com;figma.com;magnific.com;gov.ie;brand.jhu.edu;design-system.canada.ca;stackoverflow.com,6,3,,60.8,0.80,0.91,0.17,0.43,0.00,1.00,0.59
u22,subtopic,product,product management (discipline),product management (general),product management,74,102690,6600,3,0.09,0.01,0.07,0.71,3.84,rising,yes,no,1,no,reddit.com;atlassian.com;ibm.com;productboard.com;professionalprograms.mit.edu;en.wikipedia.org;productplan.com;coursera.org,9,0,,60.6,0.77,0.96,0.37,0.43,0.00,1.00,0.21
u66,subtopic,product,"product strategy, discovery and launch",product strategy,product market fit,41,21350,2900,4,0.15,0.29,0.07,0.56,2.60,rising,yes,no,2,no,medium.com;projectmanager.com;browsee.io;hypernestlabs.com;medium.com;g2.com;gapscout.com;thryv.com,10,138,,60.3,0.43,0.95,0.73,0.80,0.00,1.00,0.14
u17,subtopic,design,ux research,usability testing,user testing,81,34700,18100,7,0.14,0.14,0.06,0.34,1.95,rising,yes,no,1,no,usertesting.com;reddit.com;apps.apple.com;userfeel.com;userlytics.com;play.google.com;trustpilot.com,7,387,,58.4,0.54,0.88,0.60,0.43,0.00,1.00,0.39
u18,subtopic,design,ux research,ux research (general),ux research,47,20220,2900,8,0.13,0.09,0.04,0.61,1.61,rising,yes,no,2,no,reddit.com;maze.co;coursera.org;online.usc.edu;usertesting.com;indeed.design;ixdf.org;uxtweak.com;youtube.com,6,58,,58.4,0.42,0.80,0.52,0.80,0.00,1.00,0.59
u63,subtopic,product,stakeholder and change management,change management and leadership,change management,21,59040,14800,14,0.14,0.10,0.00,0.58,3.04,rising,yes,no,1,no,online.hbs.edu;prosci.com;asq.org;business.purdue.edu;reddit.com;en.wikipedia.org;ibm.com;nmsconsulting.com;apqc.org,6,4,,57.7,0.66,0.61,0.57,0.43,0.00,1.00,0.59
u72,section,links,links,product management tools,product management tools,10,2400,880,8,1.00,0.00,0.00,0.48,11.47,rising,yes,yes,1,no,blog.ravi-mehta.com;reddit.com;tech.co;themuse.com;governance.ucci.edu.ky;designsystemscollective.com;omr.com,12,,,57.7,0.12,0.80,0.90,0.43,1.00,1.00,0.08
u69,topic,product,product roadmap,,product roadmap,83,11300,3600,10,0.31,0.34,0.11,0.28,5.11,rising,yes,no,3,yes,atlassian.com;productplan.com;reddit.com;agilealliance.org;pendo.io;productboard.com;amplitude.com;productschool.com,7,57,,57.6,0.29,0.71,0.84,0.96,0.00,1.00,0.39
u51,subtopic,design,design systems and ui components,ui components and patterns,breadcrumbs ui,62,68590,880,1,0.02,0.00,0.00,0.93,,too small,yes,no,1,no,designsystem.digital.gov;thegood.com;wingify.com;dribbble.com;yale-a11y.gitlab.io;uxmag.com;reddit.com;sap.com,4,0,,57.5,0.71,0.98,0.13,0.43,0.00,0.50,0.89
u21,topic,product,product management (discipline),,product management,94,132410,6600,8,0.07,0.01,0.06,0.71,3.84,rising,yes,no,1,no,reddit.com;atlassian.com;ibm.com;productboard.com;professionalprograms.mit.edu;en.wikipedia.org;productplan.com;coursera.org,9,21,,56.9,0.82,0.80,0.26,0.43,0.00,1.00,0.21
u53,topic,product,requirements and prd,,product requirements document,66,78170,18100,9,0.27,0.33,0.09,0.94,8.40,rising,yes,no,0,no,news.aakashg.com;prodpad.com;slite.com;hustlebadger.com;monday.com;dev.to;prodpad.com;airfocus.com,12,25,,56.9,0.72,0.75,0.81,0.10,0.00,1.00,0.08
u38,topic,product,user stories and acceptance criteria,,user stories,177,61410,3600,14,0.30,0.41,0.10,0.58,1.42,rising,yes,no,1,no,airfocus.com;agilealliance.org;justinmind.com;ixdf.org;jile.io;trailhead.salesforce.com;startinfinity.com;parabol.co;medium.com,13,12,,56.7,0.67,0.61,0.86,0.43,0.00,1.00,0.04
u41,subtopic,product,user stories and acceptance criteria,acceptance criteria,acceptance criteria for user stories examples,26,4330,1600,9.5,0.27,0.35,0.04,1.04,,too small,yes,no,4,yes,geeksforgeeks.org;reddit.com;medium.com;linkedin.com;stackoverflow.com;medium.com;scrum.org;salesforceben.com;softwareengineering.stackexchange.com,3,11,,56.4,0.19,0.73,0.82,0.99,0.00,0.50,0.96
u26,subtopic,business,"okrs, kpis and metrics",metrics (general),kpi examples,34,113780,14800,19,0.06,0.03,0.03,0.64,1.29,rising,yes,no,1,no,netsuite.com;zapier.com;tempo.io;ibm.com;mailchimp.com;opair.psu.edu;linkedin.com,5,25,,56.0,0.78,0.46,0.33,0.43,0.00,1.00,0.79
u15,subtopic,design,ux research,surveys and questionnaires,closed-ended questions in research,61,146280,27100,8,0.15,0.15,0.00,0.95,,too small,yes,no,0,no,pmc.ncbi.nlm.nih.gov;methods.sagepub.com;nngroup.com;kantar.com;proprofssurvey.com;questionpro.com;pollfish.com;usersnap.com;surveymonkey.com,8,105,,55.1,0.83,0.80,0.61,0.10,0.00,0.50,0.30
u16,subtopic,design,ux research,interviews and focus groups,user interviews,24,62820,49500,16,0.00,0.00,0.12,1.52,1.01,flat,yes,no,4,yes,trustpilot.com;reddit.com;usertesting.com;centercode.com;reddit.com;usertesting.com;reddit.com;reddit.com,2,6,,54.3,0.69,0.58,0.05,0.99,0.00,0.50,0.99
u39,subtopic,product,user stories and acceptance criteria,user story examples and templates,user stories template,63,11650,2900,13,0.60,1.00,0.03,0.54,,too small,yes,no,2,no,atlassian.com;agilealliance.org;medium.com;mountaingoatsoftware.com;rebelscrum.site;aha.io;reddit.com;monday.com,6,25,,53.9,0.30,0.65,0.96,0.80,0.00,0.50,0.59
u30,topic,business,pricing strategy,,pricing strategy,185,126510,6600,13,0.03,0.05,0.04,0.32,4.89,rising,yes,no,1,no,paddle.com;bdc.ca;forbes.com;salesforce.com;dealhub.io;bcg.com;zapier.com;en.wikipedia.org;youtube.com,9,70,,53.6,0.81,0.65,0.26,0.43,0.00,1.00,0.21
u32,subtopic,business,pricing strategy,pricing strategy types and models,dynamic pricing,39,28190,18100,19,0.13,0.21,0.00,0.23,10.69,rising,yes,no,1,no,salesforce.com;en.wikipedia.org;brookings.edu;dealhub.io;deliverect.com;youtube.com;business.com,4,35,,53.6,0.46,0.46,0.64,0.43,0.00,1.00,0.89
u60,subtopic,product,product owner and product manager roles,product owner,product owner,75,16120,2900,8,0.17,0.03,0.08,0.71,2.38,rising,yes,no,1,no,simpliaxis.com;scrum.org;teravisiontech.com;hellopm.co;michaelpage.com.hk;quora.com;gainmomentum.ai,6,83,,53.4,0.40,0.80,0.48,0.43,0.00,1.00,0.59
u70,topic,design,information architecture,,information architecture,37,5500,3600,11,0.05,0.19,0.05,0.66,4.60,rising,yes,no,2,no,optimalworkshop.com;uizard.io;edutechwiki.unige.ch;medium.com;babich.biz;ramotion.com;medium.com;wix.com,5,105,,53.3,0.22,0.68,0.55,0.80,0.00,1.00,0.79
u74,section,books,books,design books (general),design books,16,4090,1300,,0.31,0.00,0.00,0.59,3.67,rising,yes,no,3,yes,sobrief.com;medium.com;bostonmagazine.com;tiktok.com;quora.com;amazon.com;kr.pinterest.com;hellolovelystudio.com,3,,,53.1,0.18,0.50,0.63,0.96,0.00,1.00,0.96
u79,section,templates,templates,user story templates > agile and scrum user story templates,agile user story template,12,3180,1600,13,1.00,1.00,0.00,0.54,,too small,yes,no,2,no,wrike.com;mockplus.com;atlassian.com;youtube.com;agilealliance.org;agilemania.com;atlassian.com;medium.com,5,,,52.5,0.15,0.65,0.99,0.80,0.00,0.50,0.79
u80,section,templates,templates,product roadmap templates,product roadmap template,14,1250,1000,7.5,1.00,1.00,0.00,0.57,0.93,flat,yes,no,2,no,notion.com;todoist.com;super.so;clickup.com;reddit.com;youtube.com;digitalmarketinginstitute.com;ideascale.com,6,,,52.5,0.06,0.86,0.99,0.80,0.00,0.50,0.59
u20,topic,business,growth marketing and funnels,,marketing funnel,39,289200,9900,22,0.05,0.03,0.05,0.53,1.54,rising,yes,no,0,no,advertising.amazon.com;sproutsocial.com;semrush.com;online.jwu.edu;business.adobe.com;skyword.com;business.linkedin.com;ahrefs.com,6,225,,52.1,0.94,0.39,0.26,0.10,0.00,1.00,0.59
u25,subtopic,business,"okrs, kpis and metrics",okrs,okr,119,83780,33100,24,0.23,0.18,0.12,0.62,0.83,flat,yes,no,1,no,youtube.com;monday.com;mailchimp.com;lattice.com;thestrategyinstitute.org;peoplelogic.ai;projectmanager.com,6,18,,51.0,0.75,0.32,0.71,0.43,0.00,0.50,0.59
u24,topic,business,"okrs, kpis and metrics",,okr,153,197560,33100,22,0.19,0.15,0.10,0.62,0.83,flat,yes,no,1,no,youtube.com;monday.com;mailchimp.com;lattice.com;thestrategyinstitute.org;peoplelogic.ai;projectmanager.com,10,25,,50.6,0.89,0.39,0.64,0.43,0.00,0.50,0.14
u08,subtopic,design,accessibility,accessibility definitions (general),accessibility,18,199400,110000,24.5,0.06,0.00,0.06,0.72,2.94,rising,yes,no,1,no,nationaldisabilityinstitute.org;youtube.com;siteimprove.com;browngold.com;housing.utah.edu;ixdf.org;accessible.org;adatile.com;deque.com,7,0,,49.9,0.90,0.30,0.20,0.43,0.00,1.00,0.39
u54,topic,business,go-to-market and product marketing,,4 ps of marketing,42,81600,12100,18,0.05,0.05,0.24,0.35,0.84,flat,yes,no,1,no,productmarketingalliance.com;corporatefinanceinstitute.com;youtube.com;study.com;professionalacademy.com;nva.auburn.edu;prisim.com;angle180.com,6,58,,49.8,0.73,0.52,0.39,0.43,0.00,0.50,0.59
u65,topic,product,"product strategy, discovery and launch",,product development,94,39700,4400,8,0.06,0.13,0.03,0.41,3.17,rising,yes,no,0,no,monday.com;twi-global.com;technia.com;lumenalta.com;qmarkets.net;indepthresearch.org;producthq.org;moxo.com,13,121,,48.6,0.58,0.80,0.45,0.10,0.00,1.00,0.04
u02,subtopic,product,"agile, scrum and kanban",agile methodology (general),agile methodology,96,296030,135000,39.5,0.09,0.00,0.08,0.60,2.39,rising,yes,no,0,no,atlassian.com;agilealliance.org;en.wikipedia.org;geeksforgeeks.org;instituteprojectmanagement.com;asana.com;wrike.com,6,73,,48.5,0.96,0.13,0.33,0.10,0.00,1.00,0.59
u01,topic,product,"agile, scrum and kanban",,agile methodology,243,370120,135000,36,0.14,0.05,0.05,0.66,2.39,rising,yes,no,0,no,atlassian.com;agilealliance.org;en.wikipedia.org;geeksforgeeks.org;instituteprojectmanagement.com;asana.com;wrike.com,9,43,,48.2,0.99,0.18,0.45,0.10,0.00,1.00,0.21
u31,subtopic,business,pricing strategy,pricing strategy (general),pricing strategy,95,92020,6600,20,0.00,0.02,0.07,0.36,4.89,rising,yes,no,1,no,paddle.com;bdc.ca;forbes.com;salesforce.com;dealhub.io;bcg.com;zapier.com;en.wikipedia.org;youtube.com,7,110,,47.7,0.76,0.43,0.13,0.43,0.00,1.00,0.39
u36,subtopic,product,prioritization,prioritization frameworks,moscow prioritization,30,14360,4400,21,0.23,0.13,0.03,0.57,,too small,yes,no,2,no,savio.io;youtube.com;wrike.com;prince2.com;xmind.com;your.wa.gov;quora.com;craft.io,5,29,,47.6,0.34,0.42,0.66,0.80,0.00,0.50,0.79
u62,topic,product,stakeholder and change management,,change management,63,65160,14800,17,0.05,0.03,0.08,0.55,3.04,rising,yes,no,1,no,online.hbs.edu;prosci.com;asq.org;business.purdue.edu;reddit.com;en.wikipedia.org;ibm.com;nmsconsulting.com;apqc.org,14,16,,47.0,0.70,0.56,0.26,0.43,0.00,1.00,0.01
u05,subtopic,product,"agile, scrum and kanban","scrum, sprints and backlog",agile scrum,65,58460,4400,24,0.20,0.20,0.06,0.56,0.54,falling,yes,no,1,no,agilealliance.org;nimblework.com;uagc.edu;atlassian.com;youtube.com;monday.com,4,36,,46.5,0.65,0.32,0.70,0.43,0.00,0.00,0.89
u75,section,books,books,graphic and visual design books,graphic design books,26,1690,1300,,0.38,0.00,0.00,1.43,2.68,rising,yes,no,1,no,graphicdesignforum.com;strandbooks.com;instagram.com;reddit.com;yourcentralvalley.com;dragonflyeditorial.com;amazon.com,2,,,46.2,0.07,0.50,0.67,0.43,0.00,1.00,0.99
u73,section,links,links,prototyping tools,prototyping tools,17,1160,480,26,1.00,0.00,0.00,0.36,30.50,rising,yes,no,2,no,reddit.com;bilt.me;testingtime.com;blog.logrocket.com;medium.com;sitepoint.com;ux.stackexchange.com,5,,,45.8,0.05,0.26,0.90,0.80,0.00,1.00,0.79
u45,subtopic,design,personas and journey maps,personas,user persona,29,13180,1900,25,0.21,0.24,0.10,0.47,1.96,rising,yes,no,1,no,uxpressia.com;mockflow.com;uxtweak.com;uxpressia.com;wix.com;lyssna.com;userpilot.com,6,25,,45.5,0.33,0.28,0.76,0.43,0.00,1.00,0.59
u77,section,books,books,ux design books,ux books,21,530,390,,0.48,0.00,0.00,1.00,3.18,rising,yes,no,2,no,reddit.com;johannesippen.com;dontpaniclabs.com;ixdf.org;uxplanet.org;blog.uxfol.io;goodreads.com;amazon.com;smart-interface-design-patterns.com,6,,,45.5,0.00,0.50,0.77,0.80,0.00,1.00,0.59
u03,subtopic,product,"agile, scrum and kanban",agile project management,agile project management,42,147930,9900,47,0.02,0.00,0.00,1.11,0.88,flat,yes,no,2,no,agilealliance.org;techfarhub.usds.gov;comptia.org;plane.so;ibm.com;quora.com;atlassian.com;youtube.com,5,61,,45.4,0.84,0.08,0.13,0.80,0.00,0.50,0.79
u52,subtopic,design,design systems and ui components,design systems,design system,34,46410,3600,26.5,0.03,0.06,0.03,0.92,3.44,rising,yes,no,1,no,lovable.dev;blog.pixelfreestudio.com;medium.com;figma.com;magnific.com;gov.ie;brand.jhu.edu;design-system.canada.ca;stackoverflow.com,6,3,,45.4,0.61,0.24,0.33,0.43,0.00,1.00,0.59
u47,subtopic,business,a/b testing and experimentation,a/b testing (general),a/b testing,40,29570,12100,48,0.20,0.28,0.15,0.82,2.47,rising,yes,no,1,no,salesforce.com;en.wikipedia.org;reddit.com;geeksforgeeks.org;kameleoon.com;coursera.org;mastercard.com;business.adobe.com,6,76,,45.0,0.47,0.06,0.78,0.43,0.00,1.00,0.59
u71,section,links,links,ux and ui design tools,ux design tools,19,2910,1300,19,1.00,0.00,0.00,1.80,14.89,rising,yes,no,2,no,hype4.academy;figma.com;reddit.com;uxpilot.ai;uxtools.co;pixso.net;youtube.com;maze.co,12,,,44.9,0.13,0.46,0.90,0.80,0.00,1.00,0.08
u78,section,templates,templates,user story templates,user story template,26,11150,2900,13,1.00,1.00,0.00,0.56,0.47,falling,yes,no,2,no,atlassian.com;agilealliance.org;rebelscrum.site;mountaingoatsoftware.com;aha.io;medium.com;smartsheet.com;reddit.com;gist.github.com,9,,,44.9,0.28,0.65,0.99,0.80,0.00,0.00,0.21
u40,subtopic,product,user stories and acceptance criteria,user stories (general),user stories,88,45430,3600,22.5,0.09,0.00,0.17,0.61,1.42,rising,yes,no,1,no,airfocus.com;agilealliance.org;justinmind.com;ixdf.org;jile.io;trailhead.salesforce.com;startinfinity.com;parabol.co;medium.com,8,35,,44.7,0.60,0.37,0.33,0.43,0.00,1.00,0.30
u55,topic,business,"retention, churn and engagement",,customer retention,120,39340,3600,18,0.20,0.02,0.19,0.62,3.44,rising,yes,no,0,no,dealhub.io;referralcandy.com;propellocloud.com;quiq.com;customergauge.com;customerthermometer.com;blog.accessdevelopment.com;customersuccesscollective.com;moengage.com,15,86,,43.4,0.57,0.52,0.52,0.10,0.00,1.00,0.00
u07,topic,design,accessibility,,accessibility,99,291660,110000,76,0.07,0.01,0.01,0.81,2.94,rising,yes,no,1,no,nationaldisabilityinstitute.org;youtube.com;siteimprove.com;browngold.com;housing.utah.edu;ixdf.org;accessible.org;adatile.com;deque.com,12,61,,43.2,0.95,0.02,0.26,0.43,0.00,1.00,0.08
u44,subtopic,design,personas and journey maps,journey maps and user flows,customer journey map,61,31130,6600,19,0.23,0.41,0.08,0.47,0.82,flat,yes,no,0,no,contentful.com;usertesting.com;triplewhale.com;uxpressia.com;awebdigital.co;cmswire.com;salesmate.io;weidert.com,8,231,,43.0,0.49,0.46,0.83,0.10,0.00,0.50,0.30
u76,section,books,books,product management books,product management books,14,980,590,,0.43,0.00,0.00,0.62,11.38,rising,yes,no,3,yes,reddit.com;bringthedonuts.com;rysullivan.medium.com;productplan.com;userflow.com;nextleap.app;amazon.com;goodreads.com;youtube.com,10,,,42.8,0.04,0.50,0.72,0.96,0.00,1.00,0.14
u37,subtopic,product,prioritization,task and time prioritization,task prioritization,16,3180,1900,10,0.00,0.00,0.06,0.32,52.00,rising,yes,no,2,no,activecollab.com;lifelabslearning.com;larksuite.com;linkedin.com;youtube.com;bcit.ca;accelo.com;fluidwave.com,6,23,,42.6,0.15,0.71,0.05,0.80,0.00,1.00,0.59
u48,subtopic,business,a/b testing and experimentation,a/b testing tools and platforms,a/b testing tools,39,3650,260,23,0.21,0.00,0.08,0.88,33.90,rising,yes,no,2,no,convert.com;piwik.pro;reddit.com;growthbook.io;dripagency.de;youtube.com;conversionista.com;awa-digital.com,6,63,,42.5,0.17,0.35,0.49,0.80,0.00,1.00,0.59
u81,section,tools,tools,sample size calculators,sample size calculator,68,14990,8100,37.5,1.00,0.01,0.00,0.59,0.41,falling,yes,yes,0,no,sawtoothsoftware.com;idsurvey.com;homepage.univie.ac.at;medcalc.org;abs.gov.au;easymedstat.com;numiqo.com;tool.yrjournal.org;socscistatistics.com,7,,,41.6,0.37,0.16,0.94,0.10,1.00,0.00,0.39
u28,subtopic,design,design thinking,design thinking (general),design thinking,81,25480,18100,27,0.01,0.02,0.04,0.52,2.20,rising,yes,no,1,no,ideou.com;designthinking.ideo.com;en.wikipedia.org;online.hbs.edu;nngroup.com;mitsloan.mit.edu;ideou.com;reddit.com,4,64,,41.3,0.45,0.23,0.16,0.43,0.00,1.00,0.89
u27,topic,design,design thinking,,design thinking,137,33640,18100,41,0.05,0.01,0.04,0.47,2.20,rising,yes,no,1,no,ideou.com;designthinking.ideo.com;en.wikipedia.org;online.hbs.edu;nngroup.com;mitsloan.mit.edu;ideou.com;reddit.com,5,28,,41.0,0.53,0.11,0.22,0.43,0.00,1.00,0.79
u68,subtopic,product,"product strategy, discovery and launch",product strategy and discovery (general),mvp minimum viable product,7,2250,720,5,0.00,0.00,0.00,0.31,2.29,rising,yes,no,2,no,aalpha.net;netsolutions.com;quora.com;blog.logrocket.com;codelevate.com;quora.com;ducxinh.com;sendpulse.com,11,0,,41.0,0.10,0.93,0.05,0.80,0.00,1.00,0.12
u10,subtopic,design,accessibility,web and digital accessibility,web content accessibility,19,47300,5400,94,0.16,0.00,0.00,0.75,6.50,rising,yes,no,1,no,reciteme.com;accessibe.com;accessible.org;siteimprove.com;quora.com;ada.gov;tasb.org;boia.org;adacompliancepros.com,7,53,,40.4,0.64,0.00,0.41,0.43,0.00,1.00,0.39
u33,subtopic,business,pricing strategy,company pricing case studies,amazon pricing strategy,51,8980,210,0,0.00,0.00,0.02,0.42,167.50,rising,yes,no,0,no,getida.com;priceshape.com;prisync.com;channelkey.com;sellerlogic.com;catapult-analytics.com;perpetua.io;godaddy.com;salesduo.com,9,21,,40.4,0.27,1.00,0.05,0.10,0.00,1.00,0.21
u57,subtopic,business,"retention, churn and engagement",retention (general),retention rate,52,14900,3600,22,0.04,0.02,0.12,0.47,3.33,rising,yes,no,1,no,en.wikipedia.org;zendesk.com;academicaffairs.uams.edu;adp.com;stellic.com;productplan.com;wallstreetprep.com;tcsisupport.gov.au;15five.com,6,53,,40.1,0.36,0.39,0.20,0.43,0.00,1.00,0.59
u43,topic,design,personas and journey maps,,customer journey map,90,44310,6600,23,0.22,0.36,0.09,0.47,0.82,flat,yes,no,0,no,contentful.com;usertesting.com;triplewhale.com;uxpressia.com;awebdigital.co;cmswire.com;salesmate.io;weidert.com,13,225,,40.0,0.59,0.35,0.80,0.10,0.00,0.50,0.04
u46,topic,business,a/b testing and experimentation,,a/b testing,113,32160,12100,38,0.14,0.10,0.09,0.82,2.47,rising,yes,no,1,no,salesforce.com;en.wikipedia.org;reddit.com;geeksforgeeks.org;kameleoon.com;coursera.org;mastercard.com;business.adobe.com,12,64,,39.3,0.51,0.15,0.57,0.43,0.00,1.00,0.08
u56,subtopic,business,"retention, churn and engagement",retention rate formulas and calculation,calculate retention rate,49,4870,1600,16,0.39,0.00,0.33,0.69,0.81,flat,yes,no,1,no,compt.io;reddit.com;adp.com;wallstreetprep.com;vendordirectory.shrm.org;hibob.com;productive.io;churnkey.co;adjust.com,8,45,,39.3,0.20,0.58,0.69,0.43,0.00,0.50,0.30
u09,subtopic,design,accessibility,"guidelines and compliance (wcag, ada, 508)",accessibility 508,25,35500,8100,67,0.04,0.04,0.00,0.61,3.78,rising,yes,no,0,no,section508.gov;hhs.gov;dodcio.defense.gov;state.gov;wcag.com;vispero.com;levelaccess.com;access-board.gov,3,82,,39.1,0.55,0.04,0.26,0.10,0.00,1.00,0.96
u67,subtopic,product,"product strategy, discovery and launch",new product development and launch,product development,46,16100,4400,10,0.00,0.00,0.00,0.32,3.17,rising,yes,no,0,no,monday.com;twi-global.com;technia.com;lumenalta.com;qmarkets.net;indepthresearch.org;producthq.org;moxo.com,8,83,,38.5,0.39,0.71,0.05,0.10,0.00,1.00,0.30
u58,subtopic,business,"retention, churn and engagement",customer retention and loyalty,customer retention,19,19570,3600,26,0.16,0.05,0.05,0.51,3.44,rising,yes,no,0,no,dealhub.io;referralcandy.com;propellocloud.com;quiq.com;customergauge.com;customerthermometer.com;blog.accessdevelopment.com;customersuccesscollective.com;moengage.com,9,147,,36.1,0.41,0.26,0.51,0.10,0.00,1.00,0.21
u84,section,tools,tools,sample size calculators > statistical significance sample size calculators,statistical sample size calculator,14,650,480,43,1.00,0.00,0.00,0.27,0.43,falling,yes,yes,1,no,blog.flexmr.net;medcalc.org;numiqo.com;en.wikipedia.org;xlstat.com;data.ucsf.edu;youtube.com;qualitygurus.com;geopoll.com,6,,,36.0,0.01,0.10,0.90,0.43,1.00,0.00,0.59
u29,subtopic,design,design thinking,design thinking process and stages,design thinking process,56,8330,4400,52.5,0.11,0.00,0.04,0.40,7.70,rising,yes,no,1,no,ideou.com;web.stanford.edu;mitsloan.mit.edu;nngroup.com;youtube.com;designthinking.ideo.com;online.hbs.edu;ixdf.org,5,30,,35.5,0.25,0.05,0.40,0.43,0.00,1.00,0.79
u64,subtopic,product,stakeholder and change management,stakeholder management,stakeholder management,42,6120,2400,18,0.00,0.00,0.12,0.53,3.35,rising,yes,no,1,no,youtube.com;mindtools.com;runn.io;geeksforgeeks.org;withluna.ai;planyway.com;greenly.earth;unito.io;gocardless.com,8,28,,34.2,0.23,0.52,0.05,0.43,0.00,1.00,0.30
u82,section,tools,tools,sample size calculators > power analysis sample size calculators,power analysis sample size calculator,24,2390,880,18,1.00,0.00,0.00,0.66,0.01,falling,yes,no,0,no,clincalc.com;statscalculators.com;beckerguides.wustl.edu;sample-size.net;stat.ubc.ca;surveymonkey.com;researchmethodsresources.nih.gov;numiqo.com;homepage.univie.ac.at,6,,,33.4,0.11,0.52,0.90,0.10,0.00,0.00,0.59
u23,subtopic,product,product management (discipline),product life cycle,product life cycle,20,29720,9900,36,0.00,0.00,0.05,0.67,1.05,flat,yes,no,1,no,productleadership.com;twproject.com;quora.com;myaccountingcourse.com;hellopm.co;pwskills.com;investopedia.com,6,12,,31.7,0.48,0.18,0.05,0.43,0.00,0.50,0.59
u83,section,tools,tools,sample size calculators > survey sample size calculators,sample size calculator for survey,13,2140,390,25,1.00,0.00,0.00,0.76,,too small,yes,no,0,no,blog.flexmr.net;sogolytics.com;homepage.univie.ac.at;omnicalculator.com;surveymars.com;socscistatistics.com;frac.tl;preventivemedicine.northwestern.edu;questionpro.com,7,,,31.1,0.08,0.28,0.90,0.10,0.00,0.50,0.39
u04,subtopic,product,"agile, scrum and kanban",scaled agile (safe),safe agile framework,25,12500,8100,45,0.44,0.00,0.00,0.66,0.31,falling,yes,no,1,no,framework.scaledagile.com;pmi.org;scrum.org;monday.com;simpliaxis.com;framework.scaledagile.com;youtube.com;cio.com,6,14,,31.0,0.31,0.09,0.75,0.43,0.00,0.00,0.59
u11,subtopic,design,accessibility,accessibility testing and checkers,accessibility checker,37,14860,4400,76,0.05,0.00,0.00,0.81,1.91,rising,yes,no,0,no,audioeye.com;w3.org;tabnav.com;friendlycaptcha.com;accessibilityinsights.io;standards.phila.gov;siteimprove.com;aaardvarkaccessibility.com;csusm.edu,6,16,,28.7,0.35,0.02,0.18,0.10,0.00,1.00,0.59
u06,subtopic,product,"agile, scrum and kanban",agile manifesto and principles,agile manifesto,15,8200,6600,31,0.00,0.00,0.00,0.62,0.47,falling,yes,no,2,no,agile-academy.com;nkdagility.com;agilealliance.org;quora.com;niftypm.com;project.info;kanbanzone.com;quora.com,6,38,,25.0,0.24,0.22,0.05,0.80,0.00,0.00,0.59
u49,subtopic,business,a/b testing and experimentation,"a/b testing in marketing (email, landing pages, ads)",a/b testing landing pages,34,840,170,38,0.00,0.00,0.03,0.82,,too small,yes,no,1,no,unbounce.com;knowledge.hubspot.com;crazyegg.com;reddit.com;contentful.com;blog.adobe.com;wynter.com;support.google.com;landingi.com,7,66,,17.5,0.02,0.15,0.05,0.43,0.00,0.50,0.39
