# Phase 4c topic scores (v1.2), 9 Oct 2026. One row per unit (topic, sub-topic or section category); same units, SERPs and Trends as v1.1.
# score (0-100) = 25*demand + 20*difficulty + 15*intent + 10*weak + 10*ai_overview + 10*trend + 10*competitors, each component 0..1:
#   demand = ranked percentile of adjusted_volume_field: the variant-adjusted volume of the phrases that survive: field fit yes (full weight) or partial (half weight), fine intent not career, brand or dictionary, source label not navigational (field fit from keywords/field-fit-review-2026-10-09.csv, else the rule in tools/harvest.py). adjusted_volume (v1.1) and adjusted_volume_practitioner (career, brand and navigational removed only) are kept for comparison
#   difficulty = ranked percentile of median_difficulty, inverted (lower KD is better); a median KD of 0 means no difficulty figure and gets 0.5 for every unit (median_difficulty is left empty there)
#   intent = ranked percentile of practitioner_share (learn + compare + template + tool + question) over the same surviving phrases, weighted by volume times field fit
#   weak = ranked percentile of weak_count on head_term_1's page one (the soft shelf: more weak results is better)
#   ai_overview = 1 when head_term_1's SERP has no AI Overview or an empty one, else 0 (the answer box)
#   trend = 1 rising, 0.5 flat or too small to read, 0 falling (Google Trends, 5 years, head_term_1)
#   competitors = ranked percentile of competitor_count_in_arena, inverted (fewer is better)
# Ranked percentile: (rank - 1) / (n - 1) over all 91 units, ties share the average rank.
# owner_fit (1-3) is left empty for the owner and is NOT part of the score. c_* columns are the components.
# competitor_count_in_arena: distinct page-one domains for head_term_1 and head_term_2 (where a SERP exists), excluding forums, platforms, video, retailers, catalogs, encyclopedias, dictionaries, government, universities and app stores (types from competitors/*-competitors.csv, else tools/phase4_score.py rules).
unit_id,kind,section_or_domain,topic,subtopic_or_category,head_term_1,keyword_count,adjusted_volume,adjusted_volume_practitioner,adjusted_volume_field,ads_volume_head,median_difficulty,median_difficulty_known,decision_share,template_share,question_share,intent_mix,practitioner_share,field_share,dictionary_share,career_share,navigational_share,offfield_share,meaning_loss,article_capacity,capacity_label,articles_estimate,parked,park_reason,format_suggestion,section_hint,what_this_is,practical_groups,slope_12m,trend_5y,direction,ai_overview,ai_overview_empty,weak_count,weak_page_one,page_one_domains,competitor_count_in_arena,competitor_articles,owner_fit,score,c_demand,c_difficulty,c_intent,c_weak,c_ai_overview,c_trend,c_competitors
u59,topic,product,product owner and product manager roles,,product manager,86,46990,31410,31410,6600,8,9.5,0.16,0.02,0.07,define 50; career 22; compare 14; other 13,0.23,0.62,0.00,0.22,0.28,0.00,0.22,3,thin,4,no,,hub page,Articles,"Searches about ""product manager""; the practical angles are ""product management vs product owner"", ""product owner vs scrum master"" and ""product owner vs project manager"".",product management vs product owner (1900) | product owner vs scrum master (390) | product owner vs project manager (260),0.71,1.63,rising,yes,yes,2,no,youtube.com;productplan.com;productplan.com;contentsquare.com;productschool.com;uagc.edu;ironhack.com;hackernoon.com;reddit.com,4,83,,78.6,0.62,0.82,0.66,0.80,1.00,1.00,0.89
u61,subtopic,product,product owner and product manager roles,product roles (general),product manager,11,32770,26580,26580,6600,7,8,0.09,0.00,0.00,define 85; career 9; compare 6,0.07,0.81,0.00,0.09,0.10,0.00,0.09,1,thin,2,no,,explainer,Articles,"Searches about ""product manager""; the practical angles are ""product manager vs owner"".",product manager vs owner (1900),0.75,1.63,rising,yes,yes,2,no,youtube.com;productplan.com;productplan.com;contentsquare.com;productschool.com;uagc.edu;ironhack.com;hackernoon.com;reddit.com,4,7,,74.1,0.54,0.89,0.38,0.80,1.00,1.00,0.89
u12,topic,business,analytics,,analytics,95,390890,354290,106535,60500,17,25,0.09,0.00,0.07,define 57; dictionary 18; tool 10; other 9; career 4; compare 1; learn 1,0.26,0.28,0.18,0.04,0.05,0.33,0.55,8,medium,0,yes,"55% of its searches are dictionary lookups, job hunting, brands or another world; the largest part is another world (33%)",hub page,Articles,"Searches about ""business analytics""; the practical angles are ""data analysis tools"", ""business analytics platform"" and ""data science vs data analytics"".",data analysis tools (12100) | business analytics platform (4400) | data science vs data analytics (4400) | data analytics platforms (3600) | social media analytics tools (2400) | analytics cloud platform (1600) | web analytics tools (1300) | product analytics platform (880),0.71,1.55,rising,yes,no,2,no,marketingplatform.google.com;online.hbs.edu;youtube.com;sap.com;dictionary.cambridge.org;quora.com;business.adobe.com,4,115,,70.5,0.90,0.55,0.67,0.80,0.00,1.00,0.89
u19,topic,design,ux and ui design (discipline),,ui ux design,111,298950,174160,160700,90500,7,16,0.02,0.00,0.01,define 95; other 4; career 1,0.01,0.53,0.00,0.01,0.43,0.30,0.30,2,thin,3,no,,hub page,Articles,"Searches about ""ui ux design""; the practical angles are ""ux case study process"" and ""yes or no ux"".",ux case study process (480) | yes or no ux (390),0.88,1.81,rising,yes,no,2,no,codebyfarhan.com;monsoonfish.com;freecodecamp.org;ccccollege.com;letsgroto.com;medium.com;youtube.com;flyingbisons.com,6,57,,68.1,0.94,0.89,0.18,0.80,0.00,1.00,0.60
u14,topic,design,ux research,,user testing,222,288630,277160,171380,18100,8,15.5,0.13,0.12,0.05,define 47; other 28; template 13; tool 11; career 1; question 1,0.29,0.59,0.00,0.01,0.04,0.12,0.13,17,deep,18,no,,hub page,Articles,"Searches about ""user interviews""; the practical angles are ""online survey platforms"", ""filter question examples"" and ""open ended survey examples"".",online survey platforms (22200) | filter question examples (14800) | open ended survey examples (4400) | qualitative data examples (4400) | customer satisfaction survey software (1900) | how to conduct usability testing (1600) | survey introduction examples (1000) | surveymonkey survey examples (880) | survey titles examples (590) | usability testing scenario template (590) | tools for ux research (480) | event survey examples (390),0.70,1.95,rising,yes,no,1,no,usertesting.com;reddit.com;apps.apple.com;userfeel.com;userlytics.com;play.google.com;trustpilot.com,8,228,,68.0,0.96,0.82,0.70,0.43,0.00,1.00,0.30
u13,topic,product,project management,,project management,84,459230,451730,322805,135000,14,17,0.21,0.05,0.01,define 84; tool 10; other 2; compare 2; template 1; career 1,0.17,0.71,0.00,0.01,0.01,0.05,0.06,11,medium,12,no,,hub page,Articles,"Searches about ""project management""; the practical angles are ""project management tools"", ""program manager vs project manager"" and ""product management versus project management"".",project management tools (18100) | program manager vs project manager (2900) | product management versus project management (1900) | project management tools for startups (1600) | statement of work example (1600) | cloud based project management tools (1000) | scope of work examples (880) | statement of work vs scope of work (480) | top 10 project management tools (480) | collaboration tools for project management (390) | project constraints examples (390),0.66,1.41,rising,yes,no,1,no,pmi.org;goskills.com;aiu.edu;projectmanager.com;youtube.com;pmi.org;simpliaxis.com;slack.com;usnews.com,6,39,,66.4,0.99,0.62,0.59,0.43,0.00,1.00,0.60
u66,subtopic,product,"product strategy, discovery and launch",product strategy,product market fit,56,58330,52160,52160,2900,5,12,0.11,0.29,0.05,define 81; other 10; template 8,0.09,0.91,0.00,0.00,0.09,0.00,0.00,4,thin,5,no,,explainer,Articles,"Searches about ""value proposition""; the practical angles are ""value proposition example"", ""examples of market positioning"" and ""example of a product strategy"".",value proposition example (1600) | examples of market positioning (880) | example of a product strategy (260) | product and service strategy example (170),0.56,2.60,rising,yes,no,2,no,medium.com;projectmanager.com;browsee.io;hypernestlabs.com;medium.com;g2.com;gapscout.com;thryv.com,10,120,,65.1,0.78,0.96,0.46,0.80,0.00,1.00,0.16
u42,topic,design,web design,,website design,40,173680,160700,94835,49500,33.5,37,0.57,0.50,0.12,define 78; template 14; tool 3; other 2; learn 1; career 1,0.21,0.55,0.00,0.01,0.07,0.22,0.22,13,medium,14,no,,explainer,Articles,"Searches about ""website design""; the practical angles are ""landing page examples"", ""portfolio website examples"" and ""website examples"".",landing page examples (4400) | portfolio website examples (3600) | website examples (2900) | web design tools (2400) | website design software (2400) | wix website examples (880) | wordpress website examples (880) | artist website examples (590) | website footer examples (590) | author website examples (480) | blog website examples (480) | faq page examples (480),0.55,2.89,rising,yes,no,3,yes,youtube.com;youtube.com;liquidweb.com;dribbble.com;grovention.com;youtube.com;expertise.com;techrepublic.com,4,92,,63.9,0.89,0.19,0.63,0.96,0.00,1.00,0.89
u17,subtopic,design,ux research,usability testing,user testing,82,39100,39100,39100,18100,7.5,11.5,0.13,0.13,0.06,define 74; tool 14; other 6; template 5,0.19,1.00,0.00,0.00,0.00,0.00,0.00,4,thin,5,no,,hub page,Articles,"Searches about ""user testing""; the practical angles are ""how to conduct usability testing"", ""usability testing scenario template"" and ""remote usability testing software"".",how to conduct usability testing (1600) | usability testing scenario template (590) | remote usability testing software (320) | mobile app usability testing (110),0.34,1.95,rising,yes,no,1,no,usertesting.com;reddit.com;apps.apple.com;userfeel.com;userlytics.com;play.google.com;trustpilot.com,7,387,,62.2,0.70,0.86,0.61,0.43,0.00,1.00,0.39
u26,subtopic,business,"okrs, kpis and metrics",metrics (general),kpi examples,37,124180,121460,40985,14800,19,22,0.05,0.03,0.03,dictionary 54; define 34; template 11; other 1,0.36,0.33,0.54,0.00,0.02,0.07,0.60,2,thin,0,yes,"60% of its searches are dictionary lookups, job hunting, brands or another world; the largest part is dictionary lookups (54%)",explainer,Templates,"Searches about ""kpi examples""; the practical angles are ""kpi examples"" and ""kpi vs metric"".",kpi examples (14800) | kpi vs metric (480),0.66,1.29,rising,yes,no,1,no,netsuite.com;zapier.com;tempo.io;ibm.com;mailchimp.com;opair.psu.edu;linkedin.com,5,50,,61.8,0.73,0.48,0.77,0.43,0.00,1.00,0.79
u18,subtopic,design,ux research,ux research (general),ux research,47,20220,16600,12600,2900,8,16,0.13,0.09,0.04,define 56; template 17; career 11; tool 9; other 7,0.34,0.67,0.00,0.11,0.19,0.14,0.26,3,thin,4,no,,explainer,Articles,"Searches about ""qualitative data examples""; the practical angles are ""qualitative data examples"", ""tools for ux research"" and ""user research platform"".",qualitative data examples (4400) | tools for ux research (480) | user research platform (390),0.61,1.61,rising,yes,no,2,no,reddit.com;maze.co;coursera.org;online.usc.edu;usertesting.com;indeed.design;ixdf.org;uxtweak.com;youtube.com,6,58,,61.6,0.40,0.82,0.75,0.80,0.00,1.00,0.60
u15,subtopic,design,ux research,surveys and questionnaires,closed-ended questions in research,69,166490,166490,94310,27100,7,17.5,0.16,0.16,0.00,other 40; define 31; template 17; tool 12,0.38,0.55,0.00,0.00,0.00,0.13,0.13,10,medium,11,no,,hub page,Articles,"Searches about ""online survey platforms""; the practical angles are ""online survey platforms"", ""filter question examples"" and ""open ended survey examples"".",online survey platforms (22200) | filter question examples (14800) | open ended survey examples (4400) | customer satisfaction survey software (1900) | survey introduction examples (1000) | surveymonkey survey examples (880) | survey titles examples (590) | event survey examples (390) | survey report example (390) | survey legend examples (320),0.95,,too small,yes,no,0,no,pmc.ncbi.nlm.nih.gov;methods.sagepub.com;nngroup.com;kantar.com;proprofssurvey.com;questionpro.com;pollfish.com;usersnap.com;surveymonkey.com,8,105,,60.4,0.88,0.89,0.78,0.09,0.00,0.50,0.30
u22,subtopic,product,product management (discipline),product management (general),product management,81,101690,47390,47030,6600,1,10.5,0.10,0.02,0.09,define 57; other 23; career 17; tool 2; compare 1; template 1,0.05,0.70,0.00,0.17,0.17,0.00,0.17,4,thin,5,no,,hub page,Articles,"Searches about ""management of product""; the practical angles are ""project vs product management"", ""examples of digital products"" and ""product management tool"".",project vs product management (1900) | examples of digital products (1000) | product management tool (880) | okr examples product management (320),0.65,3.84,rising,yes,no,1,no,reddit.com;atlassian.com;ibm.com;productboard.com;professionalprograms.mit.edu;en.wikipedia.org;productplan.com;coursera.org,9,0,,60.0,0.77,0.99,0.29,0.43,0.00,1.00,0.22
u50,topic,design,design systems and ui components,,design system,100,115710,88210,39045,3600,6.5,19.5,0.02,0.02,0.01,define 85; other 14; template 1,0.02,0.42,0.00,0.00,0.22,0.32,0.32,2,thin,3,no,,hub page,Articles,"Searches about ""design patterns""; the practical angles are ""design system example"" and ""swift vs swift ui"".",design system example (590) | swift vs swift ui (170),0.93,3.44,rising,yes,no,1,no,lovable.dev;blog.pixelfreestudio.com;medium.com;figma.com;magnific.com;gov.ie;brand.jhu.edu;design-system.canada.ca;stackoverflow.com,6,3,,59.5,0.69,0.93,0.22,0.43,0.00,1.00,0.60
u72,section,links,links,product management tools,product management tools,10,2400,2400,2400,880,8,8,1.00,0.00,0.00,tool 100,1.00,1.00,0.00,0.00,0.00,0.00,0.00,5,medium,5,no,,calculator or tool page,Links,"Searches about ""product management tools""; the practical angles are ""product management tools"", ""ai tools for product management"" and ""product analytics tools"".",product management tools (880) | ai tools for product management (390) | product analytics tools (390) | roadmap tools (390) | product roadmap tools (210),0.48,11.47,rising,yes,yes,1,no,blog.ravi-mehta.com;reddit.com;tech.co;themuse.com;governance.ucci.edu.ky;designsystemscollective.com;omr.com,12,,,59.2,0.14,0.82,0.94,0.43,1.00,1.00,0.08
u21,topic,product,product management (discipline),,product management,102,131580,76280,67865,6600,8,16,0.08,0.02,0.08,define 55; other 25; career 14; tool 5; compare 1,0.07,0.70,0.00,0.14,0.14,0.00,0.15,6,medium,7,no,,hub page,Articles,"Searches about ""product life cycle""; the practical angles are ""product life cycle management software"", ""project vs product management"" and ""product lifecycle management for software"".",product life cycle management software (8100) | project vs product management (1900) | product lifecycle management for software (1300) | examples of digital products (1000) | product management tool (880) | okr examples product management (320),0.65,3.84,rising,yes,no,1,no,reddit.com;atlassian.com;ibm.com;productboard.com;professionalprograms.mit.edu;en.wikipedia.org;productplan.com;coursera.org,9,21,,59.1,0.82,0.82,0.38,0.43,0.00,1.00,0.22
u69,topic,product,product roadmap,,product roadmap,83,11300,11300,10030,3600,10,11,0.31,0.34,0.11,template 45; define 44; other 5; learn 4; tool 3,0.54,0.97,0.00,0.00,0.00,0.01,0.01,2,thin,3,no,,template page,Templates,"Searches about ""product roadmap""; the practical angles are ""example of a product roadmap"" and ""roadmap examples"".",example of a product roadmap (1000) | roadmap examples (880),0.28,5.11,rising,yes,no,3,yes,atlassian.com;productplan.com;reddit.com;agilealliance.org;pendo.io;productboard.com;amplitude.com;productschool.com,7,57,,58.7,0.34,0.71,0.82,0.96,0.00,1.00,0.39
u53,topic,product,requirements and prd,,product requirements document,65,85990,85990,65990,18100,9,11,0.28,0.34,0.09,define 69; template 25; dictionary 2; compare 2; other 1; learn 1; tool 1,0.34,0.83,0.02,0.00,0.00,0.09,0.11,8,medium,9,no,,hub page,Templates,"Searches about ""product requirements document""; the practical angles are ""prd product requirements document template"", ""functional vs non functional requirements"" and ""examples of software requirements"".",prd product requirements document template (2900) | functional vs non functional requirements (1600) | examples of software requirements (720) | functional requirements examples (720) | examples of system requirements (590) | requirements management tools (590) | functional user requirements example (390) | user requirements examples (320),0.94,8.40,rising,yes,no,0,no,news.aakashg.com;prodpad.com;slite.com;hustlebadger.com;monday.com;dev.to;prodpad.com;airfocus.com,12,25,,58.5,0.81,0.76,0.75,0.09,0.00,1.00,0.08
u63,subtopic,product,stakeholder and change management,change management and leadership,change management,21,59040,59040,39230,14800,14,20,0.14,0.10,0.00,define 78; other 10; compare 5; learn 4; template 3,0.11,0.67,0.00,0.00,0.00,0.05,0.05,3,thin,4,no,,explainer,Articles,"Searches about ""change management""; the practical angles are ""leadership vs management"", ""change management process"" and ""transformational leadership examples"".",leadership vs management (2900) | change management process (2400) | transformational leadership examples (1000),0.58,3.04,rising,yes,no,1,no,online.hbs.edu;prosci.com;asq.org;business.purdue.edu;reddit.com;en.wikipedia.org;ibm.com;nmsconsulting.com;apqc.org,6,4,,58.2,0.71,0.62,0.51,0.43,0.00,1.00,0.60
u38,topic,product,user stories and acceptance criteria,,user stories,177,61410,48720,40300,3600,14,13,0.30,0.41,0.10,template 52; define 33; other 12; learn 2; compare 1,0.61,0.81,0.00,0.00,0.15,0.10,0.10,9,medium,10,no,,template page,Templates,"Searches about ""story points""; the practical angles are ""format for user stories"", ""acceptance criteria for user stories examples"" and ""agile development user stories examples"".",format for user stories (2900) | acceptance criteria for user stories examples (1600) | agile development user stories examples (1600) | examples of user stories in scrum (1300) | user story title examples (590) | acceptance criteria vs requirements (480) | difference between use case and user stories (390) | sample user story document (320) | technical user stories examples (260),0.58,1.42,rising,yes,no,1,no,airfocus.com;agilealliance.org;justinmind.com;ixdf.org;jile.io;trailhead.salesforce.com;startinfinity.com;parabol.co;medium.com,13,12,,57.9,0.72,0.62,0.85,0.43,0.00,1.00,0.03
u41,subtopic,product,user stories and acceptance criteria,acceptance criteria,acceptance criteria for user stories examples,26,4330,3740,3740,1600,9.5,10,0.27,0.35,0.04,template 63; other 24; define 6; learn 4; compare 2,0.68,0.94,0.00,0.00,0.06,0.00,0.00,2,thin,3,no,,template page,Templates,"Searches about ""acceptance criteria for user stories examples""; the practical angles are ""acceptance criteria for user stories examples"" and ""acceptance criteria vs requirements"".",acceptance criteria for user stories examples (1600) | acceptance criteria vs requirements (480),1.04,,too small,yes,no,4,yes,geeksforgeeks.org;reddit.com;medium.com;linkedin.com;stackoverflow.com;medium.com;scrum.org;salesforceben.com;softwareengineering.stackexchange.com,3,11,,57.3,0.20,0.74,0.87,0.99,0.00,0.50,0.96
u32,subtopic,business,pricing strategy,pricing strategy types and models,dynamic pricing,39,28190,28190,28190,18100,19,19,0.13,0.21,0.00,define 76; template 16; other 8,0.16,1.00,0.00,0.00,0.00,0.00,0.00,2,thin,3,no,,explainer,Articles,"Searches about ""dynamic pricing""; the practical angles are ""marketing pricing strategy examples"" and ""example of a pricing strategy"".",marketing pricing strategy examples (880) | example of a pricing strategy (720),0.23,10.69,rising,yes,no,1,no,salesforce.com;en.wikipedia.org;brookings.edu;dealhub.io;deliverect.com;youtube.com;business.com,4,35,,55.9,0.58,0.48,0.57,0.43,0.00,1.00,0.89
u34,topic,product,prioritization,,prioritization,113,177330,176850,16045,74000,6,15,0.14,0.07,0.07,dictionary 67; define 29; other 2; template 1; compare 1,0.07,0.11,0.67,0.00,0.00,0.18,0.84,5,medium,0,yes,"84% of its searches are dictionary lookups, job hunting, brands or another world; the largest part is dictionary lookups (67%)",hub page,Articles,"Searches about ""moscow prioritization""; the practical angles are ""important vs urgent"", ""urgent vs important matrix"" and ""matrix prioritization template"".",important vs urgent (880) | urgent vs important matrix (880) | matrix prioritization template (260) | prioritization tool (140) | why is prioritization important (110),0.56,2.35,rising,yes,no,2,no,airfocus.com;linkedin.com;airfocus.com;collinsdictionary.com;pdware.com;youtube.com;appfluence.com;teamwork.com,9,41,,55.8,0.43,0.95,0.38,0.80,0.00,1.00,0.22
u39,subtopic,product,user stories and acceptance criteria,user story examples and templates,user stories template,63,11650,11650,11330,2900,13,13,0.60,1.00,0.03,template 100,1.00,0.89,0.00,0.00,0.10,0.00,0.00,6,medium,6,no,,template page,Templates,"Searches about ""format for user stories""; the practical angles are ""format for user stories"", ""agile development user stories examples"" and ""examples of user stories in scrum"".",format for user stories (2900) | agile development user stories examples (1600) | examples of user stories in scrum (1300) | user story title examples (590) | sample user story document (320) | technical user stories examples (260),0.54,,too small,yes,no,2,no,atlassian.com;agilealliance.org;medium.com;mountaingoatsoftware.com;rebelscrum.site;aha.io;reddit.com;monday.com,6,25,,55.5,0.37,0.66,0.94,0.80,0.00,0.50,0.60
u35,subtopic,product,prioritization,prioritization (general),prioritization,62,153570,153570,2390,74000,1,5,0.11,0.06,0.10,dictionary 81; define 16; other 2; template 1,0.06,0.03,0.81,0.00,0.00,0.15,0.96,2,thin,0,yes,"96% of its searches are dictionary lookups, job hunting, brands or another world; the largest part is dictionary lookups (81%)",hub page,Articles,"Searches about ""must have nice to have priority""; the practical angles are ""prioritization tool"" and ""why is prioritization important"".",prioritization tool (140) | why is prioritization important (110),0.52,2.35,rising,yes,no,2,no,airfocus.com;linkedin.com;airfocus.com;collinsdictionary.com;pdware.com;youtube.com;appfluence.com;teamwork.com,4,0,,55.1,0.13,0.99,0.33,0.80,0.00,1.00,0.89
u60,subtopic,product,product owner and product manager roles,product owner,product owner,75,16120,6730,6730,2900,8,10,0.17,0.03,0.08,career 31; define 27; other 22; compare 19,0.40,0.49,0.00,0.31,0.39,0.00,0.31,3,thin,4,no,,comparison,Articles,"Searches about ""product management vs product owner""; the practical angles are ""product management vs product owner"", ""product owner vs scrum master"" and ""product owner vs project manager"".",product management vs product owner (1900) | product owner vs scrum master (390) | product owner vs project manager (260),0.71,2.38,rising,yes,no,1,no,simpliaxis.com;scrum.org;teravisiontech.com;hellopm.co;michaelpage.com.hk;quora.com;gainmomentum.ai,6,83,,54.9,0.26,0.82,0.79,0.43,0.00,1.00,0.60
u30,topic,business,pricing strategy,,pricing strategy,185,126510,126510,56690,6600,13,20,0.03,0.05,0.04,define 81; other 15; template 3,0.05,0.67,0.00,0.00,0.00,0.26,0.27,2,thin,3,no,,hub page,Articles,"Searches about ""dynamic pricing""; the practical angles are ""marketing pricing strategy examples"" and ""example of a pricing strategy"".",marketing pricing strategy examples (880) | example of a pricing strategy (720),0.32,4.89,rising,yes,no,1,no,paddle.com;bdc.ca;forbes.com;salesforce.com;dealhub.io;bcg.com;zapier.com;en.wikipedia.org;youtube.com,9,70,,53.9,0.79,0.66,0.29,0.43,0.00,1.00,0.22
u70,topic,design,information architecture,,information architecture,38,5980,5980,5980,3600,11.5,8.5,0.08,0.21,0.05,define 84; other 10; template 6,0.12,0.55,0.00,0.00,0.05,0.41,0.41,2,thin,3,no,,explainer,Articles,"Searches about ""information architecture""; the practical angles are ""website sitemap examples"" and ""example information architecture"".",website sitemap examples (480) | example information architecture (170),0.66,4.60,rising,yes,no,2,no,optimalworkshop.com;uizard.io;edutechwiki.unige.ch;medium.com;babich.biz;ramotion.com;medium.com;wix.com,5,105,,53.9,0.24,0.69,0.53,0.80,0.00,1.00,0.79
u65,topic,product,"product strategy, discovery and launch",,product development,119,89960,83070,81820,4400,9,16.5,0.05,0.13,0.03,define 77; other 16; template 5; learn 2,0.07,0.92,0.00,0.00,0.07,0.01,0.01,6,medium,7,no,,hub page,Articles,"Searches about ""value proposition""; the practical angles are ""product development process"", ""value proposition example"" and ""examples of market positioning"".",product development process (1600) | value proposition example (1600) | examples of market positioning (880) | example of a product strategy (260) | online product discovery platform (210) | product and service strategy example (170),0.41,3.17,rising,yes,no,0,no,monday.com;twi-global.com;technia.com;lumenalta.com;qmarkets.net;indepthresearch.org;producthq.org;moxo.com,13,87,,53.7,0.86,0.76,0.38,0.09,0.00,1.00,0.03
u86,topic,product,ai in product and design work,,ai for product managers,51,49530,48830,28365,,15,17,0.57,0.00,0.04,define 51; tool 34; other 15,0.33,0.59,0.00,0.00,0.06,0.00,0.00,7,medium,8,no,,explainer,Articles,"Searches about ""ai design assistant""; the practical angles are ""ai powered design tools"", ""ai design tools"" and ""ai tool for product managers"".",ai powered design tools (8100) | ai design tools (1900) | ai tool for product managers (390) | ai tools for graphic design (390) | ai web design tools (390) | ai prototyping tool (260) | ai tool for ux design (110),0.65,,rising,yes,no,1,no,coursera.org;resources.scrumalliance.org;reddit.com;datascience-pm.com;pragmaticinstitute.com;builder.io;egonzehnder.com,11,100,,53.5,0.60,0.60,0.73,0.43,0.00,1.00,0.12
u79,section,templates,templates,user story templates > agile and scrum user story templates,agile user story template,12,3180,3180,3180,1600,13,13,1.00,1.00,0.00,template 100,1.00,1.00,0.00,0.00,0.00,0.00,0.00,4,thin,4,no,,template page,Templates,"Searches about ""agile development user story template""; the practical angles are ""agile development user story template"", ""scrum user story template"" and ""agile user story card template"".",agile development user story template (1600) | scrum user story template (1300) | agile user story card template (170) | safe user story template (110),0.54,,too small,yes,no,2,no,wrike.com;mockplus.com;atlassian.com;youtube.com;agilealliance.org;agilemania.com;atlassian.com;medium.com,5,,,52.8,0.18,0.66,0.94,0.80,0.00,0.50,0.79
u80,section,templates,templates,product roadmap templates,product roadmap template,14,1250,1250,1250,1000,7.5,13,1.00,1.00,0.00,template 100,1.00,1.00,0.00,0.00,0.00,0.00,0.00,1,thin,1,no,,template page,Templates,"Searches about ""product roadmap template""; the practical angles are ""product roadmap template"".",product roadmap template (1000),0.57,0.93,flat,yes,no,2,no,notion.com;todoist.com;super.so;clickup.com;reddit.com;youtube.com;digitalmarketinginstitute.com;ideascale.com,6,,,52.7,0.09,0.86,0.94,0.80,0.00,0.50,0.60
u25,subtopic,business,"okrs, kpis and metrics",okrs,okr,119,83780,81970,81140,33100,24,26,0.23,0.18,0.12,define 76; compare 12; template 8; tool 2; dictionary 1; other 1,0.22,0.97,0.01,0.00,0.02,0.00,0.01,10,medium,11,no,,hub page,Articles,"Searches about ""okr""; the practical angles are ""kpi vs okr"", ""example of okr"" and ""okr objective example"".",kpi vs okr (4400) | example of okr (1300) | okr objective example (320) | okr examples for software engineers (260) | marketing okr examples (170) | okr canvas (110) | okr examples sales (110) | okr template xls (110) | okr tracking software (110) | okr vs smart goals (110),0.62,0.83,flat,yes,no,1,no,youtube.com;monday.com;mailchimp.com;lattice.com;thestrategyinstitute.org;peoplelogic.ai;projectmanager.com,6,18,,52.3,0.84,0.31,0.64,0.43,0.00,0.50,0.60
u90,topic,business,customer experience (cx),,customer experience,12,18820,18820,18820,,6.5,11,0.00,0.00,0.00,define 83; tool 10; other 7,0.10,1.00,0.00,0.00,0.00,0.00,0.00,1,thin,2,no,,explainer,Articles,"Searches about ""customer experience""; the practical angles are ""customer experience software"".",customer experience software (1000),0.65,2.21,rising,yes,no,0,no,zendesk.com;en.wikipedia.org;oracle.com;salesforce.com;superoffice.com;cmswire.com;blog.hubspot.com;medallia.com,7,203,,52.0,0.46,0.93,0.48,0.09,0.00,1.00,0.39
u27,topic,design,design thinking,,design thinking,141,48240,47360,45205,18100,40,52.5,0.06,0.02,0.04,define 71; learn 15; other 12; template 2,0.16,0.97,0.00,0.00,0.02,0.00,0.00,5,medium,6,no,,hub page,Articles,"Searches about ""design & thinking""; the practical angles are ""design process"", ""design process thinking"" and ""problem statement examples"".",design process (6600) | design process thinking (4400) | problem statement examples (3600) | 5 steps in design thinking (210) | list the correct order of the design thinking process (140),0.47,2.20,rising,yes,no,1,no,ideou.com;designthinking.ideo.com;en.wikipedia.org;online.hbs.edu;nngroup.com;mitsloan.mit.edu;ideou.com;reddit.com,5,91,,51.9,0.76,0.11,0.57,0.43,0.00,1.00,0.79
u91,topic,design,ux writing and content design,,ux writing,11,6650,6540,4740,,,18,0.09,0.36,0.09,define 93; template 7,0.10,0.73,0.00,0.00,0.02,0.00,0.00,1,thin,2,no,,explainer,Articles,"Searches about ""ux writing""; the practical angles are ""ux writing sample"".",ux writing sample (140),0.58,1.50,rising,yes,no,3,yes,youtube.com;usertesting.com;reddit.com;useberry.com;dovetail.com;ux.byu.edu;medium.com,3,0,,51.9,0.22,0.50,0.48,0.96,0.00,1.00,0.96
u24,topic,business,"okrs, kpis and metrics",,okr,156,207960,203430,122125,33100,22,25,0.19,0.15,0.10,define 56; dictionary 25; template 10; compare 7; tool 1; other 1,0.26,0.67,0.25,0.00,0.02,0.03,0.29,12,medium,13,no,,hub page,Articles,"Searches about ""okr""; the practical angles are ""kpi examples"", ""kpi vs okr"" and ""example of okr"".",kpi examples (14800) | kpi vs okr (4400) | example of okr (1300) | kpi vs metric (480) | okr objective example (320) | okr examples for software engineers (260) | marketing okr examples (170) | okr canvas (110) | okr examples sales (110) | okr template xls (110) | okr tracking software (110) | okr vs smart goals (110),0.62,0.83,flat,yes,no,1,no,youtube.com;monday.com;mailchimp.com;lattice.com;thestrategyinstitute.org;peoplelogic.ai;projectmanager.com,10,25,,51.7,0.91,0.40,0.67,0.43,0.00,0.50,0.16
u51,subtopic,design,design systems and ui components,ui components and patterns,breadcrumbs ui,64,69300,45770,14370,880,1.5,4,0.02,0.00,0.00,define 96; other 4,0.01,0.23,0.00,0.00,0.34,0.38,0.38,1,thin,2,no,,hub page,Articles,"Searches about ""design patterns""; the practical angles are ""swift vs swift ui"".",swift vs swift ui (170),0.93,,too small,yes,no,1,no,designsystem.digital.gov;thegood.com;wingify.com;dribbble.com;yale-a11y.gitlab.io;uxmag.com;reddit.com;sap.com,4,0,,51.0,0.42,0.98,0.18,0.43,0.00,0.50,0.89
u02,subtopic,product,"agile, scrum and kanban",agile methodology (general),agile methodology,109,306520,305930,249480,135000,39,41,0.08,0.00,0.07,define 80; dictionary 6; other 5; tool 5; learn 5,0.10,0.92,0.06,0.00,0.00,0.00,0.06,9,medium,10,no,,hub page,Articles,"Searches about ""agile agile""; the practical angles are ""agile process methodology"", ""agile process"" and ""agile waterfall comparison"".",agile process methodology (135000) | agile process (1600) | agile waterfall comparison (720) | iterative process meaning (720) | lean tools (720) | kanban tool (590) | software development process (590) | lean six sigma tools (480) | waterfall methodology vs agile (390),0.57,2.39,rising,yes,no,0,no,atlassian.com;agilealliance.org;en.wikipedia.org;geeksforgeeks.org;instituteprojectmanagement.com;asana.com;wrike.com,6,73,,50.9,0.98,0.12,0.48,0.09,0.00,1.00,0.60
u62,topic,product,stakeholder and change management,,change management,64,66040,63640,43390,14800,17,20,0.05,0.03,0.08,define 80; other 10; compare 4; learn 3; template 2,0.08,0.68,0.00,0.00,0.06,0.04,0.04,3,thin,4,no,,hub page,Articles,"Searches about ""change management""; the practical angles are ""leadership vs management"", ""change management process"" and ""transformational leadership examples"".",leadership vs management (2900) | change management process (2400) | transformational leadership examples (1000),0.56,3.04,rising,yes,no,1,no,online.hbs.edu;prosci.com;asq.org;business.purdue.edu;reddit.com;en.wikipedia.org;ibm.com;nmsconsulting.com;apqc.org,14,16,,50.6,0.74,0.55,0.43,0.43,0.00,1.00,0.01
u16,subtopic,design,ux research,interviews and focus groups,user interviews,24,62820,54970,25370,49500,16,25,0.00,0.00,0.12,define 83; other 8; tool 6; question 3,0.00,0.38,0.00,0.00,0.14,0.19,0.20,0,thin,1,no,,explainer,Articles,"Searches about ""user interviews"", almost all definitions; no practical phrase reaches 100 searches.",,1.52,1.01,flat,yes,no,4,yes,trustpilot.com;reddit.com;usertesting.com;centercode.com;reddit.com;usertesting.com;reddit.com;reddit.com,2,6,,50.3,0.51,0.58,0.07,0.99,0.00,0.50,0.99
u20,topic,business,growth marketing and funnels,,marketing funnel,51,339080,339080,241355,9900,29,37.5,0.08,0.08,0.08,define 91; other 5; template 4,0.05,0.72,0.00,0.00,0.00,0.07,0.07,4,thin,5,no,,explainer,Articles,"Searches about ""marketing strategy""; the practical angles are ""call to action examples"", ""marketing plan example"" and ""marketing strategy examples"".",call to action examples (4400) | marketing plan example (2900) | marketing strategy examples (2400) | inbound vs outbound marketing (1000),0.56,1.54,rising,yes,no,0,no,advertising.amazon.com;sproutsocial.com;semrush.com;online.jwu.edu;business.adobe.com;skyword.com;business.linkedin.com;ahrefs.com,6,225,,50.1,0.97,0.23,0.29,0.09,0.00,1.00,0.60
u68,subtopic,product,"product strategy, discovery and launch",product strategy and discovery (general),mvp minimum viable product,8,2250,2250,1885,720,6.5,8,0.00,0.00,0.00,define 64; other 25; tool 7; learn 4,0.17,0.66,0.00,0.00,0.22,0.00,0.00,1,thin,2,no,,explainer,Articles,"Searches about ""mvp minimum viable product""; the practical angles are ""online product discovery platform"".",online product discovery platform (210),0.41,2.29,rising,yes,no,2,no,aalpha.net;netsolutions.com;quora.com;blog.logrocket.com;codelevate.com;quora.com;ducxinh.com;sendpulse.com,11,0,,49.5,0.11,0.93,0.59,0.80,0.00,1.00,0.12
u87,subtopic,product,ai in product and design work,ai prototyping and design tools,ai powered design tools,27,37510,37510,19440,,24,24,0.89,0.00,0.00,tool 48; define 48; other 4,0.50,0.53,0.00,0.00,0.00,0.00,0.00,6,medium,7,no,,calculator or tool page,Links,"Searches about ""ai design assistant""; the practical angles are ""ai powered design tools"", ""ai design tools"" and ""ai tools for graphic design"".",ai powered design tools (8100) | ai design tools (1900) | ai tools for graphic design (390) | ai web design tools (390) | ai prototyping tool (260) | ai tool for ux design (110),0.67,,too small,yes,no,2,no,uxpilot.ai;flatlineagency.com;tomaszs2.medium.com;youtube.com;flowstep.ai;alexquinto.com;insights.thinklab.design;effectivesoft.com,6,50,,49.0,0.47,0.31,0.81,0.80,0.00,0.50,0.60
u48,subtopic,business,a/b testing and experimentation,a/b testing tools and platforms,a/b testing tools,39,3650,3650,3650,260,23,25,0.21,0.00,0.08,tool 54; other 27; define 19,0.61,0.86,0.00,0.00,0.02,0.00,0.00,1,thin,2,no,,calculator or tool page,Links,"Searches about ""what is a/b testing software""; the practical angles are ""a / b testing tools"".",a / b testing tools (1900),0.88,33.90,rising,yes,no,2,no,convert.com;piwik.pro;reddit.com;growthbook.io;dripagency.de;youtube.com;conversionista.com;awa-digital.com,6,63,,48.4,0.19,0.35,0.85,0.80,0.00,1.00,0.60
u01,topic,product,"agile, scrum and kanban",,agile methodology,256,380610,380020,323375,135000,35,36,0.13,0.05,0.05,define 75; other 13; dictionary 5; learn 4; tool 4,0.08,0.94,0.05,0.00,0.00,0.00,0.05,16,deep,17,no,,hub page,Articles,"Searches about ""agile agile""; the practical angles are ""agile process methodology"", ""agile vs scrum"" and ""kanban vs scrum"".",agile process methodology (135000) | agile vs scrum (2900) | kanban vs scrum (2900) | scrum guide (2900) | agile process (1600) | agile project management tools (880) | agile waterfall comparison (720) | iterative process meaning (720) | lean tools (720) | kanban tool (590) | software development process (590) | lean six sigma tools (480),0.66,2.39,rising,yes,no,0,no,atlassian.com;agilealliance.org;en.wikipedia.org;geeksforgeeks.org;instituteprojectmanagement.com;asana.com;wrike.com,9,57,,48.2,1.00,0.18,0.43,0.09,0.00,1.00,0.22
u10,subtopic,design,accessibility,web and digital accessibility,web content accessibility,21,124900,121300,84300,5400,94,94,0.14,0.00,0.00,define 87; learn 8; other 5,0.11,0.78,0.00,0.00,0.03,0.00,0.00,1,thin,2,no,,explainer,Articles,"Searches about ""electronic accessibility""; the practical angles are ""web accessibility guide"".",web accessibility guide (5400),0.75,6.50,rising,yes,no,1,no,reciteme.com;accessibe.com;accessible.org;siteimprove.com;quora.com;ada.gov;tasb.org;boia.org;adacompliancepros.com,7,53,,47.6,0.87,0.00,0.51,0.43,0.00,1.00,0.39
u29,subtopic,design,design thinking,design thinking process and stages,design thinking process,59,18530,18530,16730,4400,52,52,0.12,0.02,0.03,learn 66; define 20; other 7; template 6; tool 1,0.72,0.97,0.00,0.00,0.00,0.00,0.00,5,medium,6,no,,how-to guide,Articles,"Searches about ""design process""; the practical angles are ""design process"", ""design process thinking"" and ""problem statement examples"".",design process (6600) | design process thinking (4400) | problem statement examples (3600) | 5 steps in design thinking (210) | list the correct order of the design thinking process (140),0.40,7.70,rising,yes,no,1,no,ideou.com;web.stanford.edu;mitsloan.mit.edu;nngroup.com;youtube.com;designthinking.ideo.com;online.hbs.edu;ixdf.org,5,30,,47.5,0.44,0.05,0.88,0.43,0.00,1.00,0.79
u08,subtopic,design,accessibility,accessibility definitions (general),accessibility,20,203600,203600,9050,110000,21,34,0.10,0.05,0.05,dictionary 93; define 5; learn 2,0.59,0.02,0.93,0.00,0.00,0.03,0.96,2,thin,0,yes,"96% of its searches are dictionary lookups, job hunting, brands or another world; the largest part is dictionary lookups (93%)",how-to guide,Articles,"Searches about ""how to accessibility""; the practical angles are ""how to accessibility"" and ""assistive technologies examples"".",how to accessibility (8100) | assistive technologies examples (1300),0.72,2.94,rising,yes,no,1,no,nationaldisabilityinstitute.org;youtube.com;siteimprove.com;browngold.com;housing.utah.edu;ixdf.org;accessible.org;adatile.com;deque.com,7,0,,47.3,0.32,0.42,0.83,0.43,0.00,1.00,0.39
u54,topic,business,go-to-market and product marketing,,4 ps of marketing,47,85220,84340,75730,12100,21,21.5,0.04,0.04,0.23,define 78; other 19; template 2,0.01,0.87,0.00,0.00,0.01,0.00,0.00,2,thin,3,no,,explainer,Articles,"Searches about ""4 ps of marketing""; the practical angles are ""market segmentation examples"" and ""target market examples"".",market segmentation examples (1300) | target market examples (1300),0.34,0.84,flat,yes,no,1,no,productmarketingalliance.com;corporatefinanceinstitute.com;youtube.com;study.com;professionalacademy.com;nva.auburn.edu;prisim.com;angle180.com,6,58,,47.3,0.83,0.42,0.18,0.43,0.00,0.50,0.60
u05,subtopic,product,"agile, scrum and kanban","scrum, sprints and backlog",agile scrum,65,58460,58460,58460,4400,24,28,0.20,0.20,0.06,define 75; other 14; compare 6; template 2; learn 2,0.11,1.00,0.00,0.00,0.00,0.00,0.00,6,medium,7,no,,hub page,Articles,"Searches about ""scrum master""; the practical angles are ""agile vs scrum"", ""kanban vs scrum"" and ""scrum guide"".",agile vs scrum (2900) | kanban vs scrum (2900) | scrum guide (2900) | example of a product backlog (260) | product backlog vs sprint backlog (260) | who makes the final decision on ordering the product backlog (110),0.56,0.54,falling,yes,no,1,no,agilealliance.org;nimblework.com;uagc.edu;atlassian.com;youtube.com;monday.com,4,36,,47.1,0.80,0.31,0.51,0.43,0.00,0.00,0.89
u85,topic,design,visual design principles,,principles of design,11,65400,65400,37200,,20,20,0.00,0.00,0.09,define 77; other 23,0.00,0.56,0.00,0.00,0.00,0.00,0.00,0,thin,1,no,,explainer,Articles,"Searches about ""principles of design"", almost all definitions; no practical phrase reaches 100 searches.",,0.37,2.73,rising,yes,no,1,no,toptal.com;guides.lib.berkeley.edu;vistaprint.com;youtube.com;figma.com;skillshare.com;superside.com;study.com,6,2,,47.0,0.67,0.45,0.07,0.43,0.00,1.00,0.60
u03,subtopic,product,"agile, scrum and kanban",agile project management,agile project management,42,147930,147930,147735,9900,47,47,0.02,0.00,0.00,other 53; define 47,0.00,0.99,0.00,0.00,0.00,0.00,0.00,1,thin,2,no,,explainer,Articles,"Searches about ""agile project development""; the practical angles are ""agile project management tools"".",agile project management tools (880),1.11,0.88,flat,yes,no,2,no,agilealliance.org;techfarhub.usds.gov;comptia.org;plane.so;ibm.com;quora.com;atlassian.com;youtube.com,5,61,,46.8,0.93,0.07,0.07,0.80,0.00,0.50,0.79
u71,section,links,links,ux and ui design tools,ux design tools,19,2910,2910,2910,1300,19,19,1.00,0.00,0.00,tool 100,1.00,1.00,0.00,0.00,0.00,0.00,0.00,2,thin,2,no,,calculator or tool page,Links,"Searches about ""ux and ui design tools""; the practical angles are ""tools for ux"" and ""ai tools for ux design"".",tools for ux (1300) | ai tools for ux design (110),1.80,14.89,rising,yes,no,2,no,hype4.academy;figma.com;reddit.com;uxpilot.ai;uxtools.co;pixso.net;youtube.com;maze.co,12,,,46.8,0.17,0.48,0.94,0.80,0.00,1.00,0.08
u73,section,links,links,prototyping tools,prototyping tools,17,1160,1160,1160,480,26,26,1.00,0.00,0.00,tool 100,1.00,1.00,0.00,0.00,0.00,0.00,0.00,4,thin,4,no,,calculator or tool page,Links,"Searches about ""prototyping software tools""; the practical angles are ""prototyping software tools"", ""ai prototyping tools"" and ""fast prototyping tools"".",prototyping software tools (480) | ai prototyping tools (260) | fast prototyping tools (170) | prototyping tools ui (110),0.36,30.50,rising,yes,no,2,no,reddit.com;bilt.me;testingtime.com;blog.logrocket.com;medium.com;sitepoint.com;ux.stackexchange.com,5,,,46.8,0.07,0.25,0.94,0.80,0.00,1.00,0.79
u78,section,templates,templates,user story templates,user story template,26,11150,11150,11150,2900,13,13,1.00,1.00,0.00,template 100,1.00,1.00,0.00,0.00,0.00,0.00,0.00,8,medium,8,no,,template page,Templates,"Searches about ""template for user story""; the practical angles are ""template for user story"", ""acceptance criteria user story template"" and ""agile development user story template"".",template for user story (2900) | acceptance criteria user story template (1600) | agile development user story template (1600) | scrum user story template (1300) | user story card template (390) | technical user story template (260) | agile user story card template (170) | safe user story template (110),0.56,0.47,falling,yes,no,2,no,atlassian.com;agilealliance.org;rebelscrum.site;mountaingoatsoftware.com;aha.io;medium.com;smartsheet.com;reddit.com;gist.github.com,9,,,46.4,0.36,0.66,0.94,0.80,0.00,0.00,0.22
u67,subtopic,product,"product strategy, discovery and launch",new product development and launch,product development,55,29380,28660,27775,4400,10,17,0.00,0.00,0.02,define 70; other 26; learn 4,0.04,0.96,0.00,0.00,0.02,0.03,0.03,1,thin,2,no,,explainer,Articles,"Searches about ""beta testing""; the practical angles are ""product development process"".",product development process (1600),0.32,3.17,rising,yes,no,0,no,monday.com;twi-global.com;technia.com;lumenalta.com;qmarkets.net;indepthresearch.org;producthq.org;moxo.com,8,83,,46.3,0.57,0.71,0.26,0.09,0.00,1.00,0.30
u55,topic,business,"retention, churn and engagement",,customer retention,128,115060,113880,35980,3600,18,18,0.19,0.02,0.20,dictionary 41; define 37; other 11; learn 10; tool 1; template 1,0.14,0.35,0.41,0.00,0.01,0.09,0.50,7,medium,8,no,,hub page,Articles,"Searches about ""customer retention""; the practical angles are ""how do i calculate retention rate"", ""loyalty programs examples"" and ""onboarding process meaning"".",how do i calculate retention rate (1300) | loyalty programs examples (720) | onboarding process meaning (590) | how do you calculate customer retention rate (260) | retention examples (140) | acquisition vs retention (110) | churn rate vs retention rate (110),0.64,3.44,rising,yes,no,0,no,dealhub.io;referralcandy.com;propellocloud.com;quiq.com;customergauge.com;customerthermometer.com;blog.accessdevelopment.com;customersuccesscollective.com;moengage.com,15,86,,45.8,0.64,0.52,0.55,0.09,0.00,1.00,0.00
u07,topic,design,accessibility,,accessibility,103,373460,363260,124410,110000,76,76,0.08,0.02,0.01,dictionary 45; define 44; other 7; learn 3; template 1,0.08,0.42,0.45,0.00,0.04,0.03,0.48,4,thin,5,no,,hub page,Articles,"Searches about ""electronic accessibility""; the practical angles are ""how to accessibility"", ""voluntary product accessibility template"" and ""web accessibility guide"".",how to accessibility (8100) | voluntary product accessibility template (5400) | web accessibility guide (5400) | assistive technologies examples (1300),0.81,2.94,rising,yes,no,1,no,nationaldisabilityinstitute.org;youtube.com;siteimprove.com;browngold.com;housing.utah.edu;ixdf.org;accessible.org;adatile.com;deque.com,12,61,,45.0,0.92,0.02,0.43,0.43,0.00,1.00,0.08
u45,subtopic,design,personas and journey maps,personas,user persona,30,15580,11010,10010,1900,25.5,23,0.20,0.23,0.10,define 72; template 19; other 6; learn 2; tool 1,0.31,0.48,0.00,0.00,0.49,0.04,0.04,2,thin,3,no,,explainer,Articles,"Searches about ""define user persona""; the practical angles are ""user experience persona examples"" and ""buyer persona examples"".",user experience persona examples (1600) | buyer persona examples (720),0.47,1.96,rising,yes,no,1,no,uxpressia.com;mockflow.com;uxtweak.com;uxpressia.com;wix.com;lyssna.com;userpilot.com,6,163,,44.7,0.33,0.26,0.72,0.43,0.00,1.00,0.60
u28,subtopic,design,design thinking,design thinking (general),design thinking,82,29880,29000,28645,18100,27,56,0.01,0.02,0.04,define 86; other 14,0.00,0.98,0.00,0.00,0.02,0.00,0.00,1,thin,2,no,,hub page,Articles,"Searches about ""design & thinking""; the practical angles are ""design thinking example"".",design thinking example (140),0.52,2.20,rising,yes,no,1,no,ideou.com;designthinking.ideo.com;en.wikipedia.org;online.hbs.edu;nngroup.com;mitsloan.mit.edu;ideou.com;reddit.com,4,64,,44.3,0.61,0.24,0.07,0.43,0.00,1.00,0.89
u89,topic,business,market research and competitor analysis,,marketing research,20,24760,19360,11670,,23,29,0.00,0.00,0.00,other 55; define 19; tool 16; career 10,0.21,0.76,0.00,0.10,0.00,0.13,0.23,1,thin,2,no,,explainer,Articles,"Searches about ""online market research platform""; the practical angles are ""online market research platform"".",online market research platform (4400),0.63,4.37,rising,yes,no,1,no,about.crunchbase.com;cision.com;contentsquare.com;youtube.com;isrreports.com;ideascale.com;momentivesoftware.com;entrepreneur.com;library.cleary.edu,7,81,,44.0,0.38,0.35,0.63,0.43,0.00,1.00,0.39
u36,subtopic,product,prioritization,prioritization frameworks,moscow prioritization,35,20580,20100,13655,4400,23,22.5,0.26,0.11,0.03,define 86; compare 6; template 5; other 3,0.07,0.65,0.00,0.00,0.02,0.02,0.02,3,thin,4,no,,explainer,Articles,"Searches about ""moscow prioritization""; the practical angles are ""important vs urgent"", ""urgent vs important matrix"" and ""matrix prioritization template"".",important vs urgent (880) | urgent vs important matrix (880) | matrix prioritization template (260),0.62,,too small,yes,no,2,no,savio.io;youtube.com;wrike.com;prince2.com;xmind.com;your.wa.gov;quora.com;craft.io,5,28,,43.9,0.41,0.35,0.38,0.80,0.00,0.50,0.79
u88,subtopic,product,ai in product and design work,ai in product and ux work (general),ai for product managers,24,12020,11320,8925,,9,10,0.21,0.00,0.08,define 59; other 36; tool 4,0.06,0.72,0.00,0.00,0.18,0.00,0.00,1,thin,2,no,,explainer,Articles,"Searches about ""ai for product management""; the practical angles are ""ai tool for product managers"".",ai tool for product managers (390),0.61,,rising,yes,no,1,no,coursera.org;resources.scrumalliance.org;reddit.com;datascience-pm.com;pragmaticinstitute.com;builder.io;egonzehnder.com,11,136,,43.6,0.31,0.76,0.33,0.43,0.00,1.00,0.12
u74,section,books,books,design books (general),design books,16,4090,4090,2045,1300,,19,0.31,0.00,0.00,define 93; other 7,0.00,0.31,0.00,0.00,0.00,0.38,0.38,0,thin,1,no,,explainer,Books,"Searches about ""books about design"", almost all definitions; no practical phrase reaches 100 searches.",,0.59,3.67,rising,yes,no,3,yes,sobrief.com;medium.com;bostonmagazine.com;tiktok.com;quora.com;amazon.com;kr.pinterest.com;hellolovelystudio.com,3,,,43.3,0.12,0.50,0.07,0.96,0.00,1.00,0.96
u40,subtopic,product,user stories and acceptance criteria,user stories (general),user stories,88,45430,33330,25230,3600,22.5,20.5,0.09,0.00,0.17,define 74; other 21; learn 3; compare 2,0.07,0.70,0.00,0.00,0.21,0.23,0.23,2,thin,3,no,,hub page,Articles,"Searches about ""story points""; the practical angles are ""how to create user stories"" and ""difference between use case and user stories"".",how to create user stories (590) | difference between use case and user stories (390),0.61,1.42,rising,yes,no,1,no,airfocus.com;agilealliance.org;justinmind.com;ixdf.org;jile.io;trailhead.salesforce.com;startinfinity.com;parabol.co;medium.com,8,35,,43.1,0.50,0.38,0.38,0.43,0.00,1.00,0.30
u44,subtopic,design,personas and journey maps,journey maps and user flows,customer journey map,64,36510,31770,27720,6600,19,17,0.23,0.41,0.08,define 51; other 26; template 21; tool 3,0.29,0.30,0.00,0.00,0.67,0.02,0.02,4,thin,5,no,,hub page,Templates,"Searches about ""customer journey""; the practical angles are ""flow chart examples"", ""example journey map"" and ""examples of customer journey map"".",flow chart examples (3600) | example journey map (880) | examples of customer journey map (880) | user journey map example (320),0.47,0.82,flat,yes,no,0,no,contentful.com;usertesting.com;triplewhale.com;uxpressia.com;awebdigital.co;cmswire.com;salesmate.io;weidert.com,8,231,,43.0,0.56,0.48,0.70,0.09,0.00,0.50,0.30
u31,subtopic,business,pricing strategy,pricing strategy (general),pricing strategy,95,92020,92020,26270,6600,20,24,0.00,0.02,0.07,define 83; other 16; template 1; dictionary 1,0.01,0.61,0.01,0.00,0.00,0.35,0.35,1,thin,2,no,,hub page,Articles,"Searches about ""price pricing strategy""; the practical angles are ""pricing strategy sample"".",pricing strategy sample (720),0.36,4.89,rising,yes,no,1,no,paddle.com;bdc.ca;forbes.com;salesforce.com;dealhub.io;bcg.com;zapier.com;en.wikipedia.org;youtube.com,7,110,,42.9,0.52,0.45,0.18,0.43,0.00,1.00,0.39
u43,topic,design,personas and journey maps,,customer journey map,94,52090,42780,37730,6600,22.5,19,0.22,0.35,0.09,define 55; other 22; template 20; tool 2,0.29,0.33,0.00,0.00,0.63,0.02,0.02,6,medium,7,no,,hub page,Templates,"Searches about ""customer journey""; the practical angles are ""flow chart examples"", ""user experience persona examples"" and ""example journey map"".",flow chart examples (3600) | user experience persona examples (1600) | example journey map (880) | examples of customer journey map (880) | buyer persona examples (720) | user journey map example (320),0.47,0.82,flat,yes,no,0,no,contentful.com;usertesting.com;triplewhale.com;uxpressia.com;awebdigital.co;cmswire.com;salesmate.io;weidert.com,13,225,,41.2,0.68,0.38,0.70,0.09,0.00,0.50,0.03
u47,subtopic,business,a/b testing and experimentation,a/b testing (general),a/b testing,45,37670,37670,33620,12100,48,48,0.18,0.27,0.16,define 58; other 39; template 2; tool 1,0.02,0.96,0.00,0.00,0.00,0.00,0.00,2,thin,3,no,,explainer,Articles,"Searches about ""a & b testing""; the practical angles are ""a b testing calculator"" and ""a b testing sample size calculator"".",a b testing calculator (480) | a b testing sample size calculator (140),0.82,2.47,rising,yes,no,1,no,salesforce.com;en.wikipedia.org;reddit.com;geeksforgeeks.org;kameleoon.com;coursera.org;mastercard.com;business.adobe.com,6,88,,40.7,0.63,0.06,0.22,0.43,0.00,1.00,0.60
u52,subtopic,design,design systems and ui components,design systems,design system,36,46410,42440,24675,3600,29.5,31,0.03,0.06,0.03,define 72; other 26; template 2,0.03,0.63,0.00,0.00,0.08,0.25,0.25,1,thin,2,no,,explainer,Articles,"Searches about ""material design""; the practical angles are ""design system example"".",design system example (590),0.92,3.44,rising,yes,no,1,no,lovable.dev;blog.pixelfreestudio.com;medium.com;figma.com;magnific.com;gov.ie;brand.jhu.edu;design-system.canada.ca;stackoverflow.com,6,3,,40.5,0.49,0.21,0.24,0.43,0.00,1.00,0.60
u09,subtopic,design,accessibility,"guidelines and compliance (wcag, ada, 508)",accessibility 508,25,35500,35500,28200,8100,67,67,0.04,0.04,0.00,define 76; other 20; template 4,0.05,0.75,0.00,0.00,0.16,0.03,0.03,1,thin,2,no,,explainer,Articles,"Searches about ""accessibility 508""; the practical angles are ""voluntary product accessibility template"".",voluntary product accessibility template (5400),0.61,3.78,rising,yes,no,0,no,section508.gov;hhs.gov;dodcio.defense.gov;state.gov;wcag.com;vispero.com;levelaccess.com;access-board.gov,3,82,,40.4,0.59,0.04,0.29,0.09,0.00,1.00,0.96
u56,subtopic,business,"retention, churn and engagement",retention rate formulas and calculation,calculate retention rate,49,4870,4870,2470,1600,16,18,0.39,0.00,0.33,learn 42; other 29; define 28; tool 1,0.40,0.43,0.00,0.00,0.00,0.22,0.22,2,thin,3,no,,how-to guide,Articles,"Searches about ""calculate retention rate""; the practical angles are ""how do i calculate retention rate"" and ""how do you calculate customer retention rate"".",how do i calculate retention rate (1300) | how do you calculate customer retention rate (260),0.69,0.81,flat,yes,no,1,no,compt.io;reddit.com;adp.com;wallstreetprep.com;vendordirectory.shrm.org;hibob.com;productive.io;churnkey.co;adjust.com,8,45,,39.7,0.16,0.58,0.79,0.43,0.00,0.50,0.30
u37,subtopic,product,prioritization,task and time prioritization,task prioritization,16,3180,3180,0,1900,10,,0.00,0.00,0.06,define 91; other 9,0.00,0.00,0.00,0.00,0.00,1.00,1.00,0,thin,0,yes,"100% of its searches are dictionary lookups, job hunting, brands or another world; the largest part is another world (100%)",explainer,Articles,"Nothing survives: its searches are dictionary lookups, job hunting, brands or another world.",,0.32,52.00,rising,yes,no,2,no,activecollab.com;lifelabslearning.com;larksuite.com;linkedin.com;youtube.com;bcit.ca;accelo.com;fluidwave.com,6,23,,39.4,0.00,0.71,0.07,0.80,0.00,1.00,0.60
u46,topic,business,a/b testing and experimentation,,a/b testing,119,40260,40260,36210,12100,38,38,0.13,0.10,0.09,define 55; other 40; tool 4; template 1,0.06,0.96,0.00,0.00,0.00,0.00,0.00,2,thin,3,no,,hub page,Articles,"Searches about ""a & b testing""; the practical angles are ""a / b testing tools"" and ""a b testing sample size calculator"".",a / b testing tools (1900) | a b testing sample size calculator (140),0.82,2.47,rising,yes,no,1,no,salesforce.com;en.wikipedia.org;reddit.com;geeksforgeeks.org;kameleoon.com;coursera.org;mastercard.com;business.adobe.com,12,64,,39.2,0.66,0.14,0.33,0.43,0.00,1.00,0.08
u81,section,tools,tools,sample size calculators,sample size calculator,68,14990,14990,7495,8100,37.5,39,1.00,0.01,0.00,tool 100,1.00,0.50,0.00,0.00,0.00,0.00,0.00,10,medium,10,no,,calculator or tool page,Tools,"Searches about ""calculate sample size calculator""; the practical angles are ""calculate sample size calculator"", ""sample size calculator formula"" and ""surveymonkey sample size calculator"".",calculate sample size calculator (8100) | sample size calculator formula (1600) | surveymonkey sample size calculator (880) | determining sample size statistics calculator (480) | raosoft sample size calculator (480) | qualtrics sample size calculator (390) | sample size calculator for survey (390) | g power sample size calculator (210) | sample size for statistical significance calculator (170) | minimum sample size calculator (110),0.59,0.41,falling,yes,yes,0,no,sawtoothsoftware.com;idsurvey.com;homepage.univie.ac.at;medcalc.org;abs.gov.au;easymedstat.com;numiqo.com;tool.yrjournal.org;socscistatistics.com,7,,,39.1,0.28,0.15,0.94,0.09,1.00,0.00,0.39
u23,subtopic,product,product management (discipline),product life cycle,product life cycle,21,29890,28890,20835,9900,36,36,0.00,0.00,0.05,define 45; other 36; tool 19,0.14,0.69,0.00,0.00,0.02,0.03,0.03,2,thin,3,no,,explainer,Articles,"Searches about ""product life cycle""; the practical angles are ""product life cycle management software"" and ""product lifecycle management for software"".",product life cycle management software (8100) | product lifecycle management for software (1300),0.62,1.05,flat,yes,no,1,no,productleadership.com;twproject.com;quora.com;myaccountingcourse.com;hellopm.co;pwskills.com;investopedia.com,6,12,,38.9,0.48,0.17,0.55,0.43,0.00,0.50,0.60
u57,subtopic,business,"retention, churn and engagement",retention (general),retention rate,54,82500,82250,7110,3600,22,20,0.04,0.02,0.11,dictionary 70; define 26; other 2; learn 1,0.04,0.12,0.70,0.00,0.00,0.06,0.77,3,thin,0,yes,"77% of its searches are dictionary lookups, job hunting, brands or another world; the largest part is dictionary lookups (70%)",explainer,Articles,"Searches about ""rate of retention""; the practical angles are ""onboarding process meaning"", ""retention examples"" and ""acquisition vs retention"".",onboarding process meaning (590) | retention examples (140) | acquisition vs retention (110),0.47,3.33,rising,yes,no,1,no,en.wikipedia.org;zendesk.com;academicaffairs.uams.edu;adp.com;stellic.com;productplan.com;wallstreetprep.com;tcsisupport.gov.au;15five.com,6,53,,38.9,0.27,0.40,0.26,0.43,0.00,1.00,0.60
u75,section,books,books,graphic and visual design books,graphic design books,26,1690,1690,1690,1300,,,0.38,0.00,0.00,other 69; define 31,0.00,0.48,0.00,0.00,0.00,0.12,0.12,0,thin,1,no,,explainer,Books,"Searches about ""visual design books"", almost all definitions; no practical phrase reaches 100 searches.",,1.43,2.68,rising,yes,no,1,no,graphicdesignforum.com;strandbooks.com;instagram.com;reddit.com;yourcentralvalley.com;dragonflyeditorial.com;amazon.com,2,,,37.9,0.10,0.50,0.07,0.43,0.00,1.00,0.99
u84,section,tools,tools,sample size calculators > statistical significance sample size calculators,statistical sample size calculator,14,650,650,325,480,43,43,1.00,0.00,0.00,tool 100,1.00,0.50,0.00,0.00,0.00,0.00,0.00,2,thin,2,no,,calculator or tool page,Tools,"Searches about ""determining sample size statistics calculator""; the practical angles are ""determining sample size statistics calculator"" and ""sample size for statistical significance calculator"".",determining sample size statistics calculator (480) | sample size for statistical significance calculator (170),0.27,0.43,falling,yes,yes,1,no,blog.flexmr.net;medcalc.org;numiqo.com;en.wikipedia.org;xlstat.com;data.ucsf.edu;youtube.com;qualitygurus.com;geopoll.com,6,,,36.7,0.01,0.10,0.94,0.43,1.00,0.00,0.60
u77,section,books,books,ux design books,ux books,21,530,530,530,390,,,0.48,0.00,0.00,other 54; define 46,0.00,1.00,0.00,0.00,0.00,0.00,0.00,0,thin,1,no,,explainer,Books,"Searches about ""books about ux"", almost all definitions; no practical phrase reaches 100 searches.",,1.00,3.18,rising,yes,no,2,no,reddit.com;johannesippen.com;dontpaniclabs.com;ixdf.org;uxplanet.org;blog.uxfol.io;goodreads.com;amazon.com;smart-interface-design-patterns.com,6,,,35.6,0.02,0.50,0.07,0.80,0.00,1.00,0.60
u58,subtopic,business,"retention, churn and engagement",customer retention and loyalty,customer retention,25,27690,26760,26400,3600,25,27,0.12,0.04,0.12,define 81; other 14; template 2; tool 2; compare 1,0.02,0.96,0.00,0.00,0.03,0.00,0.00,2,thin,3,no,,explainer,Articles,"Searches about ""customer retention""; the practical angles are ""loyalty programs examples"" and ""churn rate vs retention rate"".",loyalty programs examples (720) | churn rate vs retention rate (110),0.56,3.44,rising,yes,no,0,no,dealhub.io;referralcandy.com;propellocloud.com;quiq.com;customergauge.com;customerthermometer.com;blog.accessdevelopment.com;customersuccesscollective.com;moengage.com,9,181,,35.4,0.53,0.28,0.22,0.09,0.00,1.00,0.22
u64,subtopic,product,stakeholder and change management,stakeholder management,stakeholder management,43,7000,4600,4160,2400,18,20,0.00,0.00,0.12,define 88; other 12,0.00,0.72,0.00,0.00,0.25,0.00,0.00,0,thin,1,no,,explainer,Articles,"Searches about ""what is a stakeholder management"", almost all definitions; no practical phrase reaches 100 searches.",,0.53,3.35,rising,yes,no,1,no,youtube.com;mindtools.com;runn.io;geeksforgeeks.org;withluna.ai;planyway.com;greenly.earth;unito.io;gocardless.com,8,28,,34.2,0.21,0.52,0.07,0.43,0.00,1.00,0.30
u82,section,tools,tools,sample size calculators > power analysis sample size calculators,power analysis sample size calculator,24,2390,2390,1195,880,18,18,1.00,0.00,0.00,tool 100,1.00,0.50,0.00,0.00,0.00,0.00,0.00,2,thin,2,no,,calculator or tool page,Tools,"Searches about ""power sample size calculator online""; the practical angles are ""power sample size calculator online"" and ""g power sample size calculator"".",power sample size calculator online (1300) | g power sample size calculator (210),0.66,0.01,falling,yes,no,0,no,clincalc.com;statscalculators.com;beckerguides.wustl.edu;sample-size.net;stat.ubc.ca;surveymonkey.com;researchmethodsresources.nih.gov;numiqo.com;homepage.univie.ac.at,6,,,33.5,0.08,0.52,0.94,0.09,0.00,0.00,0.60
u76,section,books,books,product management books,product management books,14,980,980,980,590,,1,0.43,0.00,0.00,other 82; define 18,0.00,1.00,0.00,0.00,0.00,0.00,0.00,0,thin,1,no,,explainer,Books,"Searches about ""books about product management"", almost all definitions; no practical phrase reaches 100 searches.",,0.62,11.38,rising,yes,no,3,yes,reddit.com;bringthedonuts.com;rysullivan.medium.com;productplan.com;userflow.com;nextleap.app;amazon.com;goodreads.com;youtube.com,10,,,33.3,0.04,0.50,0.07,0.96,0.00,1.00,0.16
u83,section,tools,tools,sample size calculators > survey sample size calculators,sample size calculator for survey,13,2140,2140,1070,390,25,25.5,1.00,0.00,0.00,tool 100,1.00,0.46,0.00,0.00,0.08,0.00,0.00,4,thin,4,no,,calculator or tool page,Tools,"Searches about ""surveymonkey sample size calculator""; the practical angles are ""surveymonkey sample size calculator"", ""raosoft sample size calculator"" and ""qualtrics sample size calculator"".",surveymonkey sample size calculator (880) | raosoft sample size calculator (480) | qualtrics sample size calculator (390) | sample size calculator for survey (390),0.76,,too small,yes,no,0,no,blog.flexmr.net;sogolytics.com;homepage.univie.ac.at;omnicalculator.com;surveymars.com;socscistatistics.com;frac.tl;preventivemedicine.northwestern.edu;questionpro.com,7,,,31.0,0.06,0.28,0.94,0.09,0.00,0.50,0.39
u33,subtopic,business,pricing strategy,company pricing case studies,amazon pricing strategy,51,8980,8980,4910,210,,8,0.00,0.00,0.02,define 77; other 23,0.00,0.56,0.00,0.00,0.00,0.05,0.05,0,thin,1,no,,explainer,Articles,"Searches about ""what is retail pricing"", almost all definitions; no practical phrase reaches 100 searches.",,0.42,167.50,rising,yes,no,0,no,getida.com;priceshape.com;prisync.com;channelkey.com;sellerlogic.com;catapult-analytics.com;perpetua.io;godaddy.com;salesduo.com,9,21,,30.0,0.23,0.50,0.07,0.09,0.00,1.00,0.22
u11,subtopic,design,accessibility,accessibility testing and checkers,accessibility checker,37,14860,8260,8260,4400,76,76,0.05,0.00,0.00,define 78; other 21; tool 1,0.01,0.89,0.00,0.00,0.09,0.06,0.06,2,thin,3,no,,explainer,Articles,"Searches about ""accessibility check""; the practical angles are ""accessibility tools"" and ""web accessibility tools"".",accessibility tools (480) | web accessibility tools (480),0.81,1.91,rising,yes,no,0,no,audioeye.com;w3.org;tabnav.com;friendlycaptcha.com;accessibilityinsights.io;standards.phila.gov;siteimprove.com;aaardvarkaccessibility.com;csusm.edu,6,16,,27.5,0.30,0.02,0.18,0.09,0.00,1.00,0.60
u06,subtopic,product,"agile, scrum and kanban",agile manifesto and principles,agile manifesto,15,8200,8200,8200,6600,31,31,0.00,0.00,0.00,define 51; other 49,0.00,1.00,0.00,0.00,0.00,0.00,0.00,0,thin,1,no,,explainer,Articles,"Searches about ""agile development manifesto"", almost all definitions; no practical phrase reaches 100 searches.",,0.62,0.47,falling,yes,no,2,no,agile-academy.com;nkdagility.com;agilealliance.org;quora.com;niftypm.com;project.info;kanbanzone.com;quora.com,6,38,,26.4,0.29,0.20,0.07,0.80,0.00,0.00,0.60
u04,subtopic,product,"agile, scrum and kanban",scaled agile (safe),safe agile framework,25,12500,12500,12500,8100,45,45,0.44,0.00,0.00,define 84; other 16,0.00,1.00,0.00,0.00,0.00,0.00,0.00,0,thin,1,no,,explainer,Articles,"Searches about ""agile safe"", almost all definitions; no practical phrase reaches 100 searches.",,0.66,0.31,falling,yes,no,1,no,framework.scaledagile.com;pmi.org;scrum.org;monday.com;simpliaxis.com;framework.scaledagile.com;youtube.com;cio.com,6,14,,22.8,0.39,0.08,0.07,0.43,0.00,0.00,0.60
u49,subtopic,business,a/b testing and experimentation,"a/b testing in marketing (email, landing pages, ads)",a/b testing landing pages,35,840,840,840,170,38,38,0.00,0.00,0.03,other 71; define 29,0.00,0.98,0.00,0.00,0.00,0.00,0.00,0,thin,1,no,,explainer,Articles,"Searches about ""a b testing for landing pages"", almost all definitions; no practical phrase reaches 100 searches.",,0.82,,too small,yes,no,1,no,unbounce.com;knowledge.hubspot.com;crazyegg.com;reddit.com;contentful.com;blog.adobe.com;wynter.com;support.google.com;landingi.com,7,66,,17.9,0.03,0.14,0.07,0.43,0.00,0.50,0.39
