group,keywords,raw
1,agile methodology | agile project management | safe agile framework | agile scrum | agile manifesto,cache/raw/261008-162.json
2,accessibility | accessibility 508 | web content accessibility | accessibility checker | analytics,cache/raw/261008-163.json
3,project management | user testing | closed-ended questions in research | user interviews | ux research,cache/raw/261008-164.json
4,ui ux design | marketing funnel | product management | product life cycle | okr,cache/raw/261008-165.json
5,kpi examples | design thinking | design thinking process | pricing strategy | dynamic pricing,cache/raw/261008-166.json
6,amazon pricing strategy | prioritization | moscow prioritization | task prioritization | user stories,cache/raw/261008-167.json
7,user stories template | acceptance criteria for user stories examples | website design | customer journey map | user persona,cache/raw/261008-168.json
8,a/b testing | a/b testing tools | a/b testing landing pages | design system | breadcrumbs ui,cache/raw/261008-169.json
9,product requirements document | 4 ps of marketing | customer retention | calculate retention rate | retention rate,cache/raw/261008-170.json
10,product manager | product owner | change management | stakeholder management | product development,cache/raw/261008-171.json
11,product market fit | mvp minimum viable product | product roadmap | information architecture | ux design tools,cache/raw/261008-172.json
12,product management tools | prototyping tools | design books | graphic design books | product management books,cache/raw/261008-173.json
13,ux books | user story template | agile user story template | product roadmap template | sample size calculator,cache/raw/261008-174.json
14,power analysis sample size calculator | sample size calculator for survey | statistical sample size calculator,cache/raw/261008-175.json
15,closed-ended questions in research | safe agile framework | accessibility 508 | customer journey map | web content accessibility,cache/raw/261008-176.json
16,accessibility checker | moscow prioritization | user stories template | user persona | acceptance criteria for user stories examples,cache/raw/261008-177.json
17,calculate retention rate | agile user story template | breadcrumbs ui | mvp minimum viable product | sample size calculator for survey,cache/raw/261008-178.json
18,a/b testing tools | a/b testing landing pages,cache/raw/261008-179.json
19,principles of design | customer experience | ai for product managers,cache/raw/261008-197.json
20,ai powered design tools | marketing research | ux writing,cache/raw/261008-198.json
21,ai powered design tools | ux writing,cache/raw/261008-199.json
