rank,tier,tier_n,name,category,personas,job,input,output,repeat_use,search_phrases,store_volume,store_kd,build_hours,pasteable,nearest_tool,our_angle,web_scanned,page_one,usefulness,intent,openness,fit,build_cost,score,tier_note,phrases_to_check
1,launch,1,SUS score calculator,UX research,UX researcher; product designer,Score a System Usability Scale study and say what the number means,Paste the 10 answers per person from a spreadsheet (one row each),"SUS score, grade and percentile against the 68 average, a confidence interval, per-item averages, flags for straight-lined rows",Every usability round ends with a SUS score; teams re-run it each release to compare,sus score calculator; system usability scale calculator; how to calculate sus score (no store data),,,6,"Spreadsheet (paste in, CSV out)",Trymata free SUS calculator; Lyssna Google Sheets template,Paste a whole sheet instead of typing 10 boxes per person; confidence interval and straight-lining check that the free ones skip,yes,Open: NN/g ranks #1 with an article; only one or two real calculators on page one (Oct 8 SERP),5,3,5,5,5,92,The most open tool page we have seen: on page one Nielsen Norman Group ranks with an article and only one or two real calculators appear. Researchers use it after every round.,sus score calculator; system usability scale calculator; sus calculator; how to calculate sus score; sus score interpretation
2,launch,2,User story and acceptance criteria builder,Product discovery,Product owner; product manager; business analyst,"Write a user story and its acceptance criteria in a clean, testable format","Who, what, why; then rules and edge cases as short lines","'As a / I want / so that' story, Given-When-Then criteria, INVEST warnings, copy as Jira markup or markdown",Several times a week for a product owner,"user story template (2,900); user story format (2,900); user stories examples with acceptance criteria (1,600); acceptance criteria user story template (1,600)",2900,18,8,Jira markup; markdown; Gherkin,Figr and Kollabe acceptance criteria generators (AI),"No AI, no sign-up: a structured builder with edge-case prompts and INVEST checks, pasted straight into Jira",yes,"Template and article pages (Atlassian, Asana); store KD 10 to 21",5,5,3,5,4,90,"The strongest searched demand in the product set (user story template and format, 2,900 each; KD 10 to 21) and a weekly job for every product owner. Output pastes straight into Jira.",user story generator; acceptance criteria generator; user story template
3,launch,3,"Backlog prioritization scorer (RICE, ICE, WSJF)",Product strategy,Product manager; product owner; founder,"Score and rank a whole list of ideas with RICE, ICE or WSJF, and see the order change as you tweak",Paste a list from a spreadsheet or a Jira export; pick the method,"Ranked table, score breakdown, a flag when one shaky guess decides the order, CSV for Jira or Sheets",Every planning cycle and quarterly review,"moscow prioritization (4,400); rice score (1,900, mixed meanings); rice prioritization (880); wsjf prioritization (210); prioritization tool (140)",880,31,10,"CSV for Jira, Sheets, Notion","EasyRetro, ProductLift, Kollabe RICE calculators (one item at a time)","A whole backlog, three methods, and a warning when the order hangs on one guess",yes,'rice calculator' is food and sports; 'rice score calculator' shows small tool sites,5,4,4,5,3,88,"Every planning cycle. The free RICE calculators score one item at a time; ours ranks the whole backlog and warns when one guess decides the order. MoSCoW folds in as a fourth mode (4,400 searches).",rice score calculator; rice prioritization calculator; ice score prioritization; wsjf calculator; prioritization matrix
4,launch,4,Sprint capacity calculator,Project management,Scrum master; delivery lead; engineering manager; product owner,Work out how much the team can take on this sprint,"People, days in the sprint, days off, meeting hours, focus factor; optional points-per-day history","Hours and points of capacity, per person and total, with a commitment range; a line for the sprint planning notes","Every sprint, every two weeks",sprint capacity calculator (no data),,,6,Text for Jira or Confluence; CSV,"Vendor articles and spreadsheet templates (ONES, Xebia); no standard free tool","Days off per person and a range, not a single number; remembers the team in the browser",yes,Vendor blogs and docs only; open,5,2,5,5,5,88,"Used every two weeks by every scrum team. The web scan found vendor articles and spreadsheets, no standard free tool. The repeat-use champion.",sprint capacity calculator; capacity planning scrum; team capacity calculator; sprint planning capacity
5,launch,5,Usability test sample size calculator,UX research,UX researcher; product designer; product manager,Decide how many people to test so you see the problems that matter,"How common a problem must be before you care (e.g. 1 in 10 users), the share of those problems you want to see, number of user groups","Number of participants, a curve of problems found per added participant, the plan as rounds (e.g. 3 rounds of 5)",Asked at the start of every study and in every budget conversation,"usability testing (2,400); how many users for usability testing (no data)",2400,35,5,Text summary for the research plan,MeasuringU tables and articles (no calculator surfaced in the scan),Turns the 'five users' debate into a slider: shows what five finds and what it misses for rare problems,yes,Open: page one is papers and articles; no calculator found,4,3,5,5,5,86,Answers the oldest question in research ('how many users?') with the maths behind the five-user rule. No calculator surfaced in the scan.,usability test sample size; how many users for usability testing; usability testing sample size calculator; how many participants usability test
6,launch,6,Delivery forecast (velocity range and Monte Carlo),Project management,Scrum master; delivery lead; product manager; engineering manager,Answer 'when will it be done' with a range instead of a single date,"Backlog size, past sprint velocities or weekly throughput, start date","Dates at 50%, 85% and 95% likelihood, a histogram, and a sentence to share with stakeholders",Every release conversation,"story points (9,900, a definition search); release forecast (no data)",,,10,Text and PNG for the stakeholder update,Jira marketplace forecasting apps (Monte Carlo is a paid tier); spreadsheets,"Free, in the browser, numbers pasted from Jira; the 85% line explained in plain words",yes,No free web tool surfaced; apps and Python packages,5,2,5,5,3,84,"Turns 'when will it be done' into dates at 50, 85 and 95 percent. The Jira apps put Monte Carlo behind a paid tier; no free web tool surfaced. Pairs with sprint capacity.",monte carlo forecast agile; sprint velocity calculator; agile release forecast; when will it be done
7,launch,7,Retention and churn calculator,Product metrics,Product analyst; growth lead; product manager; founder,"Turn a cohort table into retention curves, churn and net revenue retention","Paste a cohort table (users or revenue by start month and month since start), or three numbers for a quick rate","Retention per cohort as a heatmap and curves, the average curve, churn rate, gross and net revenue retention, CSV",Monthly metrics review and board decks,"retention rate formula (1,600); how to calculate retention rate (1,300); customer retention rate calculator (210); net retention rate formula (210); retention rate calculator (140)",1600,18,10,CSV in and out; PNG chart,Founderpath cohort analysis; MetricGate; Amplitude churn calculator,"A quick-rate mode for the 'how to calculate' searcher and a cohort mode for the analyst, on one page",yes,"'churn rate calculator': SaaS lead magnets plus thin calculator sites (Oct 8 SERP), the beatable layer",5,4,3,5,3,84,"The business domain's anchor: retention rate formula (1,600) and how to calculate retention rate (1,300) at KD 16 to 18, and a page one of SaaS lead magnets and thin calculator sites.",churn rate calculator; customer churn calculator; cohort retention analysis; net revenue retention calculator
8,drip,1,PRD outline generator,Product discovery,Product manager; founder,Start a product requirements document with the right sections for the size of the work,"Size of change, audience, open questions","A PRD skeleton (problem, goals, non-goals, users, scope, metrics, risks) with prompts; markdown",Every new initiative,"prd template (2,900); product requirements document template (2,900)",2900,6,6,"Markdown for Notion, Confluence, Google Docs","Template galleries (Notion, Atlassian, Productboard)","Scales the template to the size of the work: one page for small, full for big",no,Template galleries; KD 6 suggests open,4,5,3,5,4,84,"PRD template, 2,900 at KD 6. Template-shaped, so it ships beside the first templates.",prd generator; prd template
9,launch,8,Type scale generator,UI design,UI designer; product designer; design system lead; front-end engineer,Build a consistent set of font sizes and line heights from one base and one ratio,"Base size, ratio, steps, optional fluid range (min and max screen width)","Sizes in px and rem, line heights snapped to a 4px grid, CSS variables, clamp() values, a Figma text-style table","Every new product, brand refresh or design system change","type scale generator (no data); font size accessibility (3,600)",,,8,CSS variables; JSON tokens; Figma table,typescale.com (Jeremy Church); Utopia fluid type,"Static scale, fluid clamp() and snapped line heights on one page, previewed in real interface text",yes,Many small tools and plugins; no big product owns it,5,3,3,5,4,82,"The design tool people bookmark. One page gives the scale, fluid clamp() values and snapped line heights, as CSS variables and a Figma table. Line height, clamp and px-to-rem fold in here.",type scale generator; typography scale generator; modular scale calculator; font size scale
10,launch,10,OKR checker,Product metrics,Product manager; engineering manager; founder; growth lead,"Check that objectives are qualitative and key results are measurable outcomes, not tasks",Paste objectives and key results,"Flags per line (task not outcome, no number, no baseline, too many KRs), a score, rewrite hints; clean copy for Notion or Sheets",Every quarter's OKR setting and review,"okr examples (1,300); okr template (880); okr tracker (320); okr planner (210); how to write okr (170)",1300,5,8,Markdown; spreadsheet,goalsandprogress OKR builder; spreadsheet checklists,"Rule-based and explained, with an example library by product role",yes,No standard tool; template and article pages,4,4,4,5,3,82,"Every quarter, for product, engineering and founders. OKR examples (1,300, KD 5) and OKR template (880) show demand; the scan found no standard checker.",okr checker; okr generator; okr examples; how to write okrs
11,launch,9,Survey sample size and margin of error calculator,UX research,UX researcher; product manager; product marketer,"Find how many responses a survey needs, or how far to trust the responses you have","Population size, confidence level, margin you can live with; or the responses you got and the percentage you saw",Responses needed; margin of error for your result; the range in plain words ('between 55% and 65%'),"Every survey, before sending and when reporting","sample size calculator (8,100); power analysis sample size calculator (880); sample size calculator for survey (390); survey sample size calculator (390)",8100,39,5,Text line for the readout,SurveyMonkey and Qualtrics margin of error calculators; Raosoft,"Both directions on one page, the result written as a sentence you can paste into a readout",yes,"Crowded at the head (SurveyMonkey, Qualtrics, Raosoft, calculator sites); the survey tail is softer (KD 25)",4,5,2,5,5,82,"The biggest tool phrase in the store (sample size calculator, 8,100). The head is crowded, so the page aims at the survey tail (KD 25) and writes the result as a sentence for the readout.",survey margin of error calculator; margin of error calculator; survey sample size calculator
12,drip,3,Microcopy length checker,UX design,UX writer; product designer,"Check button labels, errors and toasts against length limits and plain-language rules","Paste strings, pick the element type (button, error, toast, tooltip)","Character and word counts against limits; flags for blame words, jargon, passive voice and a missing next step; a translation expansion estimate",Every copy review and localization prep,"ux writing (group 4,740; no tool phrase in the store)",,,6,CSV for string files,Hemingway Editor (general prose),"Built for interface strings, not prose: limits per element and translation expansion",yes,No dedicated tool found; page one is AI skill listings and guides,4,2,5,5,4,80,No dedicated tool found; a clear gap for UX writers.,microcopy checker; ux writing tool; button label length; error message examples
13,drip,4,Positioning statement builder,Product marketing,Product marketer; founder; product manager,Write a positioning statement from the parts that make it up,"Target customer, alternatives, unique attributes, value, category","Statements in two forms (the classic 'For... who...' and a component table), checked for vague words",Launches and repositioning,"positioning statement (2,900); product positioning (1,000); examples of market positioning (880)",2900,12,5,Markdown; slide text,Miro positioning template; AI skill listings,No standalone builder surfaced in the scan; ours checks for empty words,yes,No generator found; templates and guides,3,4,4,5,5,80,"Positioning statement, 2,900 at KD 12; no generator found.",positioning statement template; positioning statement generator; positioning statement examples
14,drip,2,Palette contrast checker,Accessibility,UI designer; accessibility specialist; design system lead,"Check every text and background pair in a palette against WCAG at once, and get the nearest passing color",Paste a palette (hex list or CSS variables),"A pass/fail grid for AA and AAA, normal and large text, APCA as a reference column, a suggested fix for each failing pair",Every palette change and design review,"contrast checker (no data); high contrast accessibility (2,900)",,,8,CSS variables in and out,WebAIM contrast checker (one pair at a time); Coolors,"The whole palette as a grid instead of one pair at a time, with a fix",yes,Head term held by WebAIM and big brands; the 'palette' angle is open,5,3,2,5,4,78,First reserve for launch: swap it in if you want accessibility on day one.,color contrast checker; contrast checker; wcag contrast checker; color palette contrast checker; accessible color palette
15,drip,5,NPS calculator with margin of error,Product metrics,Product manager; product marketer; UX researcher,Compute Net Promoter Score and say whether a change between two surveys is real,"Counts of 0 to 10 answers, or the raw scores pasted; an optional second survey","NPS, promoter, passive and detractor shares, margin of error, whether the change is beyond noise",Every NPS survey wave,net promoter score calculator; nps calculator (no data),,,5,Text line; CSV,"Hotjar, QuestionPro, Youform NPS calculators",The margin of error and the 'is this change real' check that vendor calculators skip,yes,'nps calculator' is split with India's pension scheme; the product variant is held by survey vendors,4,3,3,5,5,78,Adds the 'is this change real' check; CSAT and CES as a second tab.,net promoter score calculator; nps calculator; how to calculate nps
16,drip,7,Spacing scale and token export,Design systems,Design system lead; UI designer; front-end engineer,Pick a spacing scale and export it as tokens,"Base unit (4 or 8), scale type (linear, ratio, t-shirt), names","Spacing tokens with names, CSS variables, JSON in the W3C token format, a visual ruler",Design system setup and audits,spacing scale; design tokens (no data),,,5,CSS variables; JSON tokens,figr.design spacing generator; bushe.co,Naming advice and the W3C token format built in,yes,Small tools and AI skill pages; open,4,2,4,5,5,78,Design system leads; W3C token format.,spacing scale generator; design tokens generator; 8pt grid
17,drip,6,"Unit economics: LTV, CAC and payback",Growth and pricing,Founder; growth lead; product manager,See whether each customer pays back what it cost to win,"Revenue per account, gross margin, monthly churn, sales and marketing spend, new customers","LTV, CAC, LTV:CAC ratio, payback months, and a warning when inputs mix monthly and yearly","Board prep, pricing changes, channel reviews","customer lifetime value (4,400); customer acquisition cost (4,400)",4400,34,5,Text; CSV,"Founderpath, xgenious, MetricGate calculators","One page for the three numbers, with the unit-mixing trap caught",yes,'ltv calculator' is mortgages; 'cac calculator' is mixed; the product variants need a check,4,4,3,4,5,78,"Customer lifetime value and acquisition cost, 4,400 each; the founder's page.",customer lifetime value calculator; ltv cac ratio calculator; cac payback calculator; customer acquisition cost calculator
18,drip,8,Tint and shade scale generator,UI design,UI designer; design system lead; front-end engineer,"Make a 50 to 950 color ramp from one brand color, with contrast labels on each step",One or more hex colors,"An 11-step ramp in OKLCH, contrast with white and black on each step, CSS variables, JSON tokens, a Tailwind block",Every new brand color and theme,tint and shade generator; color palette generator (no data),,,6,CSS variables; JSON; Tailwind,66colorful; tints.dev; MagicPattern,"Contrast labels on every step tie the ramp to accessibility, which most generators leave out",yes,Many small generators; no dominant brand,4,3,3,5,4,76,Pairs with the contrast checker: ramps with contrast labels.,tint and shade generator; color shade generator; color palette generator; tailwind color generator
19,fold,,MoSCoW sorter,Product strategy,Product owner; business analyst; product manager,"Sort requirements into Must, Should, Could, Won't and check the Must share",List of items,"Four columns, a warning above 60% Must, export",Release scoping,"moscow prioritization (4,400); prioritization moscow method template (480)",4400,24,4,CSV; markdown,Miro templates; ProductPlan glossary,The 60% Must rule enforced; better as a mode of the prioritization scorer,no,Articles,3,4,3,5,5,76,fold into the prioritization scorer,moscow prioritization template; moscow method
20,drip,10,Survey question checker,UX research,UX researcher; product manager; product marketer,"Catch leading, loaded and double-barreled questions before a survey goes out","Paste the questions, one per line","Each question flagged (two questions in one, leading words, absolutes, jargon, no 'none' option) with a rewrite hint","Every survey draft, and every review of a colleague's survey","product survey questions (1,600); qualitative survey questions (1,000)",1600,8,8,"Text, ready for Google Forms or Typeform",General grammar checkers; vendor articles on bad survey questions,Rule-based and explained (no AI): each flag names the rule and links the article,no,Unknown; the tool phrase needs a check,4,2,4,5,3,74,"Product survey questions, 1,600 at KD 8; rule-based, explained flags.",survey question checker; leading question checker; double barreled question checker; how to write survey questions
21,drip,9,A/B test sample size and duration planner,Product metrics,Growth lead; product analyst; product manager,Find how many users and how many days a test needs before you start it,"Baseline conversion, smallest lift worth finding, daily traffic, number of variants","Users per variant, days to run, and a warning when the test cannot finish in a sensible time",Every experiment brief,power analysis sample size calculator (880); a/b testing calculator (480); ab test calculator (480); a/b testing sample size calculator (140),880,7,6,Text for the experiment brief,Evan Miller sample size calculator; Optimizely,Leads with days to run and the 'not worth testing' warning; plain-language result,yes,"Crowded with established tools (Optimizely, Evan Miller, Statsig, CXL)",4,4,2,4,4,72,"Power analysis sample size calculator, 880 at KD 7; significance check as a second tab.",ab test sample size calculator; ab test duration calculator
22,later,,Launch checklist builder,Product marketing,Product marketer; product manager,Build a launch checklist sized to the launch tier,"Launch tier (big, medium, small), channels, date","A dated checklist by team, CSV for Asana or Jira, markdown",Every launch,"product launch (1,600); go to market plan (880); product launch strategy (320)",1600,27,6,CSV; markdown,HubSpot and Asana templates,Tiered and dated backwards from launch day,no,Templates,4,3,3,4,4,72,,product launch checklist; launch plan template
23,later,,Line length and measure calculator,UI design,UI designer; UX writer; front-end engineer,Set a text column width that gives 45 to 75 characters per line,"Font, font size, target characters","Container width in px, rem and ch, with a live sample",Every layout and type change,optimal line length (no data),,,4,CSS,everycalculators line length calculator,Measures the real font in the browser instead of assuming half an em per character,yes,Thin calculator sites; open,3,2,4,5,5,72,,line length calculator; optimal line length; characters per line
24,fold,,Story points to time estimator,Project management,Product owner; scrum master,Translate a backlog in points into sprints and calendar dates,"Points, velocity range, sprint length",Sprint count and date range,Release planning,"story points (9,900)",9900,21,3,Text,Spreadsheets,A simple mode of the delivery forecast,yes,Articles,3,3,4,4,5,72,fold into the delivery forecast,story points to hours; story point calculator
25,later,,Task success and time-on-task calculator,UX research,UX researcher,Report completion rate and task time with honest error bars from a small test,Successes out of attempts; task times,"Completion rate with an adjusted-Wald interval, geometric mean time with interval, a one-line summary",Every benchmark study,task completion rate; time on task (no data),,,5,"Spreadsheet in, text out",MeasuringU calculators (paid),"Free, small-sample-correct maths explained in plain words",no,Unknown,3,2,4,5,5,72,,task completion rate calculator; confidence interval for completion rate
26,later,,Touch target checker,Accessibility,Product designer; UI designer; accessibility specialist,"Check that tap targets meet the size and spacing rules for web, iOS and Android","Target size, spacing to neighbors, platform","Pass or fail against WCAG 2.2 (24px minimum, 44px enhanced), Apple 44pt and Material 48dp; the padding needed",Every mobile design review,touch target size (no data),,,4,Text note for the review,"Guideline pages (Apple HIG, Material, W3C)","All three rulebooks side by side, with unit conversion (pt, dp, px)",no,Guideline pages; no tool,3,2,4,5,5,72,,touch target size; minimum tap target size; wcag target size
27,later,,Cycle time and lead time calculator,Project management,Delivery lead; engineering manager; product analyst,Get cycle-time percentiles from a ticket export,Paste start and end dates from a Jira CSV,"50th, 85th and 95th percentile cycle time, a scatter chart, outliers listed",Monthly flow review,cycle time (no data),,,8,CSV in; PNG out,Jira apps (paid tiers),Free paste-in percentiles,no,Unknown,4,2,4,4,3,70,,cycle time calculator; lead time vs cycle time
28,later,,Interview guide builder,UX research,UX researcher; product manager; founder,"Turn a research goal into an interview script with warm-up, core and wrap-up questions","Research goal, who you talk to, session length","A timed script: intro, consent line, open questions from a vetted bank, probes, wrap-up; markdown",Every new study round,"user interviews (49,500, mostly the brand); user interview questions (no data)",,,8,Markdown for Notion or Google Docs,"Vendor templates (User Interviews, Dovetail, Maze)",Times each block to the session length and flags leading phrasings; no sign-up,no,Unknown,4,2,3,5,3,70,,user interview questions; user interview script template; customer interview questions
29,later,,Error message builder,UX design,UX writer; product designer; engineer,"Write an error message that says what happened, why, and what to do","What failed, whether the user can fix it, the fix","Three drafts in the house pattern, checked for blame and jargon, with length",Every new form or flow,error message examples; how to write error messages (no data),,,5,Text for Figma and string files,"Content style guides (Atlassian, Mailchimp)","A rule-driven builder, not a rewrite engine; shows the rule behind each line",yes,Unknown,3,2,4,5,4,70,,error message examples; how to write error messages; error message generator
30,later,,MVP scope cutter,Product strategy,Founder; product manager,Cut a feature list to the smallest set that tests the riskiest assumption,"Features with value, effort and the assumption each tests","The keep list, the cut list with reasons, a scope summary",Each new bet,mvp minimum viable product (720),720,37,6,Markdown,No direct tool; templates,Original framing tied to assumption testing,no,Articles,3,2,4,5,4,70,,mvp feature prioritization; mvp scope
31,later,,Proto-persona worksheet,UX research,Product designer; product manager; founder,Write an assumption-based persona that is clearly marked as a hypothesis,"Role, goals, frustrations, context, what you have evidence for",A one-page persona card with an evidence mark on each line; PNG and markdown,Kick-offs and workshops,"user persona template (1,600); user persona generator (320); user persona creator (320); user persona maker (260)",1600,22,6,Markdown; PNG for Figma,HubSpot Make My Persona; Xtensio,"Marks each line as evidence or guess, so the persona does not pass as research",no,Template galleries likely; needs a page-one check,3,4,2,5,4,70,,user persona generator; persona generator; persona template
32,fold,,A/B test significance checker,Product metrics,Growth lead; product analyst; product manager,Check if a finished test's difference is real,Visitors and conversions per variant,"Lift, p-value and confidence interval, chance to beat control, a plain verdict, a sample-ratio check",Every test readout,ab test calculator (480); ab split test calculator (480),480,55,6,Text for the readout,"VWO, Dynamic Yield, ABTestGuide",Sample-ratio mismatch check and a plain verdict; but page one is crowded,yes,Fragmented: many thin calculator sites plus vendors (Oct 8 SERP),4,3,2,4,4,68,fold into the A/B test planner,ab test significance calculator; statistical significance calculator
33,later,,Release notes formatter,Product management,Product manager; product marketer; engineering manager,Turn a list of merged changes into readable release notes,Paste ticket titles with a type tag,"Grouped notes (new, improved, fixed), plain-language prompts, markdown and HTML",Every release,release notes template (no data),,,5,Markdown; HTML; Slack,"Changelog SaaS (Beamer, LaunchNotes)","A free formatter with a style check (no ticket numbers, user benefit first)",no,Unknown,4,2,3,4,4,68,,release notes template; release notes generator
34,later,,Alt text helper,Accessibility,UX writer; product marketer; accessibility specialist,Decide whether an image needs alt text and what kind,Answers to a short decision tree (decorative? a link? a chart?),"The right treatment (empty alt, short alt, long description), a pattern to fill, a length check",Every content upload,alt text (no data),,,4,HTML attribute,W3C alt decision tree,"The decision tree plus a length check and product examples (charts, screenshots, logos)",no,W3C and big publishers; needs a check,3,3,2,5,5,68,,alt text; how to write alt text; alt text examples
35,later,,Component state checklist,Design systems,Product designer; design system lead,"List every state a component needs (empty, loading, error, disabled, focus) before handoff",Component type,A state checklist with notes; markdown for the ticket,Every component,ui states (no data),,,4,Markdown for Jira,Blog checklists,"Lists per component, with accessibility states",no,Unknown,3,1,4,5,5,68,,ui component states; empty states
36,later,,Design token naming helper,Design systems,Design system lead; front-end engineer,"Name tokens in a consistent tiered pattern (base, semantic, component)",A list of raw values and where they are used,"Suggested names by tier, a lint of inconsistent names, JSON export",Every system change and audit,design token naming (no data),,,8,JSON tokens; CSS variables,Articles (Nathan Curtis); Tokens Studio (Figma plugin),A naming linter in the browser; none found free,no,Articles,3,2,4,5,3,68,,design token naming convention; design tokens
37,later,,Job story builder,Product discovery,Product manager; UX researcher; product marketer,Write job statements in a consistent form from interview notes,"Situation, motivation, outcome","'When... I want to... so I can...' statements, checked for solution words",Discovery synthesis,jobs to be done (no data),,,4,Markdown,Articles and templates,Flags solution words inside the job,no,Articles,3,2,3,5,5,68,,job story template; jobs to be done statement
38,later,,Kano survey analyzer,Product strategy,Product manager; UX researcher,Classify features from Kano survey answers,Paste paired functional and dysfunctional answers,"Category per feature (must-be, performance, attractive, indifferent), better and worse coefficients, chart",Each feature survey,kano model (no data),,,8,CSV in and out,Spreadsheet templates; few calculators,Paste-in analysis that most Kano articles leave to Excel,no,Articles,3,2,4,5,3,68,,kano model; kano analysis calculator; kano survey
39,later,,Likert scale label builder,UX research,UX researcher; product marketer,"Get balanced labels for a 5- or 7-point scale on agreement, importance, frequency or satisfaction",Scale type and number of points,"Balanced labels, the scoring map (1 to 5), a copy block for a form tool",Each new survey; people forget the exact wording,importance likert scale (720),720,14,3,Text list for forms; CSV,"Lists in survey vendor blogs (SurveyMonkey, Qualtrics)",Copyable sets with the scoring key and a note on when to drop the middle point,no,Unknown,3,3,3,4,5,68,,likert scale examples; likert scale 5 point; likert scale generator
40,later,,"Roadmap now, next, later builder",Product strategy,Product manager; founder; product marketer,"Turn a list of bets into a now, next, later roadmap you can share","Items with horizon, theme, confidence",A clean three-column roadmap image and a markdown version,Monthly roadmap updates,"product roadmap template (1,000); product roadmap examples (1,000); roadmap tools (390)",1000,13,8,PNG and SVG for slides; markdown,"Roadmap SaaS (ProductPlan, Aha!) and slide templates","Outcome-led, free, no account; the SaaS tools gate exports",no,Roadmap vendors (Oct 8 SERP for 'roadmap tools'),3,4,2,5,3,68,,roadmap maker; product roadmap template; now next later roadmap
41,later,,WIP limit and flow calculator (Little's law),Project management,Delivery lead; scrum master; engineering manager,Set a WIP limit and see how it changes cycle time,"Throughput, current work in progress, target cycle time","Cycle time from Little's law, a suggested WIP limit, a what-if slider",Board reviews,work in progress formula (210),210,0,4,Text,Articles (Kanban University),Rare as a tool,no,Articles,3,2,4,4,5,68,,wip limit; littles law calculator; cycle time calculator
42,fold,,Fluid size clamp() calculator,UI design,Front-end engineer; UI designer,Turn a min and max size into a CSS clamp() that scales between two widths,"Min size, max size, min and max screen width","clamp() expression, slope and intercept, live preview",Every responsive build,clamp calculator (no data),,,3,CSS,Utopia; Flavio Copes clamp calculator,Better folded into the type scale generator than a page of its own,yes,Crowded with developer tools,4,3,2,3,5,66,fold into the type scale generator,css clamp calculator; fluid typography calculator
43,later,,Runway calculator,Growth and pricing,Founder,"See months of cash left and the month you run out, under growth scenarios","Cash, monthly costs, revenue, revenue growth","Runway months, zero-cash month, breakeven month, three scenarios side by side",Monthly for early founders,runway calculator; burn rate (no data),,,5,CSV; text,Pilot runway calculator; Kruze,"Scenarios side by side, explained without finance jargon",yes,Finance and accounting firms; small sites appear,4,3,2,3,5,66,,startup runway calculator; burn rate calculator
44,later,,Assumption mapper,Product discovery,Product manager; product designer; founder,Rank assumptions by importance and evidence to choose what to test first,Assumptions with importance and evidence scores,A 2x2 map and a test-first list,Every discovery cycle,assumption mapping (no data),,,5,PNG; markdown,Miro templates,Turns the board into a ranked test plan,no,Templates,3,2,3,5,4,66,,assumption mapping; assumption map template
45,later,,Experiment brief builder,Product metrics,Growth lead; product manager,"Write a test hypothesis with metric, size and stop rule","Change, expected effect, metric, guardrails","A brief (hypothesis, primary and guardrail metrics, size, duration, decision rule); markdown",Every experiment,hypothesis statement (no data),,,5,Markdown,Vendor templates,Links into the sample size planner,no,Unknown,3,2,3,5,4,66,,ab test hypothesis template; hypothesis statement
46,later,,Heuristic evaluation scorer,UX design,Product designer; UX researcher; accessibility specialist,Log issues against the ten usability heuristics and rate severity,Issues with heuristic and severity (0 to 4),"Severity table, counts per heuristic, a ranked fix list as CSV or Jira-ready text",Every expert review,heuristic evaluation (no data),,,6,CSV; Jira markup,Spreadsheet workbooks (NN/g),Severity maths and a Jira export in one place,no,"Articles (NN/g, IxDF)",3,2,3,5,4,66,,heuristic evaluation template; heuristic evaluation checklist
47,later,,North Star metric worksheet,Product metrics,Product manager; founder; growth lead,Pick a North Star metric and its input metrics,"Product type, the value moment, candidate metrics",A checked North Star with an input-metric tree; markdown and PNG,Yearly strategy; new teams,north star metric (no data),,,6,Markdown; PNG,Amplitude North Star playbook,"Checks candidates against the usual traps (vanity, lagging)",no,Amplitude holds it,3,3,2,5,4,66,,north star metric; north star metric examples
48,later,,Research question generator,UX research,UX researcher; product manager,Turn a vague ask into research questions and a method,"The decision the team must make, what is unknown",Three to five research questions and a suggested method for each,Study kick-offs,research question generator (390),390,0,6,Markdown,Academic thesis-question generators (a different reader),"Product decision first, method second; the academic tools answer a student's thesis",no,Academic tools; the product intent is unproven,3,3,3,4,4,66,,ux research questions; research question generator ux
49,later,,SaaS MRR and ARR calculator,Growth and pricing,Founder; growth lead; product analyst,"Compute MRR movements (new, expansion, contraction, churn) and ARR",Monthly revenue movements,"MRR bridge chart, ARR, quick ratio",Monthly board numbers,"arr formula (1,600)",1600,2,5,CSV; PNG,Baremetrics and ChartMogul (paid),A free bridge chart,no,Unknown,3,3,3,4,4,66,,arr formula; mrr calculator; saas quick ratio
50,fold,,CSAT and CES calculator,Product metrics,Product manager; customer experience lead,Compute CSAT and customer effort scores from raw answers,Paste answers,"CSAT %, CES average, distribution",Each survey wave,"customer satisfaction survey (4,400); customer satisfaction index meaning (3,600)",4400,21,3,CSV,Vendor calculators,Best as a second tab on the NPS page,no,Vendors,3,3,2,4,5,64,fold into the NPS calculator,csat calculator; how to calculate csat
51,later,,Focus order and keyboard checklist,Accessibility,Accessibility specialist; product designer; QA,"Walk a page with a checklist for focus order, visible focus and keyboard traps",Ticks as you test,A pass/fail report with the WCAG criterion on each line; markdown,Every release test,"wcag accessibility (5,400 KD 62); accessibility checker (4,400 KD 76)",,,5,Markdown for Jira,A11Y Project checklist; WebAIM WCAG checklist,A tickable report rather than a reading list,no,Strong sites hold it,3,3,2,4,5,64,,wcag checklist; accessibility checklist; keyboard accessibility testing
52,later,,Freemium conversion model,Growth and pricing,Founder; growth lead,Model how many free users you need for a revenue target,"Signups per month, activation and conversion rates, price, churn",Paying users and revenue over 24 months; the conversion rate that hits the target,Planning season,freemium conversion rate (no data),,,6,CSV,Spreadsheet models,Rare as a free web tool,no,Articles,3,2,4,4,3,64,,freemium conversion rate; free to paid conversion rate
53,later,,Funnel conversion calculator,Growth and pricing,Growth lead; product analyst; product marketer,See step and overall conversion and where the biggest drop is,Counts at each funnel step,"Step and cumulative conversion, the biggest drop highlighted, what a 10% lift at each step would add",Weekly growth reviews,"marketing funnel (9,900, a definition search); sales funnel stages (720)",720,33,4,CSV; PNG,SaaS lead magnets,The what-if on each step shows where to work,no,Definition intent at the head,3,2,3,4,5,64,,funnel conversion rate calculator; conversion rate calculator
54,later,,Journey map grid builder,UX research,Product designer; UX researcher; product marketer,"Lay out stages, actions, thoughts, feelings and opportunities as a clean grid",Stages and rows as text,"A printable journey map with an emotion line; PNG, SVG and CSV",Workshops and discovery,"customer journey map template (1,000); journey map template (590)",1000,19,10,SVG for Figma; CSV,"Miro, Figma community and Canva templates","Text in, drawing out; no canvas skills needed",no,Template galleries likely; needs a page-one check,3,3,2,5,3,64,,journey map maker; customer journey map generator; journey map template
55,fold,,Line height calculator,UI design,UI designer; front-end engineer,Snap line heights to a 4px grid for every size,"Font sizes, base grid","Line heights in px and unitless, snapped to the grid",Type setup,line height calculator (no data),,,3,CSS; Figma,Small calculator sites,Fold into the type scale generator,no,Unknown,3,2,3,4,5,64,fold into the type scale generator,line height calculator; best line height for body text
56,later,,"Market size (TAM, SAM, SOM) calculator",Product strategy,Founder; product manager,Estimate market size bottom up,"Number of customers, price, reachable share","TAM, SAM, SOM with the working shown",Pitch decks and business cases,tam sam som (no data),,,4,Text; slide numbers,Investor blog calculators,"Bottom-up only, working shown",no,Unknown,3,3,3,3,5,64,,tam sam som calculator; market size calculator
57,later,,Meeting cost calculator,Product management,Engineering manager; product manager; founder; scrum master,Show what a meeting costs per session and per year,"People and rough salaries or roles, length, how often","Cost per meeting and per year, cost per minute, a line for the calendar invite",Recurring-meeting audits; easy to share,meeting cost calculator (no data),,,3,Text for the invite,Omni Calculator; Fellow; Koalendar,Recovery time and a yearly view per recurring meeting; but the field is crowded,yes,Many SaaS lead magnets; small sites appear,3,3,2,4,5,64,,meeting cost calculator
58,later,,Metric definition card,Product metrics,Product analyst; product manager,Write a metric definition everyone reads the same way,"Name, formula, source, filters, owner",A definition card in markdown with a checklist,Each new KPI,"kpi examples (14,800); kpi metrics (2,900)",14800,43,4,Markdown for the wiki,Data catalog tools,A shared format for metrics,no,Article intent,3,2,3,4,5,64,,kpi template; metric definition template
59,later,,Price sensitivity analyzer (Van Westendorp),Growth and pricing,Pricing lead; product marketer; founder,Find an acceptable price range from four survey questions,Paste the four price answers per respondent,"The four curves, the optimal and indifference price points, the acceptable range, a chart",Each pricing study,van westendorp (no data),,,8,CSV in; PNG out,MetricGate; Conjointly Excel template; an R package,A free paste-in chart with a plain explanation and a sample-size warning,yes,A handful of tools and guides; open,3,2,4,4,3,64,,van westendorp calculator; price sensitivity meter
60,later,,Price tier builder,Growth and pricing,Founder; pricing lead; product marketer,"Sketch good, better, best tiers and check the gaps between them","Features, value metric, price points","Tier table, price ratios between tiers, warnings (too close, too much in the bottom tier); HTML and markdown",Pricing reviews,"tiered pricing strategy (210); pricing strategy (6,600, a definition search)",210,19,8,Markdown; HTML table,Pricing page galleries,"Checks, not just a table",no,Articles,3,2,4,4,3,64,,pricing tiers; tiered pricing; saas pricing tiers
61,later,,Retro format picker,Project management,Scrum master; delivery lead,Pick a retrospective format for the team's mood and time box,"Team size, time, mood (tired, tense, upbeat), remote or in the room",A format with a timed agenda and prompts; copy for Miro or Confluence,Every sprint,sprint retrospective (no data),,,5,Markdown,Retromat; EasyRetro templates,Matches the format to mood and time; Retromat picks at random,no,Retromat and vendors,3,3,2,4,5,64,,retrospective ideas; sprint retrospective formats; retro template
62,later,,Value proposition canvas,Product marketing,Product manager; product marketer; founder,Fill a value proposition canvas and check the fit,"Jobs, pains, gains; products, pain relievers, gain creators",The canvas drawing with fit lines; PNG and markdown,Discovery and launch prep,"value proposition (22,200, a definition search); value proposition example (1,600)",1600,26,8,PNG; markdown,Strategyzer (owner of the canvas); Miro templates,Strategyzer owns the name; ours would be the fit check,no,Strategyzer and templates,3,3,2,5,3,64,,value proposition canvas template; value proposition canvas
63,later,,Affinity map sorter,UX research,UX researcher; product designer; product manager,Turn a pile of interview notes into rough groups to start synthesis,"Paste notes, one per line, optional tags","Notes grouped by shared words and tags, drag to fix, export as CSV or a markdown outline",Every study's synthesis day,affinity diagram; affinity map (no data; 'affinity designer' pollutes the store),,,12,CSV and markdown for FigJam or Miro,FigJam and Miro boards; Dovetail (paid),"A fast first pass in the browser with no account and no upload; plain word matching, not AI",no,Unknown,3,2,3,5,2,62,,affinity map; affinity diagram; affinity mapping tool; affinity diagram generator
64,later,,Breakpoint and layout grid calculator,UI design,UI designer; front-end engineer,"Work out column widths, gutters and margins for each breakpoint","Breakpoints, columns, gutter, margin","Column width per breakpoint, CSS grid code, a Figma layout-grid table",New layouts and redesigns,grid system in graphic design (880),880,4,6,CSS; Figma grid settings,gridcalculator.dk; Figma layout grids,One table for all breakpoints with the matching Figma settings,no,Unknown,3,2,3,4,4,62,,grid calculator; responsive breakpoints; css grid generator
65,later,,Competitive feature matrix,Product marketing,Product manager; product marketer,Lay out a feature comparison and see where you lead or trail,Competitors and features with marks,A comparison grid image and a gap summary,Quarterly,competitive analysis template (no data),,,5,PNG; markdown table,Template galleries,A gap summary,no,Templates,3,3,2,4,4,62,,competitive analysis template; feature comparison chart
66,later,,Dashboard chart picker,UI design,Product designer; product analyst,Pick the right chart for the comparison you want to show,"What you compare (over time, parts of a whole, ranking, distribution), number of series","Recommended chart, what to avoid, a small example",Each dashboard design,"dashboard design (5,400); dashboard examples (1,900)",5400,24,5,Text,"Chart catalogues (Data Viz Catalogue, FT Visual Vocabulary)","Product-metric examples (funnels, cohorts) instead of general charts",no,Article intent at the head,3,2,3,4,4,62,,chart chooser; which chart to use
67,later,,Stakeholder map,Leadership and teams,Product manager; delivery lead; founder,Place stakeholders on a power and interest grid and plan how to engage each,Names with power and interest scores,The grid as an image and a contact plan table,Every new initiative,project management stakeholder map (110),110,26,5,PNG; markdown,Miro and Lucid templates,A plan table attached to the grid,no,Templates,3,2,3,4,4,62,,stakeholder map template; stakeholder mapping
68,later,,Three-point estimate (PERT) calculator,Project management,Delivery lead; engineering manager; product manager,"Turn optimistic, likely and pessimistic guesses into an estimate with a range",Three estimates per task,"PERT mean, spread, total with an 85% range",Project planning,three point estimate (no data),,,3,CSV,Calculator sites,"Totals a task list, not one task",no,Calculator sites,3,3,2,3,5,60,,pert calculator; three point estimate
69,park,,Planning poker (local),Project management,Scrum master; product owner,Run an estimation round with cards,"Players, deck (Fibonacci, t-shirt)","Revealed votes, spread, agreed estimate",Every refinement session,planning poker (no data),,,20,Text,"planningpokeronline, Parabol, EasyRetro","Real-time voting needs a server, which breaks the no-dependency rule; park",no,Crowded with free SaaS,4,3,1,4,1,58,park: real-time voting needs a server,planning poker
70,later,,Readability checker for UI and docs,UX design,UX writer; product marketer; product manager,"See the reading grade of help text, onboarding or a PRD",Paste text,"Grade level, long sentences highlighted, hard words with plain swaps",Every help article and release note,readability checker (no data),,,5,Text,Hemingway Editor; readable.com,A swap list tuned to product jargon; otherwise a crowded field,no,Established tools hold it,3,3,2,3,4,58,,readability checker; readability score; flesch kincaid calculator
71,park,,Research participant incentive calculator,UX research,UX researcher; research ops,Set a fair incentive for a session,"Session length, audience (consumer, professional, specialist), remote or in person",Suggested range and a budget for the whole study,Every recruit and budget sign-off,user research incentive calculator (no data),,,4,Spreadsheet row for the budget,User Interviews incentive calculator (built on its own project data),Weak: the recruiting vendors own the data; ours would rest on published rates,yes,"Held by recruiting vendors (User Interviews, Respondent, Rally, Entropik)",3,2,2,4,4,58,park: the recruiting vendors own the data,ux research incentive calculator; user research incentives
72,later,,Icon size and stroke calculator,UI design,UI designer; design system lead,"Pick icon sizes, padding and stroke weights that stay consistent across sizes","Base icon size, grid, stroke","Size set (16, 20, 24, 32), live area, stroke per size, export table",Icon set work,icon sizes (no data),,,4,Figma table,Material icon guidelines,A small niche,no,Guidelines,2,1,4,4,5,58,,icon size guidelines; icon grid
73,later,,Stickiness calculator (DAU/MAU),Product metrics,Product analyst; product manager,Compute DAU/MAU from counts and compare with typical ranges,Daily and monthly active users,Stickiness ratio with ranges by product type,Monthly review,dau mau ratio (no data),,,3,Text,Analytics vendors,Small,no,Vendors,2,2,3,4,5,58,,dau mau ratio; stickiness ratio
74,park,,Aspect ratio calculator,UI design,UI designer; product designer; product marketer,"Resize an image or frame keeping the ratio, and name the ratio","Width and height, or a ratio and one side","The other side, the simplified ratio, a CSS aspect-ratio line",Constant small use,"aspect ratio calculator (no data); golden ratio number (2,400)",,,2,CSS,calculator.net and many others,A crowded utility; fine as a quiet extra,no,Crowded utility,3,4,1,2,5,56,park: crowded utility,aspect ratio calculator
75,fold,,"px, rem and em converter",UI design,Front-end engineer; UI designer,"Convert between px, rem, em and pt",A value and the root size,All units; a table for a whole scale,Daily for some,px to rem (no data),,,2,CSS,Many developer sites,Crowded; only as part of the type scale generator,no,Crowded utility,3,4,1,2,5,56,fold into the type scale generator,px to rem; rem to px
76,later,,Burn-down chart maker,Project management,Scrum master; product owner,Draw a burn-down or burn-up from daily remaining work,Daily remaining points or tasks,Chart with the ideal line; PNG and SVG,Every sprint for teams without tooling,burndown chart (no data),,,5,PNG for slides,Jira built-in; spreadsheet templates,Useful only to teams without Jira,no,Articles and Atlassian,2,3,2,4,4,56,,burndown chart; burndown chart template; burn up chart
77,later,,Opportunity score calculator,Product strategy,Product manager; UX researcher,Score outcomes by importance and satisfaction to find underserved needs,Importance and satisfaction ratings,"Opportunity scores, a ranked list, a scatter chart",Each needs survey,opportunity score (no data),,,5,CSV,Templates,Rare as a free tool,no,Unknown,2,1,4,4,4,56,,opportunity score formula; outcome driven innovation
78,later,,Pricing page copy checker,Growth and pricing,Product marketer; founder,Check a pricing page draft for the common mistakes,"Paste tier names, prices, feature lines","Flags (no recommended tier, feature names users will not know, no annual price) with fix hints",Each pricing change,pricing page (no data),,,5,Text,Agency checklists,A rule-based check; low demand,no,Unknown,2,1,4,4,4,56,,pricing page best practices
79,park,,Mission and vision statement builder,Leadership and teams,Founder; product leader,Draft a mission and a vision and test them against simple rules,"Who you serve, what you do, the change you want","Drafts in standard forms, length and jargon checks",Rare (yearly),"mission statement (22,200); mission statement examples (12,100); vision statement examples (6,600)",22200,37,4,Text,Many AI generators and template sites,"High demand but generic, rare use and far from the core reader",no,Crowded with generators and big brands,2,5,1,2,5,54,park: big demand but generic and rare use,mission statement generator
80,later,,RACI builder,Leadership and teams,Product manager; delivery lead; engineering manager,"Assign who is responsible, accountable, consulted and informed",Tasks and people,"RACI table with checks (one A per row), CSV",Project start,raci chart (no data),,,4,CSV; markdown,Spreadsheet templates,Validation rules,no,Templates,2,3,2,3,5,54,,raci chart template; raci matrix
81,park,,Discount break-even calculator,Growth and pricing,Pricing lead; founder,See how much more volume a discount needs to keep profit flat,"Price, margin, discount",Break-even volume increase,Promotions,(no data),,,3,Text,Finance calculator sites,Small and generic,no,Finance sites,2,2,2,3,5,50,park: generic finance,discount break even calculator
82,park,,Offer comparer for product roles,Leadership and teams,Product manager; product designer,Compare two job offers on total yearly value,"Base, bonus, equity, benefits",Side-by-side yearly value,Rare,"product management jobs (3,600, a job search)",,,5,Text,Levels.fyi,Weak; Levels.fyi owns it,no,Big players,2,3,1,2,4,44,"park: off the core reader, Levels.fyi owns it",
